-- MySQL dump 10.13  Distrib 9.2.0, for macos14.7 (arm64)
--
-- Host: localhost    Database: seleksi_lab_basdat_warehouse_new
-- ------------------------------------------------------
-- Server version	9.2.0

/*!40101 SET @OLD_CHARACTER_SET_CLIENT=@@CHARACTER_SET_CLIENT */;
/*!40101 SET @OLD_CHARACTER_SET_RESULTS=@@CHARACTER_SET_RESULTS */;
/*!40101 SET @OLD_COLLATION_CONNECTION=@@COLLATION_CONNECTION */;
/*!50503 SET NAMES utf8mb4 */;
/*!40103 SET @OLD_TIME_ZONE=@@TIME_ZONE */;
/*!40103 SET TIME_ZONE='+00:00' */;
/*!40014 SET @OLD_UNIQUE_CHECKS=@@UNIQUE_CHECKS, UNIQUE_CHECKS=0 */;
/*!40014 SET @OLD_FOREIGN_KEY_CHECKS=@@FOREIGN_KEY_CHECKS, FOREIGN_KEY_CHECKS=0 */;
/*!40101 SET @OLD_SQL_MODE=@@SQL_MODE, SQL_MODE='NO_AUTO_VALUE_ON_ZERO' */;
/*!40111 SET @OLD_SQL_NOTES=@@SQL_NOTES, SQL_NOTES=0 */;

--
-- Table structure for table `dim_community`
--

DROP TABLE IF EXISTS `dim_community`;
/*!40101 SET @saved_cs_client     = @@character_set_client */;
/*!50503 SET character_set_client = utf8mb4 */;
CREATE TABLE `dim_community` (
  `community_id` int NOT NULL,
  `community_name` varchar(255) DEFAULT NULL,
  `member` int DEFAULT NULL,
  PRIMARY KEY (`community_id`)
) ENGINE=InnoDB DEFAULT CHARSET=utf8mb4 COLLATE=utf8mb4_0900_ai_ci;
/*!40101 SET character_set_client = @saved_cs_client */;

--
-- Dumping data for table `dim_community`
--

LOCK TABLES `dim_community` WRITE;
/*!40000 ALTER TABLE `dim_community` DISABLE KEYS */;
INSERT INTO `dim_community` VALUES (1,'Dropping a Banger',71000),(2,'studio arsenic',70000),(3,'Frontman\'s Squid Gang',30000),(4,'Century Survivors',189000),(5,'Project Championship',370),(6,'Three Piggys!',50000),(7,'@silky_dev',0),(8,'Bad Skeleton',107000),(9,'@TXYW1',0),(10,'Current x Blackstar',798000),(11,'Your Pet!',276000),(12,'Minimalist colors',17000),(13,'junkcels',18000),(14,'@logitech101',0),(15,'Bank of Robloxia',24000),(16,'Volleyball Game Group',2000000),(17,'@haz3mn',0),(18,'larvae studios',139000),(19,'MY FISH FRIEND',1000000),(20,'Gold Rush Games',868000),(21,'redifi',2000000),(22,'Out of Blox',58000),(23,'@iDracius',0),(24,'UnspokenWords',33000),(25,'Taco Dev',149000),(26,'@HooHaughYahaa',0),(27,'BestBunny',8000000),(28,'@antilaarr',0),(29,'Cartoon Network Games',106),(30,'Daybreaker',274000),(31,'goog.',14000),(32,'Promise Development',8195),(33,'@Hungerkid200',0),(34,'Select an Image from Your Computer Studios',36000),(35,'Whirlpool Studio',561000),(36,'Lottus Studio',2297),(37,'ColdWorld Visuals',76000),(38,'다양한 음식점들',327000),(39,'SL2 Games',49000),(40,'MetaPlay Games',1000000),(41,'1v2 Studios',1000000),(42,'Cryptid Horror',84000),(43,'@Spawted',0),(44,'@MiniToon',0),(45,'Grogulation Studios',4593),(46,'MiaoMeoHome',2000000),(47,'What A Nice Tree',1529),(48,'Devolty Games',1000000),(49,'@CheechSC',0),(50,'InfinityInteractive',3000000),(51,'I make random games',609000),(52,'@Onett',0),(53,'ΞGO',1000000),(54,'@bruceywayne',0),(55,'Town of Deermont',30000),(56,'NMD Community',22000),(57,'Exply Studios',909000),(58,'blu\'s buds',1000000),(59,'@8DSK',0),(60,'@seriif',0),(61,'StyLiS Studios',897000),(62,'DIG Development',132000),(63,'Zaku\'s Games',77000),(64,'Badimo',3000000),(65,'Current.',12000000),(66,'Tiny Wheels',5970),(67,'@xendatro',0),(68,'Lazy Dog Developer Group',1000000),(69,'@gojy41',0),(70,'Fyer Studios',5636),(71,'Byteonix',3000000),(72,'Cup_Family',76000),(73,'aesthetic obbys',7858),(74,'Emergency Hamburg',664000),(75,'The Random Developers!',4784),(76,'Dreadworks Studio',232000),(77,'God Bless Zak 5',2000000),(78,'Hexagon Development Community',3000000),(79,'wrldstar ent',481000),(80,'Whimco',23000),(81,'cadictt productions',20000),(82,'Step by step.',4733),(83,'@Smellysuperfart',0),(84,'Chesapeake Studios',91000),(85,'RoVSRG',4658),(86,'Dualpoint Interactive',159000),(87,'Gir Laboratory',761),(88,'PlayPixel',196000),(89,'Doge Cloud',145000),(90,'JumpROPE!',232000),(91,'LankyDevs',69000),(92,'AoTR [PI]',1000000),(93,'Freshly Shopping UK',301000),(94,'STUDIO 04',8986),(95,'Rawblocky',164000),(96,'MIKETING Studios',279000),(97,'Golden Crusted Steak Studios',0),(98,'@Huk779',0),(99,'Super super funny games',3771),(100,'Hoii :P',117000),(101,'boring box',10000),(102,'Digital Piano Org.',78000),(103,'CONECORP',10000),(104,'@rtdfhfs124',0),(105,'Crimson Exit',7609),(106,'Fat Car Studios',54000),(107,'Fissy Games',93000),(108,'Krabby Krew',2000000),(109,'Firebrand Games',78),(110,'| Flipping Frogs |',688000),(111,'ZO by Voldex',850000),(112,'YUМ',6000000),(113,'JJ Game Creations',38000),(114,'EOM STUDIO',2000000),(115,'sol\'s studio',9000000),(116,'arashiyama',1000000),(117,'specil studios Deluxe',8191),(118,'Rock Fort Lines',30000),(119,'Wiggity.',24000000),(120,'SpinMaster',87000),(121,'SplashDev',209000),(122,'Bridge Entertainment',14000),(123,'Swansa X Peaceful Play',2000000),(124,'Bob\'s Supermarket',379000),(125,'Weapon Kingdom',1000000),(126,'Paradoxum Games',6000000),(127,'Police Roleplay Community',1000000),(128,'Checho\'s Deltarune RP',20000),(129,'Mousetrap Studios',432000),(130,'EscapeLovers',5838),(131,'THEAM STUDIOS',1000000),(132,'@itsMuneeeb',0),(133,'New ProjectR',270000),(134,'Shoeless Studios',216000),(135,'Yielding Arts',17000000),(136,'Lake County Stables',106000),(137,'Ming\'s Pick',320000),(138,'Nomo Falls',438000),(139,'wunmo',1000000),(140,'Old A Bizarre Day Community',3929),(141,'Garden Quiz',64000),(142,'@REALW0WSTAR',0),(143,'King x Matty',62000),(144,'@LINDON55',0),(145,'Tze\'s Shenanigans',1000000),(146,'Cookie’s basement :)',15000),(147,'Majas Studio',404),(148,'Sors Studio',95000),(149,'[B:S] ALS Team',2000000),(150,'BERSERK DRIFT 2 Group',18000),(151,'Do Huge Games',245000),(152,'Grandma\'s Favourite Games',943000),(153,'Hug Playworks',250000),(154,'Railway Engineering Studios',53000),(155,'@johnpcps',0),(156,'Survival Odyssey',65000),(157,'Ezra\'s Troll Towers',33000),(158,'Akio.gg',35000),(159,'Budget Gaming',9629),(160,'FORTLINE Productions',233000),(161,'Rumble Studios',10000000),(162,'Brainrot Evolution',4000000),(163,'@NickPatella',0),(164,'@Ma1e',0),(165,'Forsaken Dev Team',1000000),(166,'Copyrend\'s Community',1000000),(167,'MAD STUDIO',243000),(168,'Sea King Games',1000000),(169,'Martial Arts Inc',35000),(170,'@edgarevaristo',0),(171,'FLOPTROPICANZ',20000),(172,'Magic Box Games',570000),(173,'Redcliff City RP',443000),(174,'Fishing League',142000),(175,'Studio Serenity',1000000),(176,'Game Thing',84000),(177,'Ready, set, more!',2000000);
/*!40000 ALTER TABLE `dim_community` ENABLE KEYS */;
UNLOCK TABLES;

--
-- Table structure for table `dim_country`
--

DROP TABLE IF EXISTS `dim_country`;
/*!40101 SET @saved_cs_client     = @@character_set_client */;
/*!50503 SET character_set_client = utf8mb4 */;
CREATE TABLE `dim_country` (
  `country_id` int NOT NULL,
  `country` varchar(100) DEFAULT NULL,
  PRIMARY KEY (`country_id`)
) ENGINE=InnoDB DEFAULT CHARSET=utf8mb4 COLLATE=utf8mb4_0900_ai_ci;
/*!40101 SET character_set_client = @saved_cs_client */;

--
-- Dumping data for table `dim_country`
--

LOCK TABLES `dim_country` WRITE;
/*!40000 ALTER TABLE `dim_country` DISABLE KEYS */;
/*!40000 ALTER TABLE `dim_country` ENABLE KEYS */;
UNLOCK TABLES;

--
-- Table structure for table `dim_date`
--

DROP TABLE IF EXISTS `dim_date`;
/*!40101 SET @saved_cs_client     = @@character_set_client */;
/*!50503 SET character_set_client = utf8mb4 */;
CREATE TABLE `dim_date` (
  `date` date NOT NULL,
  `day` int DEFAULT NULL,
  `month` int DEFAULT NULL,
  `quarter` int DEFAULT NULL,
  `semester` int DEFAULT NULL,
  `year` int DEFAULT NULL,
  PRIMARY KEY (`date`)
) ENGINE=InnoDB DEFAULT CHARSET=utf8mb4 COLLATE=utf8mb4_0900_ai_ci;
/*!40101 SET character_set_client = @saved_cs_client */;

--
-- Dumping data for table `dim_date`
--

LOCK TABLES `dim_date` WRITE;
/*!40000 ALTER TABLE `dim_date` DISABLE KEYS */;
INSERT INTO `dim_date` VALUES ('2025-07-24',24,7,3,2,2025);
/*!40000 ALTER TABLE `dim_date` ENABLE KEYS */;
UNLOCK TABLES;

--
-- Table structure for table `dim_game`
--

DROP TABLE IF EXISTS `dim_game`;
/*!40101 SET @saved_cs_client     = @@character_set_client */;
/*!50503 SET character_set_client = utf8mb4 */;
CREATE TABLE `dim_game` (
  `game_id` bigint NOT NULL,
  `title` varchar(255) DEFAULT NULL,
  `date_created` date DEFAULT NULL,
  `last_updated` date DEFAULT NULL,
  `genre_id` int DEFAULT NULL,
  `url` text,
  `community_id` int DEFAULT NULL,
  `country_id` int DEFAULT NULL,
  PRIMARY KEY (`game_id`),
  KEY `community_id` (`community_id`),
  KEY `country_id` (`country_id`),
  CONSTRAINT `dim_game_ibfk_1` FOREIGN KEY (`community_id`) REFERENCES `dim_community` (`community_id`),
  CONSTRAINT `dim_game_ibfk_2` FOREIGN KEY (`country_id`) REFERENCES `dim_country` (`country_id`)
) ENGINE=InnoDB DEFAULT CHARSET=utf8mb4 COLLATE=utf8mb4_0900_ai_ci;
/*!40101 SET character_set_client = @saved_cs_client */;

--
-- Dumping data for table `dim_game`
--

LOCK TABLES `dim_game` WRITE;
/*!40000 ALTER TABLE `dim_game` DISABLE KEYS */;
INSERT INTO `dim_game` VALUES (45659278,'PARTY.exe','2011-02-06','2025-07-20',5,'https://www.roblox.com/games/45659278/PARTY-exe?appliedFilters=device%253Dcomputer%252Cage%253Dall%252Ccountry%253Dall&discoverPageSessionInfo=01c05573-f673-4a65-9599-7527054a25ec&gameSetTargetId=652&gameSetTypeId=23&isAd=false&nativeAdData=&numberOfLoadedTiles=78&page=gamesPage&placeId=45659278&playContext=gamesPage&position=21&sortPos=16&universeId=2988214',59,NULL),(71315343,'Dragon Ball Rage','2012-01-30','2025-07-18',11,'https://www.roblox.com/games/71315343/Dragon-Ball-Rage?appliedFilters=device%253Dcomputer%252Cage%253Dall%252Ccountry%253Dall&discoverPageSessionInfo=01c05573-f673-4a65-9599-7527054a25ec&gameSetTargetId=658&gameSetTypeId=23&isAd=false&nativeAdData=&numberOfLoadedTiles=73&page=gamesPage&placeId=71315343&playContext=gamesPage&position=71&sortPos=12&universeId=98929893',23,NULL),(131679415,'ROBLOX At War 4','2013-10-05','2025-07-18',7,'https://www.roblox.com/games/131679415/ROBLOX-At-War-4?appliedFilters=device%253Dcomputer%252Cage%253Dall%252Ccountry%253Dall&discoverPageSessionInfo=01c05573-f673-4a65-9599-7527054a25ec&gameSetTargetId=660&gameSetTypeId=23&isAd=false&nativeAdData=&numberOfLoadedTiles=52&page=gamesPage&placeId=131679415&playContext=gamesPage&position=40&sortPos=14&universeId=44532244',33,NULL),(137877687,'RoCitizens','2013-12-06','2025-07-22',13,'https://www.roblox.com/games/137877687/RoCitizens?appliedFilters=device%253Dcomputer%252Cage%253Dall%252Ccountry%253Dall&discoverPageSessionInfo=01c05573-f673-4a65-9599-7527054a25ec&gameSetTargetId=673&gameSetTypeId=23&isAd=false&nativeAdData=&numberOfLoadedTiles=90&page=gamesPage&placeId=137877687&playContext=gamesPage&position=55&sortPos=11&universeId=63951305',109,NULL),(233727153,'Piano Keyboard v1.1','2015-04-04','2025-03-06',15,'https://www.roblox.com/games/233727153/Piano-Keyboard-v1-1?discoverPageSessionInfo=01c05573-f673-4a65-9599-7527054a25ec&gameSetTargetId=668&gameSetTypeId=23&isAd=false&nativeAdData=&numberOfLoadedTiles=58&page=gamesPage&placeId=233727153&playContext=gamesPage&position=56&sortPos=9&universeId=100169684',163,NULL),(292439477,'[Belgian National Day] Phantom Forces','2015-08-31','2025-07-21',7,'https://www.roblox.com/games/292439477/Belgian-National-Day-Phantom-Forces?appliedFilters=device%253Dcomputer%252Cage%253Dall%252Ccountry%253Dall&discoverPageSessionInfo=01c05573-f673-4a65-9599-7527054a25ec&gameSetTargetId=660&gameSetTypeId=23&isAd=false&nativeAdData=&numberOfLoadedTiles=52&page=gamesPage&placeId=292439477&playContext=gamesPage&position=18&sortPos=14&universeId=113491250',61,NULL),(299659045,'test place','2015-09-21','2025-07-21',7,'https://www.roblox.com/games/299659045/test-place?appliedFilters=device%253Dcomputer%252Cage%253Dall%252Ccountry%253Dall&discoverPageSessionInfo=01c05573-f673-4a65-9599-7527054a25ec&gameSetTargetId=660&gameSetTypeId=23&isAd=false&nativeAdData=&numberOfLoadedTiles=52&page=gamesPage&placeId=299659045&playContext=gamesPage&position=20&sortPos=14&universeId=115272207',61,NULL),(381674682,'Wheres the Baby','2016-03-13','2020-12-20',1,'https://www.roblox.com/games/381674682/Wheres-the-Baby?appliedFilters=device%253Dcomputer%252Cage%253Dall%252Ccountry%253Dall&discoverPageSessionInfo=01c05573-f673-4a65-9599-7527054a25ec&gameSetTargetId=656&gameSetTypeId=23&isAd=false&nativeAdData=&numberOfLoadedTiles=82&page=gamesPage&placeId=381674682&playContext=gamesPage&position=66&sortPos=19&universeId=143384880',83,NULL),(404729070,'TreeLands Legacy','2016-04-25','2022-07-30',8,'https://www.roblox.com/games/404729070/TreeLands-Legacy?discoverPageSessionInfo=01c05573-f673-4a65-9599-7527054a25ec&gameSetTargetId=669&gameSetTypeId=23&isAd=false&nativeAdData=&numberOfLoadedTiles=62&page=gamesPage&placeId=404729070&playContext=gamesPage&position=44&sortPos=7&universeId=152631806',107,NULL),(601239270,'Mint Tycoon [BETA]','2017-01-05','2024-07-21',8,'https://www.roblox.com/games/601239270/Mint-Tycoon-BETA?discoverPageSessionInfo=01c05573-f673-4a65-9599-7527054a25ec&gameSetTargetId=669&gameSetTypeId=23&isAd=false&nativeAdData=&numberOfLoadedTiles=62&page=gamesPage&placeId=601239270&playContext=gamesPage&position=34&sortPos=7&universeId=242453665',15,NULL),(606849621,'Jailbreak','2017-01-06','2025-07-13',6,'https://www.roblox.com/games/606849621/Jailbreak?appliedFilters=device%253Dcomputer%252Cage%253Dall%252Ccountry%253Dall&discoverPageSessionInfo=01c05573-f673-4a65-9599-7527054a25ec&gameSetTargetId=223&gameSetTypeId=23&isAd=false&nativeAdData=&numberOfLoadedTiles=90&page=gamesPage&placeId=606849621&playContext=gamesPage&position=38&sortPos=10&universeId=245662005',64,NULL),(662417684,'LUCKY BLOCKS Battlegrounds','2017-02-19','2025-04-17',6,'https://www.roblox.com/games/662417684/LUCKY-BLOCKS-Battlegrounds?appliedFilters=device%253Dcomputer%252Cage%253Dall%252Ccountry%253Dall&discoverPageSessionInfo=01c05573-f673-4a65-9599-7527054a25ec&gameSetTargetId=651&gameSetTypeId=23&isAd=false&nativeAdData=&numberOfLoadedTiles=74&page=gamesPage&placeId=662417684&playContext=gamesPage&position=21&sortPos=15&universeId=279565647',7,NULL),(845649531,'Would You Rather..','2017-05-31','2025-06-20',1,'https://www.roblox.com/games/845649531/Would-You-Rather?appliedFilters=device%253Dcomputer%252Cage%253Dall%252Ccountry%253Dall&discoverPageSessionInfo=01c05573-f673-4a65-9599-7527054a25ec&gameSetTargetId=656&gameSetTypeId=23&isAd=false&nativeAdData=&numberOfLoadedTiles=82&page=gamesPage&placeId=845649531&playContext=gamesPage&position=63&sortPos=19&universeId=350059755',175,NULL),(863266079,'Apocalypse Rising 2','2017-06-11','2025-07-23',6,'https://www.roblox.com/games/863266079/Apocalypse-Rising-2?appliedFilters=device%253Dcomputer%252Cage%253Dall%252Ccountry%253Dall&discoverPageSessionInfo=01c05573-f673-4a65-9599-7527054a25ec&gameSetTargetId=238&gameSetTypeId=23&isAd=false&nativeAdData=&numberOfLoadedTiles=87&page=gamesPage&placeId=863266079&playContext=gamesPage&position=22&sortPos=1&universeId=358276974',86,NULL),(1537690962,'Bee Swarm Simulator','2018-03-21','2025-07-01',8,'https://www.roblox.com/games/1537690962/Bee-Swarm-Simulator?appliedFilters=device%253Dcomputer%252Cage%253Dall%252Ccountry%253Dall&discoverPageSessionInfo=01c05573-f673-4a65-9599-7527054a25ec&gameSetTargetId=223&gameSetTypeId=23&isAd=false&nativeAdData=&numberOfLoadedTiles=90&page=gamesPage&placeId=1537690962&playContext=gamesPage&position=50&sortPos=10&universeId=601130232',52,NULL),(2534724415,'Emergency Response Liberty County','2018-11-01','2025-07-22',13,'https://www.roblox.com/games/2534724415/Emergency-Response-Liberty-County?appliedFilters=device%253Dcomputer%252Cage%253Dall%252Ccountry%253Dall&discoverPageSessionInfo=01c05573-f673-4a65-9599-7527054a25ec&gameSetTargetId=237&gameSetTypeId=23&isAd=false&nativeAdData=&numberOfLoadedTiles=80&page=gamesPage&placeId=2534724415&playContext=gamesPage&position=57&sortPos=5&universeId=903807016',127,NULL),(2797140616,'Itty Bitty Railway [DUAL TRAINS]','2019-01-30','2025-07-15',8,'https://www.roblox.com/games/2797140616/Itty-Bitty-Railway-DUAL-TRAINS?discoverPageSessionInfo=01c05573-f673-4a65-9599-7527054a25ec&gameSetTargetId=669&gameSetTypeId=23&isAd=false&nativeAdData=&numberOfLoadedTiles=62&page=gamesPage&placeId=2797140616&playContext=gamesPage&position=16&sortPos=7&universeId=1012352727',25,NULL),(2872154782,'Chechos Deltarune RP','2019-02-19','2025-07-20',13,'https://www.roblox.com/games/2872154782/Chechos-Deltarune-RP?appliedFilters=device%253Dcomputer%252Cage%253Dall%252Ccountry%253Dall&discoverPageSessionInfo=01c05573-f673-4a65-9599-7527054a25ec&gameSetTargetId=659&gameSetTypeId=23&isAd=false&nativeAdData=&numberOfLoadedTiles=91&page=gamesPage&placeId=2872154782&playContext=gamesPage&position=55&sortPos=21&universeId=1039663363',NULL,NULL),(2913303231,'Obby Creator','2019-03-02','2025-05-20',8,'https://www.roblox.com/games/2913303231/Obby-Creator?appliedFilters=device%253Dcomputer%252Cage%253Dall%252Ccountry%253Dall&discoverPageSessionInfo=01c05573-f673-4a65-9599-7527054a25ec&gameSetTargetId=222&gameSetTypeId=23&isAd=false&nativeAdData=&numberOfLoadedTiles=70&page=gamesPage&placeId=2913303231&playContext=gamesPage&position=37&sortPos=4&universeId=1053132402',35,NULL),(3260590327,'[PVP]  Tower Defense Simulator','2019-06-05','2025-07-24',12,'https://www.roblox.com/games/3260590327/PVP-Tower-Defense-Simulator?appliedFilters=device%253Dcomputer%252Cage%253Dall%252Ccountry%253Dall&discoverPageSessionInfo=01c05573-f673-4a65-9599-7527054a25ec&gameSetTargetId=223&gameSetTypeId=23&isAd=false&nativeAdData=&numberOfLoadedTiles=90&page=gamesPage&placeId=3260590327&playContext=gamesPage&position=60&sortPos=10&universeId=1176784616',126,NULL),(4520749081,'[UPD 9] King Legacy','2019-12-17','2025-07-20',11,'https://www.roblox.com/games/4520749081/UPD-9-King-Legacy?appliedFilters=device%253Dcomputer%252Cage%253Dall%252Ccountry%253Dall&discoverPageSessionInfo=01c05573-f673-4a65-9599-7527054a25ec&gameSetTargetId=238&gameSetTypeId=23&isAd=false&nativeAdData=&numberOfLoadedTiles=87&page=gamesPage&placeId=4520749081&playContext=gamesPage&position=16&sortPos=1&universeId=1451439645',168,NULL),(4577486879,'MM2 Duels','2020-01-06','2025-04-05',6,'https://www.roblox.com/games/4577486879/MM2-Duels?appliedFilters=device%253Dcomputer%252Cage%253Dall%252Ccountry%253Dall&discoverPageSessionInfo=01c05573-f673-4a65-9599-7527054a25ec&gameSetTargetId=651&gameSetTypeId=23&isAd=false&nativeAdData=&numberOfLoadedTiles=74&page=gamesPage&placeId=4577486879&playContext=gamesPage&position=32&sortPos=15&universeId=1487374608',NULL,NULL),(4623386862,'Piggy [SPARKY SKIN]','2020-01-23','2025-07-24',3,'https://www.roblox.com/games/4623386862/Piggy-SPARKY-SKIN?appliedFilters=device%253Dcomputer%252Cage%253Dall%252Ccountry%253Dall&discoverPageSessionInfo=01c05573-f673-4a65-9599-7527054a25ec&gameSetTargetId=223&gameSetTypeId=23&isAd=false&nativeAdData=&numberOfLoadedTiles=90&page=gamesPage&placeId=4623386862&playContext=gamesPage&position=57&sortPos=10&universeId=1516533665',44,NULL),(4629209674,'RO-Scale Sandbox','2020-01-25','2025-07-05',8,'https://www.roblox.com/games/4629209674/RO-Scale-Sandbox?appliedFilters=device%253Dcomputer%252Cage%253Dall%252Ccountry%253Dall&discoverPageSessionInfo=01c05573-f673-4a65-9599-7527054a25ec&gameSetTargetId=237&gameSetTypeId=23&isAd=false&nativeAdData=&numberOfLoadedTiles=80&page=gamesPage&placeId=4629209674&playContext=gamesPage&position=31&sortPos=5&universeId=1520491885',118,NULL),(4640354700,'Ben 10 Super Hero Time','2020-01-29','2025-07-07',6,'https://www.roblox.com/games/4640354700/Ben-10-Super-Hero-Time?appliedFilters=device%253Dcomputer%252Cage%253Dall%252Ccountry%253Dall&discoverPageSessionInfo=01c05573-f673-4a65-9599-7527054a25ec&gameSetTargetId=651&gameSetTypeId=23&isAd=false&nativeAdData=&numberOfLoadedTiles=74&page=gamesPage&placeId=4640354700&playContext=gamesPage&position=37&sortPos=15&universeId=1527252839',29,NULL),(4651779470,'RECOIL','2020-02-02','2023-10-15',7,'https://www.roblox.com/games/4651779470/RECOIL?appliedFilters=device%253Dcomputer%252Cage%253Dall%252Ccountry%253Dall&discoverPageSessionInfo=01c05573-f673-4a65-9599-7527054a25ec&gameSetTargetId=660&gameSetTypeId=23&isAd=false&nativeAdData=&numberOfLoadedTiles=52&page=gamesPage&placeId=4651779470&playContext=gamesPage&position=22&sortPos=14&universeId=1534453623',8,NULL),(4936591712,'SPLASH  Skate  Music','2020-04-24','2025-07-23',4,'https://www.roblox.com/games/4936591712/SPLASH-Skate-Music?appliedFilters=device%253Dcomputer%252Cage%253Dall%252Ccountry%253Dall&discoverPageSessionInfo=01c05573-f673-4a65-9599-7527054a25ec&gameSetTargetId=664&gameSetTypeId=23&isAd=false&nativeAdData=&numberOfLoadedTiles=90&page=gamesPage&placeId=4936591712&playContext=gamesPage&position=78&sortPos=13&universeId=1692631458',121,NULL),(5098630929,'Tiny Wheels','2020-05-28','2025-07-24',4,'https://www.roblox.com/games/5098630929/Tiny-Wheels?appliedFilters=device%253Dcomputer%252Cage%253Dall%252Ccountry%253Dall&discoverPageSessionInfo=01c05573-f673-4a65-9599-7527054a25ec&gameSetTargetId=664&gameSetTypeId=23&isAd=false&nativeAdData=&numberOfLoadedTiles=90&page=gamesPage&placeId=5098630929&playContext=gamesPage&position=28&sortPos=13&universeId=1766958151',66,NULL),(5656754541,'World Tower Defense [1.16]','2020-09-06','2025-05-23',12,'https://www.roblox.com/games/5656754541/World-Tower-Defense-1-16?appliedFilters=device%253Dcomputer%252Cage%253Dall%252Ccountry%253Dall&discoverPageSessionInfo=01c05573-f673-4a65-9599-7527054a25ec&gameSetTargetId=237&gameSetTypeId=23&isAd=false&nativeAdData=&numberOfLoadedTiles=80&page=gamesPage&placeId=5656754541&playContext=gamesPage&position=71&sortPos=5&universeId=1990050272',34,NULL),(5683833663,'Ragdoll Engine','2020-09-12','2025-07-21',8,'https://www.roblox.com/games/5683833663/Ragdoll-Engine?appliedFilters=device%253Dcomputer%252Cage%253Dall%252Ccountry%253Dall&discoverPageSessionInfo=01c05573-f673-4a65-9599-7527054a25ec&gameSetTargetId=222&gameSetTypeId=23&isAd=false&nativeAdData=&numberOfLoadedTiles=70&page=gamesPage&placeId=5683833663&playContext=gamesPage&position=49&sortPos=4&universeId=2007050448',71,NULL),(6206310576,'[TRADING] Old A Bizarre Day','2021-01-08','2025-07-24',6,'https://www.roblox.com/games/6206310576/TRADING-Old-A-Bizarre-Day?appliedFilters=device%253Dcomputer%252Cage%253Dall%252Ccountry%253Dall&discoverPageSessionInfo=01c05573-f673-4a65-9599-7527054a25ec&gameSetTargetId=651&gameSetTypeId=23&isAd=false&nativeAdData=&numberOfLoadedTiles=74&page=gamesPage&placeId=6206310576&playContext=gamesPage&position=17&sortPos=15&universeId=2275514399',140,NULL),(6430630495,'Korean BBQ Restaurant [Preparing for a remake...]','2021-02-22','2025-06-30',13,'https://www.roblox.com/games/6430630495/Korean-BBQ-Restaurant-Preparing-for-a-remake?appliedFilters=device%253Dcomputer%252Cage%253Dall%252Ccountry%253Dall&discoverPageSessionInfo=01c05573-f673-4a65-9599-7527054a25ec&gameSetTargetId=659&gameSetTypeId=23&isAd=false&nativeAdData=&numberOfLoadedTiles=91&page=gamesPage&placeId=6430630495&playContext=gamesPage&position=48&sortPos=21&universeId=2394934836',38,NULL),(6589412525,'Rail Frenzy','2021-03-31','2025-05-01',1,'https://www.roblox.com/games/6589412525/Rail-Frenzy?appliedFilters=device%253Dcomputer%252Cage%253Dall%252Ccountry%253Dall&discoverPageSessionInfo=01c05573-f673-4a65-9599-7527054a25ec&gameSetTargetId=656&gameSetTypeId=23&isAd=false&nativeAdData=&numberOfLoadedTiles=82&page=gamesPage&placeId=6589412525&playContext=gamesPage&position=67&sortPos=19&universeId=2480517375',22,NULL),(6678877691,'ZO SAMURAI SWORD FIGHTING','2021-04-14','2025-07-12',6,'https://www.roblox.com/games/6678877691/ZO-SAMURAI-SWORD-FIGHTING?appliedFilters=device%253Dcomputer%252Cage%253Dall%252Ccountry%253Dall&discoverPageSessionInfo=01c05573-f673-4a65-9599-7527054a25ec&gameSetTargetId=222&gameSetTypeId=23&isAd=false&nativeAdData=&numberOfLoadedTiles=70&page=gamesPage&placeId=6678877691&playContext=gamesPage&position=45&sortPos=4&universeId=2516044547',111,NULL),(6722921118,'Color Book','2021-04-25','2025-07-21',1,'https://www.roblox.com/games/6722921118/Color-Book?appliedFilters=device%253Dcomputer%252Cage%253Dall%252Ccountry%253Dall&discoverPageSessionInfo=01c05573-f673-4a65-9599-7527054a25ec&gameSetTargetId=656&gameSetTypeId=23&isAd=false&nativeAdData=&numberOfLoadedTiles=82&page=gamesPage&placeId=6722921118&playContext=gamesPage&position=60&sortPos=19&universeId=2541236151',144,NULL),(6855783063,'[0.9.2]Batman Gotham Stories','2021-05-24','2025-04-06',14,'https://www.roblox.com/games/6855783063/0-9-2-Batman-Gotham-Stories?discoverPageSessionInfo=01c05573-f673-4a65-9599-7527054a25ec&gameSetTargetId=669&gameSetTypeId=23&isAd=false&nativeAdData=&numberOfLoadedTiles=62&page=gamesPage&placeId=6855783063&playContext=gamesPage&position=42&sortPos=7&universeId=2610672811',54,NULL),(6953291455,'Eating Simulator','2021-06-14','2025-05-06',8,'https://www.roblox.com/games/6953291455/Eating-Simulator?discoverPageSessionInfo=01c05573-f673-4a65-9599-7527054a25ec&gameSetTargetId=670&gameSetTypeId=23&isAd=false&nativeAdData=&numberOfLoadedTiles=98&page=gamesPage&placeId=6953291455&playContext=gamesPage&position=76&sortPos=8&universeId=2663599422',112,NULL),(7041939546,'Catalog Avatar Creator','2021-07-04','2025-07-22',16,'https://www.roblox.com/games/7041939546/Catalog-Avatar-Creator?appliedFilters=device%253Dcomputer%252Cage%253Dall%252Ccountry%253Dall&discoverPageSessionInfo=01c05573-f673-4a65-9599-7527054a25ec&gameSetTargetId=237&gameSetTypeId=23&isAd=false&nativeAdData=&numberOfLoadedTiles=80&page=gamesPage&placeId=7041939546&playContext=gamesPage&position=61&sortPos=5&universeId=2711375305',132,NULL),(7052580219,'Truck Testing Remaster','2021-07-06','2025-07-24',8,'https://www.roblox.com/games/7052580219/Truck-Testing-Remaster?appliedFilters=device%253Dcomputer%252Cage%253Dall%252Ccountry%253Dall&discoverPageSessionInfo=01c05573-f673-4a65-9599-7527054a25ec&gameSetTargetId=662&gameSetTypeId=23&isAd=false&nativeAdData=&numberOfLoadedTiles=97&page=gamesPage&placeId=7052580219&playContext=gamesPage&position=86&sortPos=23&universeId=2717209656',170,NULL),(7180042682,'[UPD] Military Tycoon','2021-07-31','2025-07-23',8,'https://www.roblox.com/games/7180042682/UPD-Military-Tycoon?appliedFilters=device%253Dcomputer%252Cage%253Dall%252Ccountry%253Dall&discoverPageSessionInfo=01c05573-f673-4a65-9599-7527054a25ec&gameSetTargetId=241&gameSetTypeId=23&isAd=false&nativeAdData=&numberOfLoadedTiles=86&page=gamesPage&placeId=7180042682&playContext=gamesPage&position=57&sortPos=6&universeId=2788648141',50,NULL),(7554888362,'[SKY SQUID] Squid Game X','2021-09-25','2025-07-23',1,'https://www.roblox.com/games/7554888362/SKY-SQUID-Squid-Game-X?appliedFilters=device%253Dcomputer%252Cage%253Dall%252Ccountry%253Dall&discoverPageSessionInfo=01c05573-f673-4a65-9599-7527054a25ec&gameSetTargetId=241&gameSetTypeId=23&isAd=false&nativeAdData=&numberOfLoadedTiles=86&page=gamesPage&placeId=7554888362&playContext=gamesPage&position=56&sortPos=6&universeId=2936053166',21,NULL),(7577961216,'(Testing) Squid Game X','2021-09-27','2025-07-24',1,'https://www.roblox.com/games/7577961216/Testing-Squid-Game-X?appliedFilters=device%253Dcomputer%252Cage%253Dall%252Ccountry%253Dall&discoverPageSessionInfo=01c05573-f673-4a65-9599-7527054a25ec&gameSetTargetId=656&gameSetTypeId=23&isAd=false&nativeAdData=&numberOfLoadedTiles=82&page=gamesPage&placeId=7577961216&playContext=gamesPage&position=61&sortPos=19&universeId=2943850166',21,NULL),(7711635737,'Emergency Hamburg','2021-10-11','2025-07-23',13,'https://www.roblox.com/games/7711635737/Emergency-Hamburg?discoverPageSessionInfo=01c05573-f673-4a65-9599-7527054a25ec&gameSetTargetId=671&gameSetTypeId=23&isAd=false&nativeAdData=&numberOfLoadedTiles=92&page=gamesPage&placeId=7711635737&playContext=gamesPage&position=31&sortPos=3&universeId=2992873140',74,NULL),(8369888266,'Redcliff City RP','2021-12-27','2025-07-19',13,'https://www.roblox.com/games/8369888266/Redcliff-City-RP?appliedFilters=device%253Dcomputer%252Cage%253Dall%252Ccountry%253Dall&discoverPageSessionInfo=01c05573-f673-4a65-9599-7527054a25ec&gameSetTargetId=222&gameSetTypeId=23&isAd=false&nativeAdData=&numberOfLoadedTiles=70&page=gamesPage&placeId=8369888266&playContext=gamesPage&position=9&sortPos=4&universeId=3204175584',173,NULL),(8571687919,'LOCOfficial','2022-01-18','2025-07-12',12,'https://www.roblox.com/games/8571687919/LOCOfficial?appliedFilters=device%253Dcomputer%252Cage%253Dall%252Ccountry%253Dall&discoverPageSessionInfo=01c05573-f673-4a65-9599-7527054a25ec&gameSetTargetId=238&gameSetTypeId=23&isAd=false&nativeAdData=&numberOfLoadedTiles=87&page=gamesPage&placeId=8571687919&playContext=gamesPage&position=46&sortPos=1&universeId=3267012194',95,NULL),(8737602449,'PLS DONATE','2022-02-05','2025-07-13',10,'https://www.roblox.com/games/8737602449/PLS-DONATE?appliedFilters=device%253Dcomputer%252Cage%253Dall%252Ccountry%253Dall&discoverPageSessionInfo=01c05573-f673-4a65-9599-7527054a25ec&gameSetTargetId=223&gameSetTypeId=23&isAd=false&nativeAdData=&numberOfLoadedTiles=90&page=gamesPage&placeId=8737602449&playContext=gamesPage&position=21&sortPos=10&universeId=3317679266',17,NULL),(8848607186,'Digital Piano','2022-02-17','2025-04-28',15,'https://www.roblox.com/games/8848607186/Digital-Piano?appliedFilters=device%253Dcomputer%252Cage%253Dall%252Ccountry%253Dall&discoverPageSessionInfo=01c05573-f673-4a65-9599-7527054a25ec&gameSetTargetId=654&gameSetTypeId=23&isAd=false&nativeAdData=&numberOfLoadedTiles=33&page=gamesPage&placeId=8848607186&playContext=gamesPage&position=6&sortPos=17&universeId=3349588628',102,NULL),(8876147780,'Freshly Shopping Thorngate Park Store','2022-02-20','2025-06-30',13,'https://www.roblox.com/games/8876147780/Freshly-Shopping-Thorngate-Park-Store?appliedFilters=device%253Dcomputer%252Cage%253Dall%252Ccountry%253Dall&discoverPageSessionInfo=01c05573-f673-4a65-9599-7527054a25ec&gameSetTargetId=659&gameSetTypeId=23&isAd=false&nativeAdData=&numberOfLoadedTiles=91&page=gamesPage&placeId=8876147780&playContext=gamesPage&position=22&sortPos=21&universeId=3357087159',93,NULL),(9051087354,'rosumania 7.50.1  Music  Rhythm','2022-03-09','2025-07-23',6,'https://www.roblox.com/games/9051087354/rosu-mania-7-50-1-Music-Rhythm?discoverPageSessionInfo=01c05573-f673-4a65-9599-7527054a25ec&gameSetTargetId=668&gameSetTypeId=23&isAd=false&nativeAdData=&numberOfLoadedTiles=58&page=gamesPage&placeId=9051087354&playContext=gamesPage&position=30&sortPos=9&universeId=3405992067',85,NULL),(9391468976,'[CURSED PARTNERS] Jujutsu Shenanigans','2022-04-17','2025-07-23',6,'https://www.roblox.com/games/9391468976/CURSED-PARTNERS-Jujutsu-Shenanigans?appliedFilters=device%253Dcomputer%252Cage%253Dall%252Ccountry%253Dall&discoverPageSessionInfo=01c05573-f673-4a65-9599-7527054a25ec&gameSetTargetId=241&gameSetTypeId=23&isAd=false&nativeAdData=&numberOfLoadedTiles=86&page=gamesPage&placeId=9391468976&playContext=gamesPage&position=76&sortPos=6&universeId=3508322461',NULL,NULL),(9665612064,'[TRAILBLAZERS] FUT 25','2022-05-19','2025-07-22',4,'https://www.roblox.com/games/9665612064/TRAILBLAZERS-FUT-25?appliedFilters=device%253Dcomputer%252Cage%253Dall%252Ccountry%253Dall&discoverPageSessionInfo=01c05573-f673-4a65-9599-7527054a25ec&gameSetTargetId=664&gameSetTypeId=23&isAd=false&nativeAdData=&numberOfLoadedTiles=90&page=gamesPage&placeId=9665612064&playContext=gamesPage&position=2&sortPos=13&universeId=3590268018',142,NULL),(9872472334,'Evade  [PLUSHIE]','2022-06-11','2025-07-22',3,'https://www.roblox.com/games/9872472334/Evade-PLUSHIE?discoverPageSessionInfo=01c05573-f673-4a65-9599-7527054a25ec&gameSetTargetId=671&gameSetTypeId=23&isAd=false&nativeAdData=&numberOfLoadedTiles=92&page=gamesPage&placeId=9872472334&playContext=gamesPage&position=20&sortPos=3&universeId=3647333358',78,NULL),(10001065412,'Colors in Question','2022-06-23','2025-07-04',9,'https://www.roblox.com/games/10001065412/Colors-in-Question?appliedFilters=device%253Dcomputer%252Cage%253Dall%252Ccountry%253Dall&discoverPageSessionInfo=01c05573-f673-4a65-9599-7527054a25ec&gameSetTargetId=657&gameSetTypeId=23&isAd=false&nativeAdData=&numberOfLoadedTiles=30&page=gamesPage&placeId=10001065412&playContext=gamesPage&position=21&sortPos=20&universeId=3684063910',105,NULL),(10449761463,'The Strongest Battlegrounds','2022-08-02','2025-07-16',6,'https://www.roblox.com/games/10449761463/The-Strongest-Battlegrounds?appliedFilters=device%253Dcomputer%252Cage%253Dall%252Ccountry%253Dall&discoverPageSessionInfo=01c05573-f673-4a65-9599-7527054a25ec&gameSetTargetId=237&gameSetTypeId=23&isAd=false&nativeAdData=&numberOfLoadedTiles=80&page=gamesPage&placeId=10449761463&playContext=gamesPage&position=15&sortPos=5&universeId=3808081382',135,NULL),(10962282214,'[ALPHA] Rail Sim Universe Pre-Release','2022-09-20','2025-07-21',8,'https://www.roblox.com/games/10962282214/ALPHA-Rail-Sim-Universe-Pre-Release?discoverPageSessionInfo=01c05573-f673-4a65-9599-7527054a25ec&gameSetTargetId=669&gameSetTypeId=23&isAd=false&nativeAdData=&numberOfLoadedTiles=62&page=gamesPage&placeId=10962282214&playContext=gamesPage&position=15&sortPos=7&universeId=3951824888',154,NULL),(11276071411,'[RECODE] NPC or DIE','2022-10-15','2025-07-22',3,'https://www.roblox.com/games/11276071411/RECODE-NPC-or-DIE?appliedFilters=device%253Dcomputer%252Cage%253Dall%252Ccountry%253Dall&discoverPageSessionInfo=01c05573-f673-4a65-9599-7527054a25ec&gameSetTargetId=673&gameSetTypeId=23&isAd=false&nativeAdData=&numberOfLoadedTiles=90&page=gamesPage&placeId=11276071411&playContext=gamesPage&position=11&sortPos=11&universeId=4019583467',116,NULL),(12135640403,'Anime Dungeon Fighters[Demon Slayer]','2023-01-13','2025-07-21',11,'https://www.roblox.com/games/12135640403/Anime-Dungeon-Fighters-Demon-Slayer?appliedFilters=device%253Dcomputer%252Cage%253Dall%252Ccountry%253Dall&discoverPageSessionInfo=01c05573-f673-4a65-9599-7527054a25ec&gameSetTargetId=658&gameSetTypeId=23&isAd=false&nativeAdData=&numberOfLoadedTiles=73&page=gamesPage&placeId=12135640403&playContext=gamesPage&position=22&sortPos=12&universeId=4280744785',27,NULL),(12338455185,'Resort Tycoon 2','2023-02-01','2025-06-15',8,'https://www.roblox.com/games/12338455185/Resort-Tycoon-2?discoverPageSessionInfo=01c05573-f673-4a65-9599-7527054a25ec&gameSetTargetId=670&gameSetTypeId=23&isAd=false&nativeAdData=&numberOfLoadedTiles=98&page=gamesPage&placeId=12338455185&playContext=gamesPage&position=75&sortPos=8&universeId=4343544885',NULL,NULL),(12397515839,'Silly Simon Says','2023-02-06','2025-07-23',1,'https://www.roblox.com/games/12397515839/Silly-Simon-Says?appliedFilters=device%253Dcomputer%252Cage%253Dall%252Ccountry%253Dall&discoverPageSessionInfo=01c05573-f673-4a65-9599-7527054a25ec&gameSetTargetId=656&gameSetTypeId=23&isAd=false&nativeAdData=&numberOfLoadedTiles=82&page=gamesPage&placeId=12397515839&playContext=gamesPage&position=55&sortPos=19&universeId=4362587875',138,NULL),(12407250267,'[NEW] Keys  Season 23','2023-02-07','2025-05-08',3,'https://www.roblox.com/games/12407250267/NEW-Keys-Season-23?discoverPageSessionInfo=01c05573-f673-4a65-9599-7527054a25ec&gameSetTargetId=671&gameSetTypeId=23&isAd=false&nativeAdData=&numberOfLoadedTiles=92&page=gamesPage&placeId=12407250267&playContext=gamesPage&position=72&sortPos=3&universeId=4365819446',30,NULL),(12886143095,'[UPD 62] Anime Last Stand','2023-03-25','2025-07-17',12,'https://www.roblox.com/games/12886143095/UPD-62-Anime-Last-Stand?discoverPageSessionInfo=01c05573-f673-4a65-9599-7527054a25ec&gameSetTargetId=670&gameSetTypeId=23&isAd=false&nativeAdData=&numberOfLoadedTiles=98&page=gamesPage&placeId=12886143095&playContext=gamesPage&position=89&sortPos=8&universeId=4509896324',149,NULL),(12986400307,'[2nd Event][Free Titan]Sword Warriors','2023-04-03','2025-07-19',8,'https://www.roblox.com/games/12986400307/2nd-Event-Free-Titan-Sword-Warriors?discoverPageSessionInfo=01c05573-f673-4a65-9599-7527054a25ec&gameSetTargetId=670&gameSetTypeId=23&isAd=false&nativeAdData=&numberOfLoadedTiles=98&page=gamesPage&placeId=12986400307&playContext=gamesPage&position=92&sortPos=8&universeId=4540494160',46,NULL),(13379208636,'Attack on Titan Revolution','2023-05-08','2025-07-19',11,'https://www.roblox.com/games/13379208636/Attack-on-Titan-Revolution?discoverPageSessionInfo=01c05573-f673-4a65-9599-7527054a25ec&gameSetTargetId=670&gameSetTypeId=23&isAd=false&nativeAdData=&numberOfLoadedTiles=98&page=gamesPage&placeId=13379208636&playContext=gamesPage&position=85&sortPos=8&universeId=4658598196',92,NULL),(13521186297,'Hot Pot Restaurant','2023-05-23','2025-02-06',13,'https://www.roblox.com/games/13521186297/Hot-Pot-Restaurant?appliedFilters=device%253Dcomputer%252Cage%253Dall%252Ccountry%253Dall&discoverPageSessionInfo=01c05573-f673-4a65-9599-7527054a25ec&gameSetTargetId=659&gameSetTypeId=23&isAd=false&nativeAdData=&numberOfLoadedTiles=91&page=gamesPage&placeId=13521186297&playContext=gamesPage&position=31&sortPos=21&universeId=4701326804',155,NULL),(14419907512,'Zombie game [upd3]','2023-08-13','2025-01-23',6,'https://www.roblox.com/games/14419907512/Zombie-game-upd3?appliedFilters=device%253Dcomputer%252Cage%253Dall%252Ccountry%253Dall&discoverPageSessionInfo=01c05573-f673-4a65-9599-7527054a25ec&gameSetTargetId=651&gameSetTypeId=23&isAd=false&nativeAdData=&numberOfLoadedTiles=74&page=gamesPage&placeId=14419907512&playContext=gamesPage&position=20&sortPos=15&universeId=4982226076',51,NULL),(14895218677,'PAWS Pet Hospital','2023-09-27','2025-07-13',13,'https://www.roblox.com/games/14895218677/PAWS-Pet-Hospital?appliedFilters=device%253Dcomputer%252Cage%253Dall%252Ccountry%253Dall&discoverPageSessionInfo=01c05573-f673-4a65-9599-7527054a25ec&gameSetTargetId=659&gameSetTypeId=23&isAd=false&nativeAdData=&numberOfLoadedTiles=91&page=gamesPage&placeId=14895218677&playContext=gamesPage&position=29&sortPos=21&universeId=5131771588',131,NULL),(14970015233,'Watermelon GO [Fruit Game]','2023-10-05','2025-07-18',9,'https://www.roblox.com/games/14970015233/Watermelon-GO-Fruit-Game?appliedFilters=device%253Dcomputer%252Cage%253Dall%252Ccountry%253Dall&discoverPageSessionInfo=01c05573-f673-4a65-9599-7527054a25ec&gameSetTargetId=657&gameSetTypeId=23&isAd=false&nativeAdData=&numberOfLoadedTiles=30&page=gamesPage&placeId=14970015233&playContext=gamesPage&position=9&sortPos=20&universeId=5156590883',158,NULL),(15133985014,'[GAGAMARU] Freestyle Football','2023-10-22','2025-07-20',4,'https://www.roblox.com/games/15133985014/GAGAMARU-Freestyle-Football?appliedFilters=device%253Dcomputer%252Cage%253Dall%252Ccountry%253Dall&discoverPageSessionInfo=01c05573-f673-4a65-9599-7527054a25ec&gameSetTargetId=237&gameSetTypeId=23&isAd=false&nativeAdData=&numberOfLoadedTiles=80&page=gamesPage&placeId=15133985014&playContext=gamesPage&position=32&sortPos=5&universeId=5215846239',32,NULL),(15180042075,'Fruit Game','2023-10-27','2024-12-21',9,'https://www.roblox.com/games/15180042075/Fruit-Game?appliedFilters=device%253Dcomputer%252Cage%253Dall%252Ccountry%253Dall&discoverPageSessionInfo=01c05573-f673-4a65-9599-7527054a25ec&gameSetTargetId=657&gameSetTypeId=23&isAd=false&nativeAdData=&numberOfLoadedTiles=30&page=gamesPage&placeId=15180042075&playContext=gamesPage&position=22&sortPos=20&universeId=5232746563',14,NULL),(15313073197,'Anime Combats Simulator','2023-11-10','2025-07-21',8,'https://www.roblox.com/games/15313073197/Anime-Combats-Simulator?discoverPageSessionInfo=01c05573-f673-4a65-9599-7527054a25ec&gameSetTargetId=670&gameSetTypeId=23&isAd=false&nativeAdData=&numberOfLoadedTiles=98&page=gamesPage&placeId=15313073197&playContext=gamesPage&position=29&sortPos=8&universeId=5281426065',123,NULL),(15532962292,'Sols RNG [ Sand Worm  ]','2023-12-03','2025-07-22',8,'https://www.roblox.com/games/15532962292/Sols-RNG-Sand-Worm?appliedFilters=device%253Dcomputer%252Cage%253Dall%252Ccountry%253Dall&discoverPageSessionInfo=01c05573-f673-4a65-9599-7527054a25ec&gameSetTargetId=237&gameSetTypeId=23&isAd=false&nativeAdData=&numberOfLoadedTiles=80&page=gamesPage&placeId=15532962292&playContext=gamesPage&position=14&sortPos=5&universeId=5361032378',NULL,NULL),(15583100726,'Basketball Stars 3','2023-12-09','2025-07-22',4,'https://www.roblox.com/games/15583100726/Basketball-Stars-3?appliedFilters=device%253Dcomputer%252Cage%253Dall%252Ccountry%253Dall&discoverPageSessionInfo=01c05573-f673-4a65-9599-7527054a25ec&gameSetTargetId=664&gameSetTypeId=23&isAd=false&nativeAdData=&numberOfLoadedTiles=90&page=gamesPage&placeId=15583100726&playContext=gamesPage&position=89&sortPos=13&universeId=5379950946',164,NULL),(15685372384,'UNORTHODOX ACCOUNTING','2023-12-20','2025-07-23',7,'https://www.roblox.com/games/15685372384/UNORTHODOX-ACCOUNTING?appliedFilters=device%253Dcomputer%252Cage%253Dall%252Ccountry%253Dall&discoverPageSessionInfo=01c05573-f673-4a65-9599-7527054a25ec&gameSetTargetId=660&gameSetTypeId=23&isAd=false&nativeAdData=&numberOfLoadedTiles=52&page=gamesPage&placeId=15685372384&playContext=gamesPage&position=21&sortPos=14&universeId=5418349743',31,NULL),(15715250396,'LankyBox Concert LIVE','2023-12-23','2025-07-20',15,'https://www.roblox.com/games/15715250396/LankyBox-Concert-LIVE?discoverPageSessionInfo=01c05573-f673-4a65-9599-7527054a25ec&gameSetTargetId=668&gameSetTypeId=23&isAd=false&nativeAdData=&numberOfLoadedTiles=58&page=gamesPage&placeId=15715250396&playContext=gamesPage&position=14&sortPos=9&universeId=5429414398',91,NULL),(15743235834,'Order Up','2023-12-25','2025-07-19',1,'https://www.roblox.com/games/15743235834/Order-Up?appliedFilters=device%253Dcomputer%252Cage%253Dall%252Ccountry%253Dall&discoverPageSessionInfo=01c05573-f673-4a65-9599-7527054a25ec&gameSetTargetId=656&gameSetTypeId=23&isAd=false&nativeAdData=&numberOfLoadedTiles=82&page=gamesPage&placeId=15743235834&playContext=gamesPage&position=20&sortPos=19&universeId=5440357767',9,NULL),(16087546880,'Survive The Zombies The Killers','2024-01-23','2025-07-19',7,'https://www.roblox.com/games/16087546880/Survive-The-Zombies-The-Killers?appliedFilters=device%253Dcomputer%252Cage%253Dall%252Ccountry%253Dall&discoverPageSessionInfo=01c05573-f673-4a65-9599-7527054a25ec&gameSetTargetId=660&gameSetTypeId=23&isAd=false&nativeAdData=&numberOfLoadedTiles=52&page=gamesPage&placeId=16087546880&playContext=gamesPage&position=5&sortPos=14&universeId=5560226875',143,NULL),(16181108359,'Which friend do you save','2024-01-31','2025-06-04',1,'https://www.roblox.com/games/16181108359/Which-friend-do-you-save?appliedFilters=device%253Dcomputer%252Cage%253Dall%252Ccountry%253Dall&discoverPageSessionInfo=01c05573-f673-4a65-9599-7527054a25ec&gameSetTargetId=656&gameSetTypeId=23&isAd=false&nativeAdData=&numberOfLoadedTiles=82&page=gamesPage&placeId=16181108359&playContext=gamesPage&position=79&sortPos=19&universeId=5588721964',12,NULL),(16343978644,'Escape Room Academy','2024-02-12','2025-07-17',9,'https://www.roblox.com/games/16343978644/Escape-Room-Academy?appliedFilters=device%253Dcomputer%252Cage%253Dall%252Ccountry%253Dall&discoverPageSessionInfo=01c05573-f673-4a65-9599-7527054a25ec&gameSetTargetId=657&gameSetTypeId=23&isAd=false&nativeAdData=&numberOfLoadedTiles=30&page=gamesPage&placeId=16343978644&playContext=gamesPage&position=16&sortPos=20&universeId=5637228071',67,NULL),(16648064928,'Audio Controller','2024-03-07','2025-07-11',15,'https://www.roblox.com/games/16648064928/Audio-Controller?discoverPageSessionInfo=01c05573-f673-4a65-9599-7527054a25ec&gameSetTargetId=668&gameSetTypeId=23&isAd=false&nativeAdData=&numberOfLoadedTiles=58&page=gamesPage&placeId=16648064928&playContext=gamesPage&position=13&sortPos=9&universeId=5726732822',98,NULL),(16864008714,'CNA Simulator','2024-03-25','2025-07-24',13,'https://www.roblox.com/games/16864008714/CNA-Simulator?appliedFilters=device%253Dcomputer%252Cage%253Dall%252Ccountry%253Dall&discoverPageSessionInfo=01c05573-f673-4a65-9599-7527054a25ec&gameSetTargetId=659&gameSetTypeId=23&isAd=false&nativeAdData=&numberOfLoadedTiles=91&page=gamesPage&placeId=16864008714&playContext=gamesPage&position=75&sortPos=21&universeId=5794311181',69,NULL),(16981421605,'Reborn As Swordsman','2024-04-02','2025-07-19',8,'https://www.roblox.com/games/16981421605/Reborn-As-Swordsman?discoverPageSessionInfo=01c05573-f673-4a65-9599-7527054a25ec&gameSetTargetId=670&gameSetTypeId=23&isAd=false&nativeAdData=&numberOfLoadedTiles=98&page=gamesPage&placeId=16981421605&playContext=gamesPage&position=96&sortPos=8&universeId=5827120940',125,NULL),(16991287194,'[RECODE] something evil will happen','2024-04-03','2025-07-21',3,'https://www.roblox.com/games/16991287194/RECODE-something-evil-will-happen?appliedFilters=device%253Dcomputer%252Cage%253Dall%252Ccountry%253Dall&discoverPageSessionInfo=01c05573-f673-4a65-9599-7527054a25ec&gameSetTargetId=222&gameSetTypeId=23&isAd=false&nativeAdData=&numberOfLoadedTiles=70&page=gamesPage&placeId=16991287194&playContext=gamesPage&position=26&sortPos=4&universeId=5829613337',18,NULL),(17192092512,'Deermont [RP]','2024-04-19','2025-07-08',13,'https://www.roblox.com/games/17192092512/Deermont-RP?appliedFilters=device%253Dcomputer%252Cage%253Dall%252Ccountry%253Dall&discoverPageSessionInfo=01c05573-f673-4a65-9599-7527054a25ec&gameSetTargetId=659&gameSetTypeId=23&isAd=false&nativeAdData=&numberOfLoadedTiles=91&page=gamesPage&placeId=17192092512&playContext=gamesPage&position=34&sortPos=21&universeId=5887211857',55,NULL),(17439875687,'','2024-05-10','2025-07-24',8,'https://www.roblox.com/games/17439875687/Low-Club-REDEASED-2-0-NEW-MAP?discoverPageSessionInfo=01c05573-f673-4a65-9599-7527054a25ec&gameSetTargetId=668&gameSetTypeId=23&isAd=false&nativeAdData=&numberOfLoadedTiles=58&page=gamesPage&placeId=17439875687&playContext=gamesPage&position=10&sortPos=9&universeId=5968213228',49,NULL),(17450551531,'[UPD] Gym League','2024-05-11','2025-07-22',8,'https://www.roblox.com/games/17450551531/UPD-Gym-League?appliedFilters=device%253Dcomputer%252Cage%253Dall%252Ccountry%253Dall&discoverPageSessionInfo=01c05573-f673-4a65-9599-7527054a25ec&gameSetTargetId=673&gameSetTypeId=23&isAd=false&nativeAdData=&numberOfLoadedTiles=90&page=gamesPage&placeId=17450551531&playContext=gamesPage&position=34&sortPos=11&universeId=5972059550',41,NULL),(17487086188,'void fishing','2024-05-14','2025-06-28',8,'https://www.roblox.com/games/17487086188/void-fishing?discoverPageSessionInfo=01c05573-f673-4a65-9599-7527054a25ec&gameSetTargetId=670&gameSetTypeId=23&isAd=false&nativeAdData=&numberOfLoadedTiles=98&page=gamesPage&placeId=17487086188&playContext=gamesPage&position=1&sortPos=8&universeId=5985126622',139,NULL),(17670743999,'[UPD] Cake Off','2024-05-31','2025-07-23',1,'https://www.roblox.com/games/17670743999/UPD-Cake-Off?appliedFilters=device%253Dcomputer%252Cage%253Dall%252Ccountry%253Dall&discoverPageSessionInfo=01c05573-f673-4a65-9599-7527054a25ec&gameSetTargetId=656&gameSetTypeId=23&isAd=false&nativeAdData=&numberOfLoadedTiles=82&page=gamesPage&placeId=17670743999&playContext=gamesPage&position=21&sortPos=19&universeId=6052033819',NULL,NULL),(17788997511,'Fatal Combat','2024-06-09','2025-07-23',6,'https://www.roblox.com/games/17788997511/Fatal-Combat?appliedFilters=device%253Dcomputer%252Cage%253Dall%252Ccountry%253Dall&discoverPageSessionInfo=01c05573-f673-4a65-9599-7527054a25ec&gameSetTargetId=651&gameSetTypeId=23&isAd=false&nativeAdData=&numberOfLoadedTiles=74&page=gamesPage&placeId=17788997511&playContext=gamesPage&position=39&sortPos=15&universeId=6094102038',169,NULL),(17844293708,'Project Escape Room [NEW MAP]','2024-06-13','2025-07-22',9,'https://www.roblox.com/games/17844293708/Project-Escape-Room-NEW-MAP?appliedFilters=device%253Dcomputer%252Cage%253Dall%252Ccountry%253Dall&discoverPageSessionInfo=01c05573-f673-4a65-9599-7527054a25ec&gameSetTargetId=657&gameSetTypeId=23&isAd=false&nativeAdData=&numberOfLoadedTiles=30&page=gamesPage&placeId=17844293708&playContext=gamesPage&position=5&sortPos=20&universeId=6113928308',60,NULL),(18238180555,'Superstar Racers','2024-06-28','2025-07-22',4,'https://www.roblox.com/games/18238180555/Superstar-Racers?appliedFilters=device%253Dcomputer%252Cage%253Dall%252Ccountry%253Dall&discoverPageSessionInfo=01c05573-f673-4a65-9599-7527054a25ec&gameSetTargetId=664&gameSetTypeId=23&isAd=false&nativeAdData=&numberOfLoadedTiles=90&page=gamesPage&placeId=18238180555&playContext=gamesPage&position=9&sortPos=13&universeId=6182655829',103,NULL),(18432975025,'Short Horror Games','2024-07-11','2025-05-13',5,'https://www.roblox.com/games/18432975025/Short-Horror-Games?appliedFilters=device%253Dcomputer%252Cage%253Dall%252Ccountry%253Dall&discoverPageSessionInfo=01c05573-f673-4a65-9599-7527054a25ec&gameSetTargetId=652&gameSetTypeId=23&isAd=false&nativeAdData=&numberOfLoadedTiles=78&page=gamesPage&placeId=18432975025&playContext=gamesPage&position=67&sortPos=16&universeId=6247557414',42,NULL),(18565120308,'Dont Shatter [2 Player Obby]','2024-07-20','2025-06-20',2,'https://www.roblox.com/games/18565120308/Dont-Shatter-2-Player-Obby?discoverPageSessionInfo=01c05573-f673-4a65-9599-7527054a25ec&gameSetTargetId=670&gameSetTypeId=23&isAd=false&nativeAdData=&numberOfLoadedTiles=98&page=gamesPage&placeId=18565120308&playContext=gamesPage&position=93&sortPos=8&universeId=6290175032',NULL,NULL),(18629053284,'Survival Odyssey','2024-07-24','2025-07-06',11,'https://www.roblox.com/games/18629053284/Survival-Odyssey?appliedFilters=device%253Dcomputer%252Cage%253Dall%252Ccountry%253Dall&discoverPageSessionInfo=01c05573-f673-4a65-9599-7527054a25ec&gameSetTargetId=658&gameSetTypeId=23&isAd=false&nativeAdData=&numberOfLoadedTiles=73&page=gamesPage&placeId=18629053284&playContext=gamesPage&position=39&sortPos=12&universeId=6312044888',156,NULL),(18649596490,'[RELAPSE] Are you lonely','2024-07-25','2025-07-19',10,'https://www.roblox.com/games/18649596490/RELAPSE-Are-you-lonely?appliedFilters=device%253Dcomputer%252Cage%253Dall%252Ccountry%253Dall&discoverPageSessionInfo=01c05573-f673-4a65-9599-7527054a25ec&gameSetTargetId=222&gameSetTypeId=23&isAd=false&nativeAdData=&numberOfLoadedTiles=70&page=gamesPage&placeId=18649596490&playContext=gamesPage&position=39&sortPos=4&universeId=6318887244',24,NULL),(18687417158,'[NOLI] Forsaken','2024-07-28','2025-07-23',3,'https://www.roblox.com/games/18687417158/NOLI-Forsaken?discoverPageSessionInfo=01c05573-f673-4a65-9599-7527054a25ec&gameSetTargetId=671&gameSetTypeId=23&isAd=false&nativeAdData=&numberOfLoadedTiles=92&page=gamesPage&placeId=18687417158&playContext=gamesPage&position=5&sortPos=3&universeId=6331902150',165,NULL),(18934709778,'[CAR] A Long Road - BETA','2024-08-13','2025-07-20',5,'https://www.roblox.com/games/18934709778/CAR-A-Long-Road-BETA?appliedFilters=device%253Dcomputer%252Cage%253Dall%252Ccountry%253Dall&discoverPageSessionInfo=01c05573-f673-4a65-9599-7527054a25ec&gameSetTargetId=652&gameSetTypeId=23&isAd=false&nativeAdData=&numberOfLoadedTiles=78&page=gamesPage&placeId=18934709778&playContext=gamesPage&position=25&sortPos=16&universeId=6413074235',100,NULL),(70767845851256,'EXILED','2024-08-31','2025-07-15',5,'https://www.roblox.com/games/70767845851256/EXILED?appliedFilters=device%253Dcomputer%252Cage%253Dall%252Ccountry%253Dall&discoverPageSessionInfo=01c05573-f673-4a65-9599-7527054a25ec&gameSetTargetId=652&gameSetTypeId=23&isAd=false&nativeAdData=&numberOfLoadedTiles=78&page=gamesPage&placeId=70767845851256&playContext=gamesPage&position=63&sortPos=16&universeId=6489669774',76,NULL),(71412777087552,'Chicken Jockey [2 Player Obby]','2025-04-16','2025-06-25',2,'https://www.roblox.com/games/71412777087552/Chicken-Jockey-2-Player-Obby?appliedFilters=device%253Dcomputer%252Cage%253Dall%252Ccountry%253Dall&discoverPageSessionInfo=01c05573-f673-4a65-9599-7527054a25ec&gameSetTargetId=655&gameSetTypeId=23&isAd=false&nativeAdData=&numberOfLoadedTiles=95&page=gamesPage&placeId=71412777087552&playContext=gamesPage&position=78&sortPos=18&universeId=7546135071',88,NULL),(72212564918217,'[UPD ] Steal A Fish','2025-06-14','2025-07-19',8,'https://www.roblox.com/games/72212564918217/UPD-Steal-A-Fish?appliedFilters=device%253Dcomputer%252Cage%253Dall%252Ccountry%253Dall&discoverPageSessionInfo=01c05573-f673-4a65-9599-7527054a25ec&gameSetTargetId=241&gameSetTypeId=23&isAd=false&nativeAdData=&numberOfLoadedTiles=86&page=gamesPage&placeId=72212564918217&playContext=gamesPage&position=41&sortPos=6&universeId=7907828295',19,NULL),(72829404259339,'[TYBW 2  QOL ] Anime Rangers X','2024-12-06','2025-07-24',12,'https://www.roblox.com/games/72829404259339/TYBW-2-QOL-Anime-Rangers-X?appliedFilters=device%253Dcomputer%252Cage%253Dall%252Ccountry%253Dall&discoverPageSessionInfo=01c05573-f673-4a65-9599-7527054a25ec&gameSetTargetId=237&gameSetTypeId=23&isAd=false&nativeAdData=&numberOfLoadedTiles=80&page=gamesPage&placeId=72829404259339&playContext=gamesPage&position=13&sortPos=5&universeId=6884266247',68,NULL),(73260369529980,'1000000 Jump Rope [SQUID GAME SEASON 3]','2025-07-05','2025-07-24',2,'https://www.roblox.com/games/73260369529980/1-000-000-Jump-Rope-SQUID-GAME-SEASON-3?appliedFilters=device%253Dcomputer%252Cage%253Dall%252Ccountry%253Dall&discoverPageSessionInfo=01c05573-f673-4a65-9599-7527054a25ec&gameSetTargetId=655&gameSetTypeId=23&isAd=false&nativeAdData=&numberOfLoadedTiles=95&page=gamesPage&placeId=73260369529980&playContext=gamesPage&position=80&sortPos=18&universeId=8076774031',122,NULL),(73808553296106,'The Diner','2025-01-08','2025-07-23',8,'https://www.roblox.com/games/73808553296106/The-Diner?appliedFilters=device%253Dcomputer%252Cage%253Dall%252Ccountry%253Dall&discoverPageSessionInfo=01c05573-f673-4a65-9599-7527054a25ec&gameSetTargetId=662&gameSetTypeId=23&isAd=false&nativeAdData=&numberOfLoadedTiles=97&page=gamesPage&placeId=73808553296106&playContext=gamesPage&position=27&sortPos=23&universeId=7056703874',45,NULL),(73956553001240,'Volleyball Legends','2024-12-17','2025-07-22',4,'https://www.roblox.com/games/73956553001240/Volleyball-Legends?discoverPageSessionInfo=01c05573-f673-4a65-9599-7527054a25ec&gameSetTargetId=671&gameSetTypeId=23&isAd=false&nativeAdData=&numberOfLoadedTiles=92&page=gamesPage&placeId=73956553001240&playContext=gamesPage&position=21&sortPos=3&universeId=6931042565',16,NULL),(74399004053401,'Pull Hair Tower','2025-06-25','2025-07-21',2,'https://www.roblox.com/games/74399004053401/Pull-Hair-Tower?appliedFilters=device%253Dcomputer%252Cage%253Dall%252Ccountry%253Dall&discoverPageSessionInfo=01c05573-f673-4a65-9599-7527054a25ec&gameSetTargetId=655&gameSetTypeId=23&isAd=false&nativeAdData=&numberOfLoadedTiles=95&page=gamesPage&placeId=74399004053401&playContext=gamesPage&position=10&sortPos=18&universeId=7995420236',171,NULL),(75139493550474,'Squid Game Troll Tower','2025-06-14','2025-07-23',2,'https://www.roblox.com/games/75139493550474/Squid-Game-Troll-Tower?discoverPageSessionInfo=01c05573-f673-4a65-9599-7527054a25ec&gameSetTargetId=671&gameSetTypeId=23&isAd=false&nativeAdData=&numberOfLoadedTiles=92&page=gamesPage&placeId=75139493550474&playContext=gamesPage&position=70&sortPos=3&universeId=7912886575',77,NULL),(75178747054941,'EQuest Testing [PERSONALITIES]','2025-06-15','2025-07-24',13,'https://www.roblox.com/games/75178747054941/EQuest-Testing-PERSONALITIES?appliedFilters=device%253Dcomputer%252Cage%253Dall%252Ccountry%253Dall&discoverPageSessionInfo=01c05573-f673-4a65-9599-7527054a25ec&gameSetTargetId=659&gameSetTypeId=23&isAd=false&nativeAdData=&numberOfLoadedTiles=91&page=gamesPage&placeId=75178747054941&playContext=gamesPage&position=86&sortPos=21&universeId=7921879545',136,NULL),(78486942226809,'Sapling [Fields  Flora]','2025-04-18','2025-07-22',8,'https://www.roblox.com/games/78486942226809/Sapling-Fields-Flora?appliedFilters=device%253Dcomputer%252Cage%253Dall%252Ccountry%253Dall&discoverPageSessionInfo=01c05573-f673-4a65-9599-7527054a25ec&gameSetTargetId=662&gameSetTypeId=23&isAd=false&nativeAdData=&numberOfLoadedTiles=97&page=gamesPage&placeId=78486942226809&playContext=gamesPage&position=14&sortPos=23&universeId=7558198287',47,NULL),(79368456802742,'IQ Rooms [Room79]','2025-04-08','2025-07-23',9,'https://www.roblox.com/games/79368456802742/IQ-Rooms-Room79?appliedFilters=device%253Dcomputer%252Cage%253Dall%252Ccountry%253Dall&discoverPageSessionInfo=01c05573-f673-4a65-9599-7527054a25ec&gameSetTargetId=657&gameSetTypeId=23&isAd=false&nativeAdData=&numberOfLoadedTiles=30&page=gamesPage&placeId=79368456802742&playContext=gamesPage&position=29&sortPos=20&universeId=7506737869',120,NULL),(79546208627805,'99 Nights in the Forest  [ALIENS]','2025-03-04','2025-07-21',3,'https://www.roblox.com/games/79546208627805/99-Nights-in-the-Forest-ALIENS?appliedFilters=device%253Dcomputer%252Cage%253Dall%252Ccountry%253Dall&discoverPageSessionInfo=01c05573-f673-4a65-9599-7527054a25ec&gameSetTargetId=238&gameSetTypeId=23&isAd=false&nativeAdData=&numberOfLoadedTiles=87&page=gamesPage&placeId=79546208627805&playContext=gamesPage&position=0&sortPos=1&universeId=7326934954',NULL,NULL),(79657240466394,'[] Container RNG','2025-05-15','2025-07-20',8,'https://www.roblox.com/games/79657240466394/Container-RNG?appliedFilters=device%253Dcomputer%252Cage%253Dall%252Ccountry%253Dall&discoverPageSessionInfo=01c05573-f673-4a65-9599-7527054a25ec&gameSetTargetId=239&gameSetTypeId=23&isAd=false&nativeAdData=&numberOfLoadedTiles=42&page=gamesPage&placeId=79657240466394&playContext=gamesPage&position=38&sortPos=2&universeId=7703544118',57,NULL),(80085043174485,'Project Corsa','2025-05-14','2025-07-23',4,'https://www.roblox.com/games/80085043174485/Project-Corsa?appliedFilters=device%253Dcomputer%252Cage%253Dall%252Ccountry%253Dall&discoverPageSessionInfo=01c05573-f673-4a65-9599-7527054a25ec&gameSetTargetId=664&gameSetTypeId=23&isAd=false&nativeAdData=&numberOfLoadedTiles=90&page=gamesPage&placeId=80085043174485&playContext=gamesPage&position=30&sortPos=13&universeId=7702815023',28,NULL),(80316691895873,'Blade League','2024-12-08','2025-03-21',4,'https://www.roblox.com/games/80316691895873/Blade-League?appliedFilters=device%253Dcomputer%252Cage%253Dall%252Ccountry%253Dall&discoverPageSessionInfo=01c05573-f673-4a65-9599-7527054a25ec&gameSetTargetId=664&gameSetTypeId=23&isAd=false&nativeAdData=&numberOfLoadedTiles=90&page=gamesPage&placeId=80316691895873&playContext=gamesPage&position=52&sortPos=13&universeId=6894451805',119,NULL),(80989280669685,'Steal a Huge Planet [MYSTERY Planet]','2025-06-12','2025-07-19',8,'https://www.roblox.com/games/80989280669685/Steal-a-Huge-Planet-MYSTERY-Planet?appliedFilters=device%253Dcomputer%252Cage%253Dall%252Ccountry%253Dall&discoverPageSessionInfo=01c05573-f673-4a65-9599-7527054a25ec&gameSetTargetId=662&gameSetTypeId=23&isAd=false&nativeAdData=&numberOfLoadedTiles=97&page=gamesPage&placeId=80989280669685&playContext=gamesPage&position=69&sortPos=23&universeId=7897422375',151,NULL),(81072337989394,'[RELEASE] Tennis Zero','2025-05-21','2025-07-24',4,'https://www.roblox.com/games/81072337989394/RELEASE-Tennis-Zero?appliedFilters=device%253Dcomputer%252Cage%253Dall%252Ccountry%253Dall&discoverPageSessionInfo=01c05573-f673-4a65-9599-7527054a25ec&gameSetTargetId=241&gameSetTypeId=23&isAd=false&nativeAdData=&numberOfLoadedTiles=86&page=gamesPage&placeId=81072337989394&playContext=gamesPage&position=33&sortPos=6&universeId=7744159391',10,NULL),(81239378558719,'Hide the body','2025-06-02','2025-07-24',12,'https://www.roblox.com/games/81239378558719/Hide-the-body?appliedFilters=device%253Dcomputer%252Cage%253Dall%252Ccountry%253Dall&discoverPageSessionInfo=01c05573-f673-4a65-9599-7527054a25ec&gameSetTargetId=238&gameSetTypeId=23&isAd=false&nativeAdData=&numberOfLoadedTiles=87&page=gamesPage&placeId=81239378558719&playContext=gamesPage&position=2&sortPos=1&universeId=7823137182',89,NULL),(81968724698850,'Fish and Fight','2025-06-16','2025-07-22',8,'https://www.roblox.com/games/81968724698850/Fish-and-Fight?appliedFilters=device%253Dcomputer%252Cage%253Dall%252Ccountry%253Dall&discoverPageSessionInfo=01c05573-f673-4a65-9599-7527054a25ec&gameSetTargetId=238&gameSetTypeId=23&isAd=false&nativeAdData=&numberOfLoadedTiles=87&page=gamesPage&placeId=81968724698850&playContext=gamesPage&position=27&sortPos=1&universeId=7926427431',174,NULL),(82434557832176,'Pick A Food','2024-11-22','2024-12-01',1,'https://www.roblox.com/games/82434557832176/Pick-A-Food?appliedFilters=device%253Dcomputer%252Cage%253Dall%252Ccountry%253Dall&discoverPageSessionInfo=01c05573-f673-4a65-9599-7527054a25ec&gameSetTargetId=656&gameSetTypeId=23&isAd=false&nativeAdData=&numberOfLoadedTiles=82&page=gamesPage&placeId=82434557832176&playContext=gamesPage&position=31&sortPos=19&universeId=6826136419',NULL,NULL),(83273735730446,'Toy Store Simulator','2025-05-29','2025-07-23',8,'https://www.roblox.com/games/83273735730446/Toy-Store-Simulator?appliedFilters=device%253Dcomputer%252Cage%253Dall%252Ccountry%253Dall&discoverPageSessionInfo=01c05573-f673-4a65-9599-7527054a25ec&gameSetTargetId=662&gameSetTypeId=23&isAd=false&nativeAdData=&numberOfLoadedTiles=97&page=gamesPage&placeId=83273735730446&playContext=gamesPage&position=73&sortPos=23&universeId=7795202327',172,NULL),(83942919686609,'[] Build a Scam Empire','2025-05-04','2025-07-24',8,'https://www.roblox.com/games/83942919686609/Build-a-Scam-Empire?appliedFilters=device%253Dcomputer%252Cage%253Dall%252Ccountry%253Dall&discoverPageSessionInfo=01c05573-f673-4a65-9599-7527054a25ec&gameSetTargetId=673&gameSetTypeId=23&isAd=false&nativeAdData=&numberOfLoadedTiles=90&page=gamesPage&placeId=83942919686609&playContext=gamesPage&position=37&sortPos=11&universeId=7640282930',40,NULL),(85896571713843,'Bubble Gum Simulator INFINITY','2024-09-03','2025-07-20',8,'https://www.roblox.com/games/85896571713843/Bubble-Gum-Simulator-INFINITY?appliedFilters=device%253Dcomputer%252Cage%253Dall%252Ccountry%253Dall&discoverPageSessionInfo=01c05573-f673-4a65-9599-7527054a25ec&gameSetTargetId=673&gameSetTypeId=23&isAd=false&nativeAdData=&numberOfLoadedTiles=90&page=gamesPage&placeId=85896571713843&playContext=gamesPage&position=46&sortPos=11&universeId=6504986360',161,NULL),(87212636993817,'Blue Lock RNG','2025-06-18','2025-07-19',8,'https://www.roblox.com/games/87212636993817/Blue-Lock-RNG?appliedFilters=device%253Dcomputer%252Cage%253Dall%252Ccountry%253Dall&discoverPageSessionInfo=01c05573-f673-4a65-9599-7527054a25ec&gameSetTargetId=662&gameSetTypeId=23&isAd=false&nativeAdData=&numberOfLoadedTiles=97&page=gamesPage&placeId=87212636993817&playContext=gamesPage&position=72&sortPos=23&universeId=7943036770',NULL,NULL),(88021617698822,'Invisible Troll Tower','2025-06-24','2025-07-21',2,'https://www.roblox.com/games/88021617698822/Invisible-Troll-Tower?appliedFilters=device%253Dcomputer%252Cage%253Dall%252Ccountry%253Dall&discoverPageSessionInfo=01c05573-f673-4a65-9599-7527054a25ec&gameSetTargetId=655&gameSetTypeId=23&isAd=false&nativeAdData=&numberOfLoadedTiles=95&page=gamesPage&placeId=88021617698822&playContext=gamesPage&position=33&sortPos=18&universeId=7983687809',96,NULL),(88282708812651,'be a gubby(THE LONG AWAITED HUMAN UPDATE IS HERE)','2025-05-10','2025-07-23',13,'https://www.roblox.com/games/88282708812651/be-a-gubby-THE-LONG-AWAITED-HUMAN-UPDATE-IS-HERE?appliedFilters=device%253Dcomputer%252Cage%253Dall%252Ccountry%253Dall&discoverPageSessionInfo=01c05573-f673-4a65-9599-7527054a25ec&gameSetTargetId=659&gameSetTypeId=23&isAd=false&nativeAdData=&numberOfLoadedTiles=91&page=gamesPage&placeId=88282708812651&playContext=gamesPage&position=46&sortPos=21&universeId=7669979046',43,NULL),(90462358603255,'[PART 2] Anime Eternal','2025-06-10','2025-07-23',8,'https://www.roblox.com/games/90462358603255/PART-2-Anime-Eternal?appliedFilters=device%253Dcomputer%252Cage%253Dall%252Ccountry%253Dall&discoverPageSessionInfo=01c05573-f673-4a65-9599-7527054a25ec&gameSetTargetId=239&gameSetTypeId=23&isAd=false&nativeAdData=&numberOfLoadedTiles=42&page=gamesPage&placeId=90462358603255&playContext=gamesPage&position=41&sortPos=2&universeId=7882829745',133,NULL),(92044060392057,'Dead Sewers[Summer][Alpha]','2025-05-12','2025-07-21',5,'https://www.roblox.com/games/92044060392057/Dead-Sewers-Summer-Alpha?appliedFilters=device%253Dcomputer%252Cage%253Dall%252Ccountry%253Dall&discoverPageSessionInfo=01c05573-f673-4a65-9599-7527054a25ec&gameSetTargetId=673&gameSetTypeId=23&isAd=false&nativeAdData=&numberOfLoadedTiles=90&page=gamesPage&placeId=92044060392057&playContext=gamesPage&position=49&sortPos=11&universeId=7690412163',6,NULL),(93557410403539,'Noobs Must Die','2025-04-10','2025-07-11',11,'https://www.roblox.com/games/93557410403539/Noobs-Must-Die?appliedFilters=device%253Dcomputer%252Cage%253Dall%252Ccountry%253Dall&discoverPageSessionInfo=01c05573-f673-4a65-9599-7527054a25ec&gameSetTargetId=658&gameSetTypeId=23&isAd=false&nativeAdData=&numberOfLoadedTiles=73&page=gamesPage&placeId=93557410403539&playContext=gamesPage&position=16&sortPos=12&universeId=7516718402',56,NULL),(93729973089151,'Mindlock Escape Room','2025-03-30','2025-07-22',9,'https://www.roblox.com/games/93729973089151/Mindlock-Escape-Room?appliedFilters=device%253Dcomputer%252Cage%253Dall%252Ccountry%253Dall&discoverPageSessionInfo=01c05573-f673-4a65-9599-7527054a25ec&gameSetTargetId=657&gameSetTypeId=23&isAd=false&nativeAdData=&numberOfLoadedTiles=30&page=gamesPage&placeId=93729973089151&playContext=gamesPage&position=4&sortPos=20&universeId=7455943862',146,NULL),(95293629233276,'Super Mega Papa Obby[BETA]','2025-07-04','2025-07-18',2,'https://www.roblox.com/games/95293629233276/Super-Mega-Papa-Obby-BETA?appliedFilters=device%253Dcomputer%252Cage%253Dall%252Ccountry%253Dall&discoverPageSessionInfo=01c05573-f673-4a65-9599-7527054a25ec&gameSetTargetId=655&gameSetTypeId=23&isAd=false&nativeAdData=&numberOfLoadedTiles=95&page=gamesPage&placeId=95293629233276&playContext=gamesPage&position=7&sortPos=18&universeId=8064917023',104,NULL),(96490671161699,'FNAF Battlegrounds 2','2024-11-17','2025-07-20',6,'https://www.roblox.com/games/96490671161699/FNAF-Battlegrounds-2?appliedFilters=device%253Dcomputer%252Cage%253Dall%252Ccountry%253Dall&discoverPageSessionInfo=01c05573-f673-4a65-9599-7527054a25ec&gameSetTargetId=651&gameSetTypeId=23&isAd=false&nativeAdData=&numberOfLoadedTiles=74&page=gamesPage&placeId=96490671161699&playContext=gamesPage&position=43&sortPos=15&universeId=6807582030',NULL,NULL),(99342262733194,'Randomizer Redux','2024-11-01','2025-07-19',7,'https://www.roblox.com/games/99342262733194/Randomizer-Redux?appliedFilters=device%253Dcomputer%252Cage%253Dall%252Ccountry%253Dall&discoverPageSessionInfo=01c05573-f673-4a65-9599-7527054a25ec&gameSetTargetId=660&gameSetTypeId=23&isAd=false&nativeAdData=&numberOfLoadedTiles=52&page=gamesPage&placeId=99342262733194&playContext=gamesPage&position=16&sortPos=14&universeId=6745933496',75,NULL),(100039707794702,'[the upd before noli] Untitled Forsaken Engine','2025-03-15','2025-07-23',6,'https://www.roblox.com/games/100039707794702/the-upd-before-noli-Untitled-Forsaken-Engine?appliedFilters=device%253Dcomputer%252Cage%253Dall%252Ccountry%253Dall&discoverPageSessionInfo=01c05573-f673-4a65-9599-7527054a25ec&gameSetTargetId=237&gameSetTypeId=23&isAd=false&nativeAdData=&numberOfLoadedTiles=80&page=gamesPage&placeId=100039707794702&playContext=gamesPage&position=72&sortPos=5&universeId=7378605382',26,NULL),(100400297022629,'[Slayer] DUEL Warriors','2024-10-30','2025-07-24',6,'https://www.roblox.com/games/100400297022629/Slayer-DUEL-Warriors?appliedFilters=device%253Dcomputer%252Cage%253Dall%252Ccountry%253Dall&discoverPageSessionInfo=01c05573-f673-4a65-9599-7527054a25ec&gameSetTargetId=651&gameSetTypeId=23&isAd=false&nativeAdData=&numberOfLoadedTiles=74&page=gamesPage&placeId=100400297022629&playContext=gamesPage&position=69&sortPos=15&universeId=6736482454',114,NULL),(101403552776844,'[SALES] Jetpack Rush','2025-06-12','2025-07-22',2,'https://www.roblox.com/games/101403552776844/SALES-Jetpack-Rush?appliedFilters=device%253Dcomputer%252Cage%253Dall%252Ccountry%253Dall&discoverPageSessionInfo=01c05573-f673-4a65-9599-7527054a25ec&gameSetTargetId=655&gameSetTypeId=23&isAd=false&nativeAdData=&numberOfLoadedTiles=95&page=gamesPage&placeId=101403552776844&playContext=gamesPage&position=70&sortPos=18&universeId=7897603620',82,NULL),(101419624822516,'Bridge Builders','2025-04-26','2025-07-24',1,'https://www.roblox.com/games/101419624822516/Bridge-Builders?appliedFilters=device%253Dcomputer%252Cage%253Dall%252Ccountry%253Dall&discoverPageSessionInfo=01c05573-f673-4a65-9599-7527054a25ec&gameSetTargetId=656&gameSetTypeId=23&isAd=false&nativeAdData=&numberOfLoadedTiles=82&page=gamesPage&placeId=101419624822516&playContext=gamesPage&position=19&sortPos=19&universeId=7597641221',12,NULL),(102335515580864,'[UPD] Steal A Pet','2025-05-25','2025-07-23',2,'https://www.roblox.com/games/102335515580864/UPD-Steal-A-Pet?appliedFilters=device%253Dcomputer%252Cage%253Dall%252Ccountry%253Dall&discoverPageSessionInfo=01c05573-f673-4a65-9599-7527054a25ec&gameSetTargetId=655&gameSetTypeId=23&isAd=false&nativeAdData=&numberOfLoadedTiles=95&page=gamesPage&placeId=102335515580864&playContext=gamesPage&position=12&sortPos=18&universeId=7772563946',72,NULL),(103120571981776,'climb a mountain','2024-12-01','2025-07-24',5,'https://www.roblox.com/games/103120571981776/climb-a-mountain?appliedFilters=device%253Dcomputer%252Cage%253Dall%252Ccountry%253Dall&discoverPageSessionInfo=01c05573-f673-4a65-9599-7527054a25ec&gameSetTargetId=652&gameSetTypeId=23&isAd=false&nativeAdData=&numberOfLoadedTiles=78&page=gamesPage&placeId=103120571981776&playContext=gamesPage&position=13&sortPos=16&universeId=6862548805',101,NULL),(103138144891239,'Minds Fall - Survival','2024-12-11','2025-05-16',3,'https://www.roblox.com/games/103138144891239/Minds-Fall-Survival?appliedFilters=device%253Dcomputer%252Cage%253Dall%252Ccountry%253Dall&discoverPageSessionInfo=01c05573-f673-4a65-9599-7527054a25ec&gameSetTargetId=238&gameSetTypeId=23&isAd=false&nativeAdData=&numberOfLoadedTiles=87&page=gamesPage&placeId=103138144891239&playContext=gamesPage&position=48&sortPos=1&universeId=6904570042',4,NULL),(104937784445732,'Squid Game 3 [Final Games]','2025-06-04','2025-07-21',1,'https://www.roblox.com/games/104937784445732/Squid-Game-3-Final-Games?appliedFilters=device%253Dcomputer%252Cage%253Dall%252Ccountry%253Dall&discoverPageSessionInfo=01c05573-f673-4a65-9599-7527054a25ec&gameSetTargetId=656&gameSetTypeId=23&isAd=false&nativeAdData=&numberOfLoadedTiles=82&page=gamesPage&placeId=104937784445732&playContext=gamesPage&position=11&sortPos=19&universeId=7837861170',NULL,NULL),(105938112304055,'[Brainrot ] Lucky Block Tower','2025-06-18','2025-07-23',2,'https://www.roblox.com/games/105938112304055/Brainrot-Lucky-Block-Tower?appliedFilters=device%253Dcomputer%252Cage%253Dall%252Ccountry%253Dall&discoverPageSessionInfo=01c05573-f673-4a65-9599-7527054a25ec&gameSetTargetId=238&gameSetTypeId=23&isAd=false&nativeAdData=&numberOfLoadedTiles=87&page=gamesPage&placeId=105938112304055&playContext=gamesPage&position=30&sortPos=1&universeId=7938272070',48,NULL),(107727386530697,'Noob Mayhem','2025-05-29','2025-07-24',11,'https://www.roblox.com/games/107727386530697/Noob-Mayhem?appliedFilters=device%253Dcomputer%252Cage%253Dall%252Ccountry%253Dall&discoverPageSessionInfo=01c05573-f673-4a65-9599-7527054a25ec&gameSetTargetId=673&gameSetTypeId=23&isAd=false&nativeAdData=&numberOfLoadedTiles=90&page=gamesPage&placeId=107727386530697&playContext=gamesPage&position=81&sortPos=11&universeId=7794218964',176,NULL),(108003034980758,'[] Tied Together','2024-10-10','2025-07-22',2,'https://www.roblox.com/games/108003034980758/Tied-Together?appliedFilters=device%253Dcomputer%252Cage%253Dall%252Ccountry%253Dall&discoverPageSessionInfo=01c05573-f673-4a65-9599-7527054a25ec&gameSetTargetId=655&gameSetTypeId=23&isAd=false&nativeAdData=&numberOfLoadedTiles=95&page=gamesPage&placeId=108003034980758&playContext=gamesPage&position=39&sortPos=18&universeId=6655970630',80,NULL),(109599487501571,'[] Better Show','2025-05-20','2025-07-15',1,'https://www.roblox.com/games/109599487501571/Better-Show?appliedFilters=device%253Dcomputer%252Cage%253Dall%252Ccountry%253Dall&discoverPageSessionInfo=01c05573-f673-4a65-9599-7527054a25ec&gameSetTargetId=656&gameSetTypeId=23&isAd=false&nativeAdData=&numberOfLoadedTiles=82&page=gamesPage&placeId=109599487501571&playContext=gamesPage&position=13&sortPos=19&universeId=7733613102',79,NULL),(110072078315694,'Grow a Garden Quiz','2025-06-24','2025-07-23',1,'https://www.roblox.com/games/110072078315694/Grow-a-Garden-Quiz?appliedFilters=device%253Dcomputer%252Cage%253Dall%252Ccountry%253Dall&discoverPageSessionInfo=01c05573-f673-4a65-9599-7527054a25ec&gameSetTargetId=656&gameSetTypeId=23&isAd=false&nativeAdData=&numberOfLoadedTiles=82&page=gamesPage&placeId=110072078315694&playContext=gamesPage&position=1&sortPos=19&universeId=7984427658',36,NULL),(110814051639689,'Oath of Office Political Simulator','2024-09-02','2025-07-19',13,'https://www.roblox.com/games/110814051639689/Oath-of-Office-Political-Simulator?appliedFilters=device%253Dcomputer%252Cage%253Dall%252Ccountry%253Dall&discoverPageSessionInfo=01c05573-f673-4a65-9599-7527054a25ec&gameSetTargetId=659&gameSetTypeId=23&isAd=false&nativeAdData=&numberOfLoadedTiles=91&page=gamesPage&placeId=110814051639689&playContext=gamesPage&position=11&sortPos=21&universeId=6500116207',84,NULL),(111269821236707,'(FREE GUNS) South London','2025-06-29','2025-07-22',6,'https://www.roblox.com/games/111269821236707/FREE-GUNS-South-London?appliedFilters=device%253Dcomputer%252Cage%253Dall%252Ccountry%253Dall&discoverPageSessionInfo=01c05573-f673-4a65-9599-7527054a25ec&gameSetTargetId=651&gameSetTypeId=23&isAd=false&nativeAdData=&numberOfLoadedTiles=74&page=gamesPage&placeId=111269821236707&playContext=gamesPage&position=3&sortPos=15&universeId=8029270163',39,NULL),(111989938562194,'Brainrot Evolution','2025-03-05','2025-07-23',8,'https://www.roblox.com/games/111989938562194/Brainrot-Evolution?discoverPageSessionInfo=01c05573-f673-4a65-9599-7527054a25ec&gameSetTargetId=671&gameSetTypeId=23&isAd=false&nativeAdData=&numberOfLoadedTiles=92&page=gamesPage&placeId=111989938562194&playContext=gamesPage&position=19&sortPos=3&universeId=7332711118',162,NULL),(112279762578792,'Mines','2025-03-25','2025-06-28',8,'https://www.roblox.com/games/112279762578792/Mines?discoverPageSessionInfo=01c05573-f673-4a65-9599-7527054a25ec&gameSetTargetId=670&gameSetTypeId=23&isAd=false&nativeAdData=&numberOfLoadedTiles=98&page=gamesPage&placeId=112279762578792&playContext=gamesPage&position=14&sortPos=8&universeId=7432254268',20,NULL),(112401682618370,'Steal Thaaa Brainrot Modded','2025-07-04','2025-07-24',8,'https://www.roblox.com/games/112401682618370/Steal-Thaaa-Brainrot-Modded?appliedFilters=device%253Dcomputer%252Cage%253Dall%252Ccountry%253Dall&discoverPageSessionInfo=01c05573-f673-4a65-9599-7527054a25ec&gameSetTargetId=239&gameSetTypeId=23&isAd=false&nativeAdData=&numberOfLoadedTiles=42&page=gamesPage&placeId=112401682618370&playContext=gamesPage&position=10&sortPos=2&universeId=8069861680',97,NULL),(113506071094099,'[] SHARP','2025-06-25','2025-07-22',7,'https://www.roblox.com/games/113506071094099/SHARP?appliedFilters=device%253Dcomputer%252Cage%253Dall%252Ccountry%253Dall&discoverPageSessionInfo=01c05573-f673-4a65-9599-7527054a25ec&gameSetTargetId=239&gameSetTypeId=23&isAd=false&nativeAdData=&numberOfLoadedTiles=42&page=gamesPage&placeId=113506071094099&playContext=gamesPage&position=31&sortPos=2&universeId=7996365376',167,NULL),(114291906728616,'POLY-Z RNGZombie Survival','2025-02-11','2025-07-23',7,'https://www.roblox.com/games/114291906728616/POLY-Z-RNG-Zombie-Survival?appliedFilters=device%253Dcomputer%252Cage%253Dall%252Ccountry%253Dall&discoverPageSessionInfo=01c05573-f673-4a65-9599-7527054a25ec&gameSetTargetId=660&gameSetTypeId=23&isAd=false&nativeAdData=&numberOfLoadedTiles=52&page=gamesPage&placeId=114291906728616&playContext=gamesPage&position=12&sortPos=14&universeId=7229464493',94,NULL),(115170712422892,'[MEGA] Butterfly Tycoon','2025-02-15','2025-07-10',8,'https://www.roblox.com/games/115170712422892/MEGA-Butterfly-Tycoon?appliedFilters=device%253Dcomputer%252Cage%253Dall%252Ccountry%253Dall&discoverPageSessionInfo=01c05573-f673-4a65-9599-7527054a25ec&gameSetTargetId=239&gameSetTypeId=23&isAd=false&nativeAdData=&numberOfLoadedTiles=42&page=gamesPage&placeId=115170712422892&playContext=gamesPage&position=24&sortPos=2&universeId=7245520408',70,NULL),(115338810233057,'[CLASSES] Zombie Tower','2025-05-08','2025-07-24',2,'https://www.roblox.com/games/115338810233057/CLASSES-Zombie-Tower?appliedFilters=device%253Dcomputer%252Cage%253Dall%252Ccountry%253Dall&discoverPageSessionInfo=01c05573-f673-4a65-9599-7527054a25ec&gameSetTargetId=223&gameSetTypeId=23&isAd=false&nativeAdData=&numberOfLoadedTiles=90&page=gamesPage&placeId=115338810233057&playContext=gamesPage&position=39&sortPos=10&universeId=7661577083',113,NULL),(119397264543214,'Lucky Gear Tower []','2025-07-06','2025-07-21',2,'https://www.roblox.com/games/119397264543214/Lucky-Gear-Tower?appliedFilters=device%253Dcomputer%252Cage%253Dall%252Ccountry%253Dall&discoverPageSessionInfo=01c05573-f673-4a65-9599-7527054a25ec&gameSetTargetId=655&gameSetTypeId=23&isAd=false&nativeAdData=&numberOfLoadedTiles=95&page=gamesPage&placeId=119397264543214&playContext=gamesPage&position=68&sortPos=18&universeId=8089683668',148,NULL),(121047268788549,'Formula 1998 Championship Edition','2024-10-14','2025-07-19',4,'https://www.roblox.com/games/121047268788549/Formula-1998-Championship-Edition?appliedFilters=device%253Dcomputer%252Cage%253Dall%252Ccountry%253Dall&discoverPageSessionInfo=01c05573-f673-4a65-9599-7527054a25ec&gameSetTargetId=664&gameSetTypeId=23&isAd=false&nativeAdData=&numberOfLoadedTiles=90&page=gamesPage&placeId=121047268788549&playContext=gamesPage&position=40&sortPos=13&universeId=6673367088',5,NULL),(121807678075780,'Steal Junk','2025-05-26','2025-07-24',8,'https://www.roblox.com/games/121807678075780/Steal-Junk?appliedFilters=device%253Dcomputer%252Cage%253Dall%252Ccountry%253Dall&discoverPageSessionInfo=01c05573-f673-4a65-9599-7527054a25ec&gameSetTargetId=662&gameSetTypeId=23&isAd=false&nativeAdData=&numberOfLoadedTiles=97&page=gamesPage&placeId=121807678075780&playContext=gamesPage&position=96&sortPos=23&universeId=7778459210',13,NULL),(122142945178411,'UGC Easy Glass Bridge Obby','2025-02-21','2025-07-22',2,'https://www.roblox.com/games/122142945178411/UGC-Easy-Glass-Bridge-Obby?appliedFilters=device%253Dcomputer%252Cage%253Dall%252Ccountry%253Dall&discoverPageSessionInfo=01c05573-f673-4a65-9599-7527054a25ec&gameSetTargetId=655&gameSetTypeId=23&isAd=false&nativeAdData=&numberOfLoadedTiles=95&page=gamesPage&placeId=122142945178411&playContext=gamesPage&position=88&sortPos=18&universeId=7272113094',73,NULL),(123662243100680,'[] SpongeBob Tower Defense','2024-09-24','2025-07-24',12,'https://www.roblox.com/games/123662243100680/SpongeBob-Tower-Defense?discoverPageSessionInfo=01c05573-f673-4a65-9599-7527054a25ec&gameSetTargetId=670&gameSetTypeId=23&isAd=false&nativeAdData=&numberOfLoadedTiles=98&page=gamesPage&placeId=123662243100680&playContext=gamesPage&position=3&sortPos=8&universeId=6594435384',108,NULL),(123741668193208,'The 1000000 Jump Rope','2025-07-06','2025-07-24',2,'https://www.roblox.com/games/123741668193208/The-1-000-000-Jump-Rope?appliedFilters=device%253Dcomputer%252Cage%253Dall%252Ccountry%253Dall&discoverPageSessionInfo=01c05573-f673-4a65-9599-7527054a25ec&gameSetTargetId=239&gameSetTypeId=23&isAd=false&nativeAdData=&numberOfLoadedTiles=42&page=gamesPage&placeId=123741668193208&playContext=gamesPage&position=8&sortPos=2&universeId=8081472583',90,NULL),(124823937850563,'','2025-02-07','2025-07-23',4,'https://www.roblox.com/games/124823937850563/BERSERK-DRIFT-2?appliedFilters=device%253Dcomputer%252Cage%253Dall%252Ccountry%253Dall&discoverPageSessionInfo=01c05573-f673-4a65-9599-7527054a25ec&gameSetTargetId=664&gameSetTypeId=23&isAd=false&nativeAdData=&numberOfLoadedTiles=90&page=gamesPage&placeId=124823937850563&playContext=gamesPage&position=36&sortPos=13&universeId=7207944727',150,NULL),(125790795579287,'Incredible Blox','2024-12-27','2025-07-23',15,'https://www.roblox.com/games/125790795579287/Incredible-Blox?appliedFilters=device%253Dcomputer%252Cage%253Dall%252Ccountry%253Dall&discoverPageSessionInfo=01c05573-f673-4a65-9599-7527054a25ec&gameSetTargetId=654&gameSetTypeId=23&isAd=false&nativeAdData=&numberOfLoadedTiles=33&page=gamesPage&placeId=125790795579287&playContext=gamesPage&position=12&sortPos=17&universeId=6983536246',117,NULL),(126244816328678,'[2X Luck] DIG','2025-02-09','2025-07-23',8,'https://www.roblox.com/games/126244816328678/2X-Luck-DIG?appliedFilters=device%253Dcomputer%252Cage%253Dall%252Ccountry%253Dall&discoverPageSessionInfo=01c05573-f673-4a65-9599-7527054a25ec&gameSetTargetId=241&gameSetTypeId=23&isAd=false&nativeAdData=&numberOfLoadedTiles=86&page=gamesPage&placeId=126244816328678&playContext=gamesPage&position=82&sortPos=6&universeId=7218065222',62,NULL),(127757919932453,'Labubu [HORROR]','2025-05-10','2025-06-10',5,'https://www.roblox.com/games/127757919932453/Labubu-HORROR?appliedFilters=device%253Dcomputer%252Cage%253Dall%252Ccountry%253Dall&discoverPageSessionInfo=01c05573-f673-4a65-9599-7527054a25ec&gameSetTargetId=652&gameSetTypeId=23&isAd=false&nativeAdData=&numberOfLoadedTiles=78&page=gamesPage&placeId=127757919932453&playContext=gamesPage&position=56&sortPos=16&universeId=7675956997',106,NULL),(129121878966543,'Hug or Pass  [BOOTHS]','2025-05-31','2025-07-20',1,'https://www.roblox.com/games/129121878966543/Hug-or-Pass-BOOTHS?discoverPageSessionInfo=01c05573-f673-4a65-9599-7527054a25ec&gameSetTargetId=671&gameSetTypeId=23&isAd=false&nativeAdData=&numberOfLoadedTiles=92&page=gamesPage&placeId=129121878966543&playContext=gamesPage&position=79&sortPos=3&universeId=7812923977',153,NULL),(129134935332234,'[SUMMER] - Grow a Garden Quiz','2025-05-11','2025-07-19',1,'https://www.roblox.com/games/129134935332234/SUMMER-Grow-a-Garden-Quiz?appliedFilters=device%253Dcomputer%252Cage%253Dall%252Ccountry%253Dall&discoverPageSessionInfo=01c05573-f673-4a65-9599-7527054a25ec&gameSetTargetId=656&gameSetTypeId=23&isAd=false&nativeAdData=&numberOfLoadedTiles=82&page=gamesPage&placeId=129134935332234&playContext=gamesPage&position=23&sortPos=19&universeId=7685972663',141,NULL),(130739873848552,'[UPD] Basketball Zero','2025-01-03','2025-07-23',4,'https://www.roblox.com/games/130739873848552/UPD-Basketball-Zero?appliedFilters=device%253Dcomputer%252Cage%253Dall%252Ccountry%253Dall&discoverPageSessionInfo=01c05573-f673-4a65-9599-7527054a25ec&gameSetTargetId=241&gameSetTypeId=23&isAd=false&nativeAdData=&numberOfLoadedTiles=86&page=gamesPage&placeId=130739873848552&playContext=gamesPage&position=32&sortPos=6&universeId=7028566528',65,NULL),(131145970478334,'[UPD] Fight in Streamer University','2025-05-24','2025-07-23',6,'https://www.roblox.com/games/131145970478334/UPD-Fight-in-Streamer-University?appliedFilters=device%253Dcomputer%252Cage%253Dall%252Ccountry%253Dall&discoverPageSessionInfo=01c05573-f673-4a65-9599-7527054a25ec&gameSetTargetId=651&gameSetTypeId=23&isAd=false&nativeAdData=&numberOfLoadedTiles=74&page=gamesPage&placeId=131145970478334&playContext=gamesPage&position=23&sortPos=15&universeId=7761516673',37,NULL),(131783066284968,'Feed Your Pet','2025-05-07','2025-07-20',8,'https://www.roblox.com/games/131783066284968/Feed-Your-Pet?appliedFilters=device%253Dcomputer%252Cage%253Dall%252Ccountry%253Dall&discoverPageSessionInfo=01c05573-f673-4a65-9599-7527054a25ec&gameSetTargetId=241&gameSetTypeId=23&isAd=false&nativeAdData=&numberOfLoadedTiles=86&page=gamesPage&placeId=131783066284968&playContext=gamesPage&position=64&sortPos=6&universeId=7658839393',11,NULL),(132586479415502,'Webbed [2 Player Obby]','2025-03-12','2025-07-18',2,'https://www.roblox.com/games/132586479415502/Webbed-2-Player-Obby?appliedFilters=device%253Dcomputer%252Cage%253Dall%252Ccountry%253Dall&discoverPageSessionInfo=01c05573-f673-4a65-9599-7527054a25ec&gameSetTargetId=223&gameSetTypeId=23&isAd=false&nativeAdData=&numberOfLoadedTiles=90&page=gamesPage&placeId=132586479415502&playContext=gamesPage&position=34&sortPos=10&universeId=7364297396',2,NULL),(134697928735986,'[ Sakura Pass] FREE FIRE Ilha de treinamento','2025-02-19','2025-07-23',7,'https://www.roblox.com/games/134697928735986/Sakura-Pass-FREE-FIRE-Ilha-de-treinamento?appliedFilters=device%253Dcomputer%252Cage%253Dall%252Ccountry%253Dall&discoverPageSessionInfo=01c05573-f673-4a65-9599-7527054a25ec&gameSetTargetId=660&gameSetTypeId=23&isAd=false&nativeAdData=&numberOfLoadedTiles=52&page=gamesPage&placeId=134697928735986&playContext=gamesPage&position=14&sortPos=14&universeId=7264117105',99,NULL),(135071635394677,'Simple Guns [FFA]','2025-05-29','2025-07-24',7,'https://www.roblox.com/games/135071635394677/Simple-Guns-FFA?appliedFilters=device%253Dcomputer%252Cage%253Dall%252Ccountry%253Dall&discoverPageSessionInfo=01c05573-f673-4a65-9599-7527054a25ec&gameSetTargetId=660&gameSetTypeId=23&isAd=false&nativeAdData=&numberOfLoadedTiles=52&page=gamesPage&placeId=135071635394677&playContext=gamesPage&position=4&sortPos=14&universeId=7797566941',81,NULL),(135526982947902,'FORTLITE','2024-12-17','2025-07-18',7,'https://www.roblox.com/games/135526982947902/FORTLITE?appliedFilters=device%253Dcomputer%252Cage%253Dall%252Ccountry%253Dall&discoverPageSessionInfo=01c05573-f673-4a65-9599-7527054a25ec&gameSetTargetId=660&gameSetTypeId=23&isAd=false&nativeAdData=&numberOfLoadedTiles=52&page=gamesPage&placeId=135526982947902&playContext=gamesPage&position=44&sortPos=14&universeId=6929888880',160,NULL),(135864053284092,'ESCAPE ROOM Deluxe Edition [BETA]','2025-05-16','2025-07-24',9,'https://www.roblox.com/games/135864053284092/ESCAPE-ROOM-Deluxe-Edition-BETA?appliedFilters=device%253Dcomputer%252Cage%253Dall%252Ccountry%253Dall&discoverPageSessionInfo=01c05573-f673-4a65-9599-7527054a25ec&gameSetTargetId=657&gameSetTypeId=23&isAd=false&nativeAdData=&numberOfLoadedTiles=30&page=gamesPage&placeId=135864053284092&playContext=gamesPage&position=28&sortPos=20&universeId=7709793220',130,NULL),(136180334926832,'Antariksa Expedition','2025-07-01','2025-07-18',5,'https://www.roblox.com/games/136180334926832/Antariksa-Expedition?appliedFilters=device%253Dcomputer%252Cage%253Dall%252Ccountry%253Dall&discoverPageSessionInfo=01c05573-f673-4a65-9599-7527054a25ec&gameSetTargetId=652&gameSetTypeId=23&isAd=false&nativeAdData=&numberOfLoadedTiles=78&page=gamesPage&placeId=136180334926832&playContext=gamesPage&position=15&sortPos=16&universeId=8038511396',147,NULL),(136999450205609,'Matematika Tower','2025-06-30','2025-07-10',2,'https://www.roblox.com/games/136999450205609/Matematika-Tower?appliedFilters=device%253Dcomputer%252Cage%253Dall%252Ccountry%253Dall&discoverPageSessionInfo=01c05573-f673-4a65-9599-7527054a25ec&gameSetTargetId=655&gameSetTypeId=23&isAd=false&nativeAdData=&numberOfLoadedTiles=95&page=gamesPage&placeId=136999450205609&playContext=gamesPage&position=59&sortPos=18&universeId=8035745255',NULL,NULL),(137167142636546,'[] Steal a Freddy','2025-06-12','2025-07-23',8,'https://www.roblox.com/games/137167142636546/Steal-a-Freddy?appliedFilters=device%253Dcomputer%252Cage%253Dall%252Ccountry%253Dall&discoverPageSessionInfo=01c05573-f673-4a65-9599-7527054a25ec&gameSetTargetId=222&gameSetTypeId=23&isAd=false&nativeAdData=&numberOfLoadedTiles=70&page=gamesPage&placeId=137167142636546&playContext=gamesPage&position=47&sortPos=4&universeId=7896337643',129,NULL),(137628283909891,'[YUKIMIYA] Goalbound','2024-12-16','2025-07-21',4,'https://www.roblox.com/games/137628283909891/YUKIMIYA-Goalbound?discoverPageSessionInfo=01c05573-f673-4a65-9599-7527054a25ec&gameSetTargetId=670&gameSetTypeId=23&isAd=false&nativeAdData=&numberOfLoadedTiles=98&page=gamesPage&placeId=137628283909891&playContext=gamesPage&position=11&sortPos=8&universeId=6925303818',53,NULL),(137634669639110,'Find The Labubu [127]','2025-06-22','2025-07-04',5,'https://www.roblox.com/games/137634669639110/Find-The-Labubu-127?appliedFilters=device%253Dcomputer%252Cage%253Dall%252Ccountry%253Dall&discoverPageSessionInfo=01c05573-f673-4a65-9599-7527054a25ec&gameSetTargetId=652&gameSetTypeId=23&isAd=false&nativeAdData=&numberOfLoadedTiles=78&page=gamesPage&placeId=137634669639110&playContext=gamesPage&position=27&sortPos=16&universeId=7975097812',134,NULL),(137708409245293,'[NEWSCENE]Wally West Simulator Speed Unleashed','2025-06-19','2025-07-24',8,'https://www.roblox.com/games/137708409245293/NEWSCENE-Wally-West-Simulator-Speed-Unleashed?appliedFilters=device%253Dcomputer%252Cage%253Dall%252Ccountry%253Dall&discoverPageSessionInfo=01c05573-f673-4a65-9599-7527054a25ec&gameSetTargetId=662&gameSetTypeId=23&isAd=false&nativeAdData=&numberOfLoadedTiles=97&page=gamesPage&placeId=137708409245293&playContext=gamesPage&position=53&sortPos=23&universeId=7950003836',87,NULL),(137821247265040,'Troll Ghost Player Tower','2025-06-07','2025-07-21',2,'https://www.roblox.com/games/137821247265040/Troll-Ghost-Player-Tower?appliedFilters=device%253Dcomputer%252Cage%253Dall%252Ccountry%253Dall&discoverPageSessionInfo=01c05573-f673-4a65-9599-7527054a25ec&gameSetTargetId=655&gameSetTypeId=23&isAd=false&nativeAdData=&numberOfLoadedTiles=95&page=gamesPage&placeId=137821247265040&playContext=gamesPage&position=28&sortPos=18&universeId=7855982925',NULL,NULL),(137925884276740,'[] Build A Plane','2025-06-02','2025-07-23',8,'https://www.roblox.com/games/137925884276740/Build-A-Plane?appliedFilters=device%253Dcomputer%252Cage%253Dall%252Ccountry%253Dall&discoverPageSessionInfo=01c05573-f673-4a65-9599-7527054a25ec&gameSetTargetId=223&gameSetTypeId=23&isAd=false&nativeAdData=&numberOfLoadedTiles=90&page=gamesPage&placeId=137925884276740&playContext=gamesPage&position=30&sortPos=10&universeId=7822444776',159,NULL),(139233844569220,'[] ZOO or OOF','2025-05-27','2025-07-23',1,'https://www.roblox.com/games/139233844569220/ZOO-or-OOF?appliedFilters=device%253Dcomputer%252Cage%253Dall%252Ccountry%253Dall&discoverPageSessionInfo=01c05573-f673-4a65-9599-7527054a25ec&gameSetTargetId=238&gameSetTypeId=23&isAd=false&nativeAdData=&numberOfLoadedTiles=87&page=gamesPage&placeId=139233844569220&playContext=gamesPage&position=77&sortPos=1&universeId=7785400752',1,NULL);
/*!40000 ALTER TABLE `dim_game` ENABLE KEYS */;
UNLOCK TABLES;

--
-- Table structure for table `dim_game_per_country`
--

DROP TABLE IF EXISTS `dim_game_per_country`;
/*!40101 SET @saved_cs_client     = @@character_set_client */;
/*!50503 SET character_set_client = utf8mb4 */;
CREATE TABLE `dim_game_per_country` (
  `country_id` int NOT NULL,
  `game_id` bigint NOT NULL,
  PRIMARY KEY (`country_id`,`game_id`),
  KEY `game_id` (`game_id`),
  CONSTRAINT `dim_game_per_country_ibfk_1` FOREIGN KEY (`country_id`) REFERENCES `dim_country` (`country_id`),
  CONSTRAINT `dim_game_per_country_ibfk_2` FOREIGN KEY (`game_id`) REFERENCES `dim_game` (`game_id`)
) ENGINE=InnoDB DEFAULT CHARSET=utf8mb4 COLLATE=utf8mb4_0900_ai_ci;
/*!40101 SET character_set_client = @saved_cs_client */;

--
-- Dumping data for table `dim_game_per_country`
--

LOCK TABLES `dim_game_per_country` WRITE;
/*!40000 ALTER TABLE `dim_game_per_country` DISABLE KEYS */;
/*!40000 ALTER TABLE `dim_game_per_country` ENABLE KEYS */;
UNLOCK TABLES;

--
-- Table structure for table `fact_game_stats`
--

DROP TABLE IF EXISTS `fact_game_stats`;
/*!40101 SET @saved_cs_client     = @@character_set_client */;
/*!50503 SET character_set_client = utf8mb4 */;
CREATE TABLE `fact_game_stats` (
  `stats_id` int NOT NULL AUTO_INCREMENT,
  `active_users` int DEFAULT NULL,
  `favorites` int DEFAULT NULL,
  `total_visits` bigint DEFAULT NULL,
  `thumbs_up` int DEFAULT NULL,
  `thumbs_down` int DEFAULT NULL,
  `RBM` int DEFAULT NULL,
  `game_id` bigint DEFAULT NULL,
  `date` date DEFAULT NULL,
  PRIMARY KEY (`stats_id`),
  UNIQUE KEY `unique_game_date` (`game_id`,`date`),
  KEY `date` (`date`),
  CONSTRAINT `fact_game_stats_ibfk_1` FOREIGN KEY (`game_id`) REFERENCES `dim_game` (`game_id`),
  CONSTRAINT `fact_game_stats_ibfk_2` FOREIGN KEY (`date`) REFERENCES `dim_date` (`date`)
) ENGINE=InnoDB AUTO_INCREMENT=201 DEFAULT CHARSET=utf8mb4 COLLATE=utf8mb4_0900_ai_ci;
/*!40101 SET character_set_client = @saved_cs_client */;

--
-- Dumping data for table `fact_game_stats`
--

LOCK TABLES `fact_game_stats` WRITE;
/*!40000 ALTER TABLE `fact_game_stats` DISABLE KEYS */;
INSERT INTO `fact_game_stats` VALUES (1,3467,260440,5700000,25000,1752,0,139233844569220,'2025-07-24'),(2,20353,325262,147000000,43000,6607,0,132586479415502,'2025-07-24'),(3,5254,61329,14000000,6286,1137,0,104937784445732,'2025-07-24'),(4,1716,2526034,36900000,99000,6661,0,103138144891239,'2025-07-24'),(5,66,11202,1100000,2085,354,0,121047268788549,'2025-07-24'),(6,5316,45313,13900000,13000,1159,0,92044060392057,'2025-07-24'),(7,7472,7559968,1600000000,733000,266000,0,662417684,'2025-07-24'),(8,70,819788,81900000,280000,50000,0,4651779470,'2025-07-24'),(9,351,85725,7900000,9168,1131,0,15743235834,'2025-07-24'),(10,13788,149780,6900000,315000,4315,0,81072337989394,'2025-07-24'),(11,4268,1156091,34800000,158000,3239,0,131783066284968,'2025-07-24'),(12,2038,5471,6600000,4400,923,0,101419624822516,'2025-07-24'),(13,2055,42375,2400000,5199,383,0,121807678075780,'2025-07-24'),(14,183,79989,14100000,12000,2222,0,15180042075,'2025-07-24'),(15,25,110245,3600000,25000,1814,0,601239270,'2025-07-24'),(16,52515,2508470,1000000000,1000000,52000,0,73956553001240,'2025-07-24'),(17,31312,3586047,3600000000,2000000,208000,0,8737602449,'2025-07-24'),(18,13640,435957,83500000,153000,12000,0,16991287194,'2025-07-24'),(19,32890,139852,145400000,432000,12000,0,72212564918217,'2025-07-24'),(20,3408,400507,24300000,462000,5152,0,112279762578792,'2025-07-24'),(21,67507,1120488,1100000000,789000,61000,0,7554888362,'2025-07-24'),(22,203,231630,24900000,64000,14000,0,6589412525,'2025-07-24'),(23,1855,2037974,922900000,575000,64000,0,71315343,'2025-07-24'),(24,5982,749895,52800000,58000,2064,0,18649596490,'2025-07-24'),(25,122,116847,7000000,24000,4825,0,2797140616,'2025-07-24'),(26,1877,25139,10600000,8475,3465,0,100039707794702,'2025-07-24'),(27,227,435117,116700000,952000,21000,0,12135640403,'2025-07-24'),(28,402,12056,3800000,2643,595,0,80085043174485,'2025-07-24'),(29,1585,1833686,504800000,57000,20000,0,4640354700,'2025-07-24'),(30,17037,14325031,385600000,97000,11000,0,12407250267,'2025-07-24'),(31,180,137644,7900000,50000,1984,0,15685372384,'2025-07-24'),(33,546,18369,8900000,8297,2353,0,15133985014,'2025-07-24'),(34,127,41532,2500000,11000,3436,0,131679415,'2025-07-24'),(35,598,63238,43200000,23000,6563,0,5656754541,'2025-07-24'),(36,4332,935670,497800000,271000,67000,0,2913303231,'2025-07-24'),(37,155,10650,436900,82,31,0,110072078315694,'2025-07-24'),(38,431,8498,1300000,10000,748,0,131145970478334,'2025-07-24'),(39,187,674108,98200000,114000,8592,0,6430630495,'2025-07-24'),(40,481,11379,386600,733,60,0,111269821236707,'2025-07-24'),(41,4613,1353062,33600000,479000,8120,0,83942919686609,'2025-07-24'),(42,8831,3872906,618900000,1000000,33000,0,17450551531,'2025-07-24'),(43,5072,1562275,123800000,61000,15000,0,18432975025,'2025-07-24'),(45,282,42687,8500000,12000,1248,0,88282708812651,'2025-07-24'),(46,33840,11930953,13700000000,3000000,423000,0,4623386862,'2025-07-24'),(47,482,5177,748100,1442,411,0,73808553296106,'2025-07-24'),(48,745,346620,254000000,484000,21000,0,12986400307,'2025-07-24'),(49,482,16540,327800,2726,357,0,78486942226809,'2025-07-24'),(50,21079,102387,38400000,139000,4939,0,105938112304055,'2025-07-24'),(51,842,110256,34400000,16000,5363,0,16181108359,'2025-07-24'),(52,73,17550,5200000,2940,926,0,17439875687,'2025-07-24'),(53,6893,1800988,866000000,1000000,110000,0,7180042682,'2025-07-24'),(54,1150,99884,64300000,179000,9444,0,14419907512,'2025-07-24'),(56,37237,6131134,3200000000,2000000,131000,0,1537690962,'2025-07-24'),(57,10128,225489,35800000,716000,13000,0,137628283909891,'2025-07-24'),(58,2,17064,239600,1199,241,0,6855783063,'2025-07-24'),(59,6720,57110,95900000,11000,2008,0,17192092512,'2025-07-24'),(60,1713,47756,31300000,20000,1618,0,93557410403539,'2025-07-24'),(61,9312,477190,20400000,401000,5588,0,79657240466394,'2025-07-24'),(62,715,2316587,112500000,17000,4886,0,4577486879,'2025-07-24'),(63,129,200319,17600000,64000,11000,0,45659278,'2025-07-24'),(64,2911,84538,22500000,34000,3738,0,17844293708,'2025-07-24'),(65,57,165947,22100000,65000,9007,0,299659045,'2025-07-24'),(66,10369,89279,43800000,90000,9408,0,126244816328678,'2025-07-24'),(67,455,71390,8700000,38000,7559,0,96490671161699,'2025-07-24'),(68,17402,18418637,7500000000,5000000,791000,0,606849621,'2025-07-24'),(70,27565,1386193,539200000,5000000,72000,0,130739873848552,'2025-07-24'),(71,242,108003,25300000,41000,6572,0,5098630929,'2025-07-24'),(72,261,132105,14700000,18000,4225,0,16343978644,'2025-07-24'),(73,22715,158410,430300000,436000,10000,0,72829404259339,'2025-07-24'),(74,1306,217578,46700000,85000,4883,0,16864008714,'2025-07-24'),(75,292,888,270000,276,115,0,87212636993817,'2025-07-24'),(76,2637,44091,4000000,5024,703,0,115170712422892,'2025-07-24'),(77,3252,265495,142700000,83000,17000,0,5683833663,'2025-07-24'),(78,4929,6897,7700000,12000,642,0,102335515580864,'2025-07-24'),(79,470,253847,1400000,2199,677,0,122142945178411,'2025-07-24'),(80,35347,742536,830300000,322000,61000,0,7711635737,'2025-07-24'),(81,1008,45221,10100000,11000,4516,0,99342262733194,'2025-07-24'),(82,185,257798,18100000,131000,3093,0,70767845851256,'2025-07-24'),(83,17103,4426418,118700000,321000,19000,0,75139493550474,'2025-07-24'),(85,54213,6373541,6600000000,2000000,160000,0,9872472334,'2025-07-24'),(86,242,60253,874400,4768,215,0,109599487501571,'2025-07-24'),(87,465,12395,1300000,11000,187,0,108003034980758,'2025-07-24'),(88,812,28726,1700000,3444,234,0,135071635394677,'2025-07-24'),(89,273,696,573100,834,65,0,101403552776844,'2025-07-24'),(90,1045,1613849,355400000,338000,85000,0,381674682,'2025-07-24'),(91,845,105753,12100000,25000,4697,0,110814051639689,'2025-07-24'),(92,46,68344,10500000,22000,7267,0,9051087354,'2025-07-24'),(94,4225,814007,133000000,219000,31000,0,863266079,'2025-07-24'),(95,92,448,119900,184,49,0,137708409245293,'2025-07-24'),(96,7658,89133,61300000,48000,3576,0,71412777087552,'2025-07-24'),(97,42008,240880,105000000,54000,8332,0,81239378558719,'2025-07-24'),(99,34432,1867439,15700000,46000,2904,0,123741668193208,'2025-07-24'),(100,46,84598,5000000,3005,1255,0,15715250396,'2025-07-24'),(101,19084,881381,512900000,832000,36000,0,13379208636,'2025-07-24'),(102,144,70492,10800000,16000,3085,0,8876147780,'2025-07-24'),(103,716,11563,2600000,4191,806,0,114291906728616,'2025-07-24'),(104,3905,958200,258700000,236000,34000,0,8571687919,'2025-07-24'),(105,2882,8222,5900000,12000,946,0,88021617698822,'2025-07-24'),(106,16468,944031,12500000,5942,686,0,112401682618370,'2025-07-24'),(107,1574,3727,8000000,3117,367,0,7577961216,'2025-07-24'),(108,73,16815,4000000,3065,567,0,16648064928,'2025-07-24'),(109,194,339250,3500000,906,212,0,134697928735986,'2025-07-24'),(110,6626,180486,61900000,50000,6358,0,18934709778,'2025-07-24'),(111,2060,23897,2000000,6092,1676,0,103120571981776,'2025-07-24'),(112,297,810937,42000000,32000,4881,0,8848607186,'2025-07-24'),(113,943,133517,30800000,40000,7436,0,18238180555,'2025-07-24'),(114,372,10133,579300,1107,399,0,95293629233276,'2025-07-24'),(115,443,148758,11700000,28000,4488,0,10001065412,'2025-07-24'),(116,609,120130,6500000,9691,3297,0,127757919932453,'2025-07-24'),(117,12,478598,16800000,141000,6650,0,404729070,'2025-07-24'),(118,8899,2875502,383300000,1000000,26000,0,123662243100680,'2025-07-24'),(119,2788,3786388,869500000,1000000,142000,0,137877687,'2025-07-24'),(120,1094,4581838,88600000,561000,11000,0,17670743999,'2025-07-24'),(122,2203,1610032,593900000,702000,153000,0,6678877691,'2025-07-24'),(123,86,1033972,389300000,1000000,65000,0,6953291455,'2025-07-24'),(125,14069,914812,14100000,5074,1737,0,115338810233057,'2025-07-24'),(126,5265,221134,65599999,651000,22000,0,100400297022629,'2025-07-24'),(127,33868,767781,1200000000,1000000,120000,0,15532962292,'2025-07-24'),(128,7751,564656,225800000,471000,34000,0,11276071411,'2025-07-24'),(129,4181,5905896,1600000000,2000000,241000,0,292439477,'2025-07-24'),(131,575,81243,14800000,20000,1742,0,125790795579287,'2025-07-24'),(132,593,58172,26100000,17000,5015,0,4629209674,'2025-07-24'),(133,627,49381,84500000,50000,13000,0,80316691895873,'2025-07-24'),(134,1091,25038,3800000,13000,2627,0,79368456802742,'2025-07-24'),(135,1018,1573794,510500000,279000,34000,0,4936591712,'2025-07-24'),(136,1235,118008,1000000,1741,200,0,73260369529980,'2025-07-24'),(137,340,3902564,64900000,461000,9622,0,15313073197,'2025-07-24'),(138,453,360764,63800000,237000,6782,0,18565120308,'2025-07-24'),(139,990,2856484,143000000,285000,9514,0,16981421605,'2025-07-24'),(140,26138,3232476,4099999999,1000000,113000,0,3260590327,'2025-07-24'),(142,16193,2610528,1200000000,1000000,103000,0,2534724415,'2025-07-24'),(143,849,60916,9500000,19000,1411,0,2872154782,'2025-07-24'),(144,6407,24707,18600000,16000,2840,0,137167142636546,'2025-07-24'),(145,241,33598,1600000,1255,355,0,135864053284092,'2025-07-24'),(146,671,55143,42300000,22000,3816,0,14895218677,'2025-07-24'),(147,85030,4138677,4000000000,1000000,142000,0,7041939546,'2025-07-24'),(148,10159,223385,12400000,66000,1044,0,90462358603255,'2025-07-24'),(149,183,54665,565600,2810,164,0,137634669639110,'2025-07-24'),(150,107716,5721827,13500000000,4000000,793000,0,10449761463,'2025-07-24'),(151,1976,11279,3300000,7743,728,0,75178747054941,'2025-07-24'),(152,940,23003,12600000,16000,1048,0,82434557832176,'2025-07-24'),(153,3810,455799,399700000,147000,31000,0,12397515839,'2025-07-24'),(155,185,944070,22900000,866000,12000,0,17487086188,'2025-07-24'),(156,540,15263,6400000,7034,2202,0,6206310576,'2025-07-24'),(157,307,10930,7500000,22000,1446,0,129134935332234,'2025-07-24'),(158,131,13428,5200000,7523,2271,0,9665612064,'2025-07-24'),(159,232,4945311,36800000,8288,2589,0,16087546880,'2025-07-24'),(160,399,135633,35100000,33000,3492,0,6722921118,'2025-07-24'),(161,41151,1344565,2000000000,1000000,199000,0,9391468976,'2025-07-24'),(162,589,36972,3500000,10000,1125,0,93729973089151,'2025-07-24'),(163,75,4917,635100,567,160,0,136180334926832,'2025-07-24'),(164,857,226508,1700000,4944,579,0,119397264543214,'2025-07-24'),(166,44337,609330,889000000,770000,35000,0,12886143095,'2025-07-24'),(167,592,44969,9800000,10000,1322,0,124823937850563,'2025-07-24'),(168,262,145164,2100000,1334,219,0,80989280669685,'2025-07-24'),(169,1068271,776071,1000000000,429000,39000,0,79546208627805,'2025-07-24'),(171,15797,2902740,32200000,116000,5990,0,129121878966543,'2025-07-24'),(172,50,32945,1700000,5908,232,0,10962282214,'2025-07-24'),(173,551,177423,27400000,23000,2956,0,13521186297,'2025-07-24'),(175,296,91818,28600000,62000,21000,0,18629053284,'2025-07-24'),(178,382,123263,769700,4469,225,0,137821247265040,'2025-07-24'),(179,287,239426,67800000,108000,9454,0,14970015233,'2025-07-24'),(180,27317,12174,9700000,7567,2242,0,137925884276740,'2025-07-24'),(181,1260,16276,36400000,7829,1507,0,135526982947902,'2025-07-24'),(183,19193,240766,496300000,451000,13000,0,85896571713843,'2025-07-24'),(184,54962,1348443,458400000,1000000,30000,0,111989938562194,'2025-07-24'),(185,80,304087,64400000,97000,10000,0,233727153,'2025-07-24'),(186,737,678388,33400000,13000,3669,0,15583100726,'2025-07-24'),(187,250162,1463449,1500000000,1000000,153000,0,18687417158,'2025-07-24'),(188,173,374122,2700000,2280,426,0,136999450205609,'2025-07-24'),(189,3627,32518,7700000,13000,2721,0,113506071094099,'2025-07-24'),(190,23040,2630111,3700000000,1000000,149000,0,4520749081,'2025-07-24'),(191,259,74930,12700000,23000,7234,0,17788997511,'2025-07-24'),(192,772,37179,9200000,6625,2293,0,7052580219,'2025-07-24'),(193,1213,1372,634600,2088,189,0,74399004053401,'2025-07-24'),(194,552,11776,497700,1809,197,0,83273735730446,'2025-07-24'),(195,10967,870094,976400000,196000,30000,0,8369888266,'2025-07-24'),(196,6605,502804,13900000,65000,2409,0,81968724698850,'2025-07-24'),(197,230,2040776,361300000,382000,53000,0,845649531,'2025-07-24'),(198,1597,19801,1500000,4557,336,0,107727386530697,'2025-07-24'),(200,2128,2124596,83900000,287000,7481,0,12338455185,'2025-07-24');
/*!40000 ALTER TABLE `fact_game_stats` ENABLE KEYS */;
UNLOCK TABLES;
/*!40103 SET TIME_ZONE=@OLD_TIME_ZONE */;

/*!40101 SET SQL_MODE=@OLD_SQL_MODE */;
/*!40014 SET FOREIGN_KEY_CHECKS=@OLD_FOREIGN_KEY_CHECKS */;
/*!40014 SET UNIQUE_CHECKS=@OLD_UNIQUE_CHECKS */;
/*!40101 SET CHARACTER_SET_CLIENT=@OLD_CHARACTER_SET_CLIENT */;
/*!40101 SET CHARACTER_SET_RESULTS=@OLD_CHARACTER_SET_RESULTS */;
/*!40101 SET COLLATION_CONNECTION=@OLD_COLLATION_CONNECTION */;
/*!40111 SET SQL_NOTES=@OLD_SQL_NOTES */;

-- Dump completed on 2025-07-25 18:47:09
