-- MySQL dump 10.13  Distrib 9.2.0, for macos14.7 (arm64)
--
-- Host: localhost    Database: seleksi_basdat_new
-- ------------------------------------------------------
-- Server version	9.2.0

/*!40101 SET @OLD_CHARACTER_SET_CLIENT=@@CHARACTER_SET_CLIENT */;
/*!40101 SET @OLD_CHARACTER_SET_RESULTS=@@CHARACTER_SET_RESULTS */;
/*!40101 SET @OLD_COLLATION_CONNECTION=@@COLLATION_CONNECTION */;
/*!50503 SET NAMES utf8mb4 */;
/*!40103 SET @OLD_TIME_ZONE=@@TIME_ZONE */;
/*!40103 SET TIME_ZONE='+00:00' */;
/*!40014 SET @OLD_UNIQUE_CHECKS=@@UNIQUE_CHECKS, UNIQUE_CHECKS=0 */;
/*!40014 SET @OLD_FOREIGN_KEY_CHECKS=@@FOREIGN_KEY_CHECKS, FOREIGN_KEY_CHECKS=0 */;
/*!40101 SET @OLD_SQL_MODE=@@SQL_MODE, SQL_MODE='NO_AUTO_VALUE_ON_ZERO' */;
/*!40111 SET @OLD_SQL_NOTES=@@SQL_NOTES, SQL_NOTES=0 */;

--
-- Table structure for table `Community`
--

DROP TABLE IF EXISTS `Community`;
/*!40101 SET @saved_cs_client     = @@character_set_client */;
/*!50503 SET character_set_client = utf8mb4 */;
CREATE TABLE `Community` (
  `community_id` int NOT NULL AUTO_INCREMENT,
  `name` text,
  `member` int DEFAULT NULL,
  `creator_id` int DEFAULT NULL,
  PRIMARY KEY (`community_id`),
  KEY `creator_id` (`creator_id`),
  CONSTRAINT `community_ibfk_1` FOREIGN KEY (`creator_id`) REFERENCES `Creator` (`creator_id`)
) ENGINE=InnoDB AUTO_INCREMENT=178 DEFAULT CHARSET=utf8mb4 COLLATE=utf8mb4_0900_ai_ci;
/*!40101 SET character_set_client = @saved_cs_client */;

--
-- Dumping data for table `Community`
--

LOCK TABLES `Community` WRITE;
/*!40000 ALTER TABLE `Community` DISABLE KEYS */;
INSERT INTO `Community` VALUES (1,'Dropping a Banger',71000,1),(2,'studio arsenic',70000,2),(3,'Frontman\'s Squid Gang',30000,3),(4,'Century Survivors',189000,4),(5,'Project Championship',370,5),(6,'Three Piggys!',50000,6),(8,'Bad Skeleton',107000,8),(10,'Current x Blackstar',798000,9),(11,'Your Pet!',276000,10),(12,'Minimalist colors',17000,11),(13,'junkcels',18000,12),(15,'Bank of Robloxia',24000,13),(16,'Volleyball Game Group',2000000,14),(18,'larvae studios',139000,15),(19,'MY FISH FRIEND',1000000,16),(20,'Gold Rush Games',868000,17),(21,'redifi',2000000,18),(22,'Out of Blox',58000,19),(24,'UnspokenWords',33000,20),(25,'Taco Dev',149000,21),(27,'BestBunny',8000000,22),(29,'Cartoon Network Games',106,23),(30,'Daybreaker',274000,24),(31,'goog.',14000,25),(32,'Promise Development',8195,26),(34,'Select an Image from Your Computer Studios',36000,27),(35,'Whirlpool Studio',561000,28),(36,'Lottus Studio',2297,29),(37,'ColdWorld Visuals',76000,30),(38,'다양한 음식점들',327000,31),(39,'SL2 Games',49000,32),(40,'MetaPlay Games',1000000,33),(41,'1v2 Studios',1000000,34),(42,'Cryptid Horror',84000,35),(45,'Grogulation Studios',4593,36),(46,'MiaoMeoHome',2000000,37),(47,'What A Nice Tree',1529,38),(48,'Devolty Games',1000000,39),(50,'InfinityInteractive',3000000,40),(51,'I make random games',609000,41),(53,'ΞGO',1000000,42),(55,'Town of Deermont',30000,43),(56,'NMD Community',22000,44),(57,'Exply Studios',909000,45),(58,'blu\'s buds',1000000,46),(61,'StyLiS Studios',897000,47),(62,'DIG Development',132000,48),(63,'Zaku\'s Games',77000,49),(64,'Badimo',3000000,50),(65,'Current.',12000000,9),(66,'Tiny Wheels',5970,51),(68,'Lazy Dog Developer Group',1000000,52),(70,'Fyer Studios',5636,53),(71,'Byteonix',3000000,54),(72,'Cup_Family',76000,55),(73,'aesthetic obbys',7858,56),(74,'Emergency Hamburg',664000,57),(75,'The Random Developers!',4784,58),(76,'Dreadworks Studio',232000,59),(77,'God Bless Zak 5',2000000,60),(78,'Hexagon Development Community',3000000,61),(79,'wrldstar ent',481000,62),(80,'Whimco',23000,63),(81,'cadictt productions',20000,64),(82,'Step by step.',4733,65),(84,'Chesapeake Studios',91000,66),(85,'RoVSRG',4658,67),(86,'Dualpoint Interactive',159000,68),(87,'Gir Laboratory',761,69),(88,'PlayPixel',196000,70),(89,'Doge Cloud',145000,71),(90,'JumpROPE!',232000,72),(91,'LankyDevs',69000,73),(92,'AoTR [PI]',1000000,74),(93,'Freshly Shopping UK',301000,75),(94,'STUDIO 04',8986,76),(95,'Rawblocky',164000,77),(96,'MIKETING Studios',279000,78),(99,'Super super funny games',3771,79),(100,'Hoii :P',117000,80),(101,'boring box',10000,81),(102,'Digital Piano Org.',78000,82),(103,'CONECORP',10000,83),(105,'Crimson Exit',7609,84),(106,'Fat Car Studios',54000,85),(107,'Fissy Games',93000,86),(108,'Krabby Krew',2000000,87),(109,'Firebrand Games',78,88),(110,'| Flipping Frogs |',688000,89),(111,'ZO by Voldex',850000,90),(112,'YUМ',6000000,91),(113,'JJ Game Creations',38000,92),(114,'EOM STUDIO',2000000,93),(115,'sol\'s studio',9000000,94),(116,'arashiyama',1000000,95),(117,'specil studios Deluxe',8191,96),(118,'Rock Fort Lines',30000,97),(119,'Wiggity.',24000000,98),(120,'SpinMaster',87000,99),(121,'SplashDev',209000,100),(122,'Bridge Entertainment',14000,101),(123,'Swansa X Peaceful Play',2000000,102),(124,'Bob\'s Supermarket',379000,103),(125,'Weapon Kingdom',1000000,104),(126,'Paradoxum Games',6000000,105),(127,'Police Roleplay Community',1000000,106),(128,'Checho\'s Deltarune RP',20000,107),(129,'Mousetrap Studios',432000,108),(130,'EscapeLovers',5838,109),(131,'THEAM STUDIOS',1000000,110),(133,'New ProjectR',270000,111),(134,'Shoeless Studios',216000,112),(135,'Yielding Arts',17000000,113),(136,'Lake County Stables',106000,114),(137,'Ming\'s Pick',320000,115),(138,'Nomo Falls',438000,116),(139,'wunmo',1000000,117),(140,'Old A Bizarre Day Community',3929,118),(141,'Garden Quiz',64000,119),(143,'King x Matty',62000,120),(145,'Tze\'s Shenanigans',1000000,121),(146,'Cookie’s basement :)',15000,122),(147,'Majas Studio',404,123),(148,'Sors Studio',95000,124),(149,'[B:S] ALS Team',2000000,52),(150,'BERSERK DRIFT 2 Group',18000,125),(151,'Do Huge Games',245000,126),(152,'Grandma\'s Favourite Games',943000,127),(153,'Hug Playworks',250000,128),(154,'Railway Engineering Studios',53000,129),(156,'Survival Odyssey',65000,130),(157,'Ezra\'s Troll Towers',33000,131),(158,'Akio.gg',35000,132),(159,'Budget Gaming',9629,133),(160,'FORTLINE Productions',233000,134),(161,'Rumble Studios',10000000,135),(162,'Brainrot Evolution',4000000,136),(165,'Forsaken Dev Team',1000000,137),(166,'Copyrend\'s Community',1000000,138),(167,'MAD STUDIO',243000,139),(168,'Sea King Games',1000000,140),(169,'Martial Arts Inc',35000,141),(171,'FLOPTROPICANZ',20000,142),(172,'Magic Box Games',570000,143),(173,'Redcliff City RP',443000,144),(174,'Fishing League',142000,4),(175,'Studio Serenity',1000000,145),(176,'Game Thing',84000,146),(177,'Ready, set, more!',2000000,147);
/*!40000 ALTER TABLE `Community` ENABLE KEYS */;
UNLOCK TABLES;

--
-- Table structure for table `Creator`
--

DROP TABLE IF EXISTS `Creator`;
/*!40101 SET @saved_cs_client     = @@character_set_client */;
/*!50503 SET character_set_client = utf8mb4 */;
CREATE TABLE `Creator` (
  `creator_id` int NOT NULL AUTO_INCREMENT,
  `name` varchar(255) DEFAULT NULL,
  `friends` int DEFAULT NULL,
  `followers` int DEFAULT NULL,
  `following` int DEFAULT NULL,
  `level_id` int DEFAULT NULL,
  PRIMARY KEY (`creator_id`),
  KEY `level_id` (`level_id`),
  CONSTRAINT `creator_ibfk_1` FOREIGN KEY (`level_id`) REFERENCES `Monetization_Level` (`level_id`)
) ENGINE=InnoDB AUTO_INCREMENT=148 DEFAULT CHARSET=utf8mb4 COLLATE=utf8mb4_0900_ai_ci;
/*!40101 SET character_set_client = @saved_cs_client */;

--
-- Dumping data for table `Creator`
--

LOCK TABLES `Creator` WRITE;
/*!40000 ALTER TABLE `Creator` DISABLE KEYS */;
INSERT INTO `Creator` VALUES (1,'Kooki',12,8659,0,NULL),(2,'laplace',36,790,3,NULL),(3,'ApparentlyGames',11,37740,5,NULL),(4,'sphinxshen',127,20184,16,NULL),(5,'Project_Championship',0,1,0,NULL),(6,'GaqqwJJ',10,150,0,NULL),(8,'jandel',239,1639261,0,NULL),(9,'Chrollo',79,237806,2,NULL),(10,'FlorizDev',75,65206,8,NULL),(11,'Leomanzana',150,1143,46,NULL),(12,'supportTheBlueFan',19,13809,5,NULL),(13,'Jon77',192,2691,352,NULL),(14,'GoodSirVolleyball',0,2337,0,NULL),(15,'LarvaeStudiosAlien',4,1598,0,NULL),(16,'Blade_Executive',0,1256,0,NULL),(17,'qurxts',68,30017,0,NULL),(18,'SGXHOLDER',0,2414,0,NULL),(19,'Dino',46,35809,1,NULL),(20,'rihh',55,1419,0,NULL),(21,'Naco88',111,13041,262,NULL),(22,'Barry',55,8428,2,NULL),(23,'CartoonNetwork_Games',19,9286,0,NULL),(24,'apise',3,2531,2,NULL),(25,'xr_294',8,340,0,NULL),(26,'North',18,461,1,NULL),(27,'SelectedHolder',0,25,0,NULL),(28,'mario118118',44,23729,2292,NULL),(29,'xyecoc',56,23,1,NULL),(30,'ColdworldHolder',21,1438,2,NULL),(31,'ADONIS',227,3204,15,NULL),(32,'diablo',0,2926,0,NULL),(33,'IndigoHUB',0,1098,0,NULL),(34,'1V2Games_Holder',0,2985,3,NULL),(35,'ZwHoldings',3,22127,0,NULL),(36,'hamlet',201,91,101,NULL),(37,'Qmmm',34,1131,0,NULL),(38,'ReTsuki',210,5951,0,NULL),(39,'Liomp1',48,4144,422,NULL),(40,'GFExperiences',2,1727,0,NULL),(41,'IkimasuSaru',0,1806,0,NULL),(42,'lintixc',27,32240,0,NULL),(43,'MayorStag',4,116,0,NULL),(44,'Remi',90,393,0,NULL),(45,'Exply',118,1547,0,NULL),(46,'Account Deleted',0,0,0,NULL),(47,'litozinnamon',52,116203,60850,NULL),(48,'Holder',0,364,0,NULL),(49,'zaku_dev',73,4541,3,NULL),(50,'asimo3089',67,901600,8,NULL),(51,'Drainhp',44,1689,10,NULL),(52,'BossStudio',201,76658,1,NULL),(53,'d1etcals',8,74,0,NULL),(54,'ring',106,433616,0,NULL),(55,'LASHY',54,206,4,NULL),(56,'Alyssa',2,54,0,NULL),(57,'Felix',56,13647,0,NULL),(58,'Randomizer',5,58,0,NULL),(59,'Trap',125,1300,0,NULL),(60,'Mightystats',0,2497,0,NULL),(61,'HDCHolder',3,12774,3,NULL),(62,'Voidstar',77,33391,9,NULL),(63,'Whimco',0,5,0,NULL),(64,'cadictt',5,930,0,NULL),(65,'darkisad',21,40,0,NULL),(66,'PlayChesapeake',0,68,0,NULL),(67,'SectorJack',27,115,0,NULL),(68,'Gusmanak',69,69927,69,NULL),(69,'Girtorias',319,134,50,NULL),(70,'LG_ChickenGame',0,72,0,NULL),(71,'Dugen',159,1799,8,NULL),(72,'Giov',82,863,1,NULL),(73,'LankyBox',2,3457,2,NULL),(74,'Lulu_Oswald',21,317243,1,NULL),(75,'FreshlyHoldings',3,1090,0,NULL),(76,'SnakeGxdd',36,555,293,NULL),(77,'Rawblocky',221,41892,3277,NULL),(78,'Fortunato',40,13904,0,NULL),(79,'A_ABadLorena',54,65,0,NULL),(80,'UwCookie',29,24513,0,NULL),(81,'justaboringbox',0,16,0,NULL),(82,'PianoMaster',0,168,0,NULL),(83,'conecat',62,6129,2,NULL),(84,'StarObeliSk',27,109,0,NULL),(85,'ekra',198,16141,1,NULL),(86,'NewFissy',154,894971,3806,NULL),(87,'WondieWonder',0,16162,0,NULL),(88,'Firebrand',71,96676,6549,NULL),(89,'BasketGames',43,31977,14,NULL),(90,'VoldexGroupHolder',0,1205,0,NULL),(91,'Play_Alpha',0,5050,0,NULL),(92,'WarmCubed',125,182,1,NULL),(93,'eomgames',54,1459,0,NULL),(94,'54_xyz',84,59715,59,NULL),(95,'so_norm',146,5339,132,NULL),(96,'Vluu',209,710,18,NULL),(97,'RockfortLines',0,357,0,NULL),(98,'Chunch',152,69476,7,NULL),(99,'SpinMaster',34,3132,1,NULL),(100,'KAI',128,10796,0,NULL),(101,'LoadingCords',2,420,0,NULL),(102,'ImagineAndMakeIt',3,2988,0,NULL),(103,'Real_KingBob',130,242671,0,NULL),(104,'Matthew_Indigo',66,23826,17,NULL),(105,'Below',136,109503,141,NULL),(106,'mrfergie',74,36993,851,NULL),(107,'CDRP Staff',0,105,0,NULL),(108,'MousetrapRBLX',2,727,3,NULL),(109,'Danieldenipol',68,1005,5,NULL),(110,'John_Huntsman',94,3887,0,NULL),(111,'RareXStudio',0,237,0,NULL),(112,'tgw',46,3694,0,NULL),(113,'freshfrenchfries',98,752923,10,NULL),(114,'rox',91,2129,2,NULL),(115,'SirMing',14,93630,2,NULL),(116,'misternicekai',41,2979,2,NULL),(117,'wunmo',0,925,0,NULL),(118,'OABD_GroupHolder',2,3,0,NULL),(119,'opgmltu',126,731,1,NULL),(120,'KingxMattyHolder',0,1388,0,NULL),(121,'Tze',234,203082,0,NULL),(122,'Cookie',32,181,1,NULL),(123,'VincentAvia',37,64,0,NULL),(124,'Sorsmyway',2,151,0,NULL),(125,'DXT',195,1063,1,NULL),(126,'dohugeroblox',221,681,0,NULL),(127,'Cracky4',210,271290,15,NULL),(128,'T00UD',3,79,0,NULL),(129,'Dan',137,2181,0,NULL),(130,'Silt',18,12427,1,NULL),(131,'uuuuuuuuuuhhhhhhhhhh',177,1031,1,NULL),(132,'Zack',88,1556,11,NULL),(133,'do_big',89,109764,1,NULL),(134,'JaniceMauno',9,243,0,NULL),(135,'RumbleStudios',0,5112,0,NULL),(136,'Pro_Dev2024',2,18703,0,NULL),(137,'UndeadNationIsFun',0,6889,0,NULL),(138,'Copyrend',213,37530,3,NULL),(139,'loleris',93,218233,135021,NULL),(140,'Dinosaur',36,68477,9,NULL),(141,'dx_lks',226,1157,19,NULL),(142,'crystal',142,1707,68,NULL),(143,'KelvinBlues1',80,11272,1058,NULL),(144,'Kitachyeon',13,3102,1,NULL),(145,'Alien',97,22786,3,NULL),(146,'cooldaniel234',63,2577,995,NULL),(147,'filiptibell',31,36687,16,NULL);
/*!40000 ALTER TABLE `Creator` ENABLE KEYS */;
UNLOCK TABLES;

--
-- Table structure for table `Game`
--

DROP TABLE IF EXISTS `Game`;
/*!40101 SET @saved_cs_client     = @@character_set_client */;
/*!50503 SET character_set_client = utf8mb4 */;
CREATE TABLE `Game` (
  `game_id` bigint NOT NULL,
  `title` text,
  `voice_chat` tinyint(1) DEFAULT NULL,
  `camera` tinyint(1) DEFAULT NULL,
  `date_created` date DEFAULT NULL,
  `last_updated` date DEFAULT NULL,
  `community_id` int DEFAULT NULL,
  `maturity_id` int DEFAULT NULL,
  `genre_id` int DEFAULT NULL,
  `server_id` int DEFAULT NULL,
  `url` text,
  PRIMARY KEY (`game_id`),
  KEY `community_id` (`community_id`),
  KEY `genre_id` (`genre_id`),
  KEY `maturity_id` (`maturity_id`),
  KEY `server_id` (`server_id`),
  CONSTRAINT `game_ibfk_1` FOREIGN KEY (`community_id`) REFERENCES `Community` (`community_id`),
  CONSTRAINT `game_ibfk_2` FOREIGN KEY (`genre_id`) REFERENCES `Genre` (`genre_id`),
  CONSTRAINT `game_ibfk_3` FOREIGN KEY (`maturity_id`) REFERENCES `Maturity` (`maturity_id`),
  CONSTRAINT `game_ibfk_4` FOREIGN KEY (`server_id`) REFERENCES `Server` (`server_id`)
) ENGINE=InnoDB DEFAULT CHARSET=utf8mb4 COLLATE=utf8mb4_0900_ai_ci;
/*!40101 SET character_set_client = @saved_cs_client */;

--
-- Dumping data for table `Game`
--

LOCK TABLES `Game` WRITE;
/*!40000 ALTER TABLE `Game` DISABLE KEYS */;
INSERT INTO `Game` VALUES (137877687,'RoCitizens',0,0,'2013-12-06','2025-07-22',109,2,13,119,'https://www.roblox.com/games/137877687/RoCitizens?appliedFilters=device%253Dcomputer%252Cage%253Dall%252Ccountry%253Dall&discoverPageSessionInfo=01c05573-f673-4a65-9599-7527054a25ec&gameSetTargetId=673&gameSetTypeId=23&isAd=false&nativeAdData=&numberOfLoadedTiles=90&page=gamesPage&placeId=137877687&playContext=gamesPage&position=55&sortPos=11&universeId=63951305'),(292439477,'[Belgian National Day] Phantom Forces',0,0,'2015-08-31','2025-07-21',61,1,7,129,'https://www.roblox.com/games/292439477/Belgian-National-Day-Phantom-Forces?appliedFilters=device%253Dcomputer%252Cage%253Dall%252Ccountry%253Dall&discoverPageSessionInfo=01c05573-f673-4a65-9599-7527054a25ec&gameSetTargetId=660&gameSetTypeId=23&isAd=false&nativeAdData=&numberOfLoadedTiles=52&page=gamesPage&placeId=292439477&playContext=gamesPage&position=18&sortPos=14&universeId=113491250'),(299659045,'test place',0,0,'2015-09-21','2025-07-21',61,1,7,65,'https://www.roblox.com/games/299659045/test-place?appliedFilters=device%253Dcomputer%252Cage%253Dall%252Ccountry%253Dall&discoverPageSessionInfo=01c05573-f673-4a65-9599-7527054a25ec&gameSetTargetId=660&gameSetTypeId=23&isAd=false&nativeAdData=&numberOfLoadedTiles=52&page=gamesPage&placeId=299659045&playContext=gamesPage&position=20&sortPos=14&universeId=115272207'),(404729070,'TreeLands Legacy',0,0,'2016-04-25','2022-07-30',107,2,8,117,'https://www.roblox.com/games/404729070/TreeLands-Legacy?discoverPageSessionInfo=01c05573-f673-4a65-9599-7527054a25ec&gameSetTargetId=669&gameSetTypeId=23&isAd=false&nativeAdData=&numberOfLoadedTiles=62&page=gamesPage&placeId=404729070&playContext=gamesPage&position=44&sortPos=7&universeId=152631806'),(601239270,'Mint Tycoon [BETA]',0,0,'2017-01-05','2024-07-21',15,2,8,15,'https://www.roblox.com/games/601239270/Mint-Tycoon-BETA?discoverPageSessionInfo=01c05573-f673-4a65-9599-7527054a25ec&gameSetTargetId=669&gameSetTypeId=23&isAd=false&nativeAdData=&numberOfLoadedTiles=62&page=gamesPage&placeId=601239270&playContext=gamesPage&position=34&sortPos=7&universeId=242453665'),(606849621,'Jailbreak',0,0,'2017-01-06','2025-07-13',64,2,6,68,'https://www.roblox.com/games/606849621/Jailbreak?appliedFilters=device%253Dcomputer%252Cage%253Dall%252Ccountry%253Dall&discoverPageSessionInfo=01c05573-f673-4a65-9599-7527054a25ec&gameSetTargetId=223&gameSetTypeId=23&isAd=false&nativeAdData=&numberOfLoadedTiles=90&page=gamesPage&placeId=606849621&playContext=gamesPage&position=38&sortPos=10&universeId=245662005'),(845649531,'Would You Rather..',0,0,'2017-05-31','2025-06-20',175,1,1,197,'https://www.roblox.com/games/845649531/Would-You-Rather?appliedFilters=device%253Dcomputer%252Cage%253Dall%252Ccountry%253Dall&discoverPageSessionInfo=01c05573-f673-4a65-9599-7527054a25ec&gameSetTargetId=656&gameSetTypeId=23&isAd=false&nativeAdData=&numberOfLoadedTiles=82&page=gamesPage&placeId=845649531&playContext=gamesPage&position=63&sortPos=19&universeId=350059755'),(863266079,'Apocalypse Rising 2',0,0,'2017-06-11','2025-07-23',86,1,6,94,'https://www.roblox.com/games/863266079/Apocalypse-Rising-2?appliedFilters=device%253Dcomputer%252Cage%253Dall%252Ccountry%253Dall&discoverPageSessionInfo=01c05573-f673-4a65-9599-7527054a25ec&gameSetTargetId=238&gameSetTypeId=23&isAd=false&nativeAdData=&numberOfLoadedTiles=87&page=gamesPage&placeId=863266079&playContext=gamesPage&position=22&sortPos=1&universeId=358276974'),(2534724415,'Emergency Response Liberty County',0,0,'2018-11-01','2025-07-22',127,1,13,142,'https://www.roblox.com/games/2534724415/Emergency-Response-Liberty-County?appliedFilters=device%253Dcomputer%252Cage%253Dall%252Ccountry%253Dall&discoverPageSessionInfo=01c05573-f673-4a65-9599-7527054a25ec&gameSetTargetId=237&gameSetTypeId=23&isAd=false&nativeAdData=&numberOfLoadedTiles=80&page=gamesPage&placeId=2534724415&playContext=gamesPage&position=57&sortPos=5&universeId=903807016'),(2797140616,'Itty Bitty Railway [DUAL TRAINS]',0,0,'2019-01-30','2025-07-15',25,2,8,25,'https://www.roblox.com/games/2797140616/Itty-Bitty-Railway-DUAL-TRAINS?discoverPageSessionInfo=01c05573-f673-4a65-9599-7527054a25ec&gameSetTargetId=669&gameSetTypeId=23&isAd=false&nativeAdData=&numberOfLoadedTiles=62&page=gamesPage&placeId=2797140616&playContext=gamesPage&position=16&sortPos=7&universeId=1012352727'),(2872154782,'Chechos Deltarune RP',0,0,'2019-02-19','2025-07-20',NULL,2,13,143,'https://www.roblox.com/games/2872154782/Chechos-Deltarune-RP?appliedFilters=device%253Dcomputer%252Cage%253Dall%252Ccountry%253Dall&discoverPageSessionInfo=01c05573-f673-4a65-9599-7527054a25ec&gameSetTargetId=659&gameSetTypeId=23&isAd=false&nativeAdData=&numberOfLoadedTiles=91&page=gamesPage&placeId=2872154782&playContext=gamesPage&position=55&sortPos=21&universeId=1039663363'),(2913303231,'Obby Creator',0,0,'2019-03-02','2025-05-20',35,2,8,36,'https://www.roblox.com/games/2913303231/Obby-Creator?appliedFilters=device%253Dcomputer%252Cage%253Dall%252Ccountry%253Dall&discoverPageSessionInfo=01c05573-f673-4a65-9599-7527054a25ec&gameSetTargetId=222&gameSetTypeId=23&isAd=false&nativeAdData=&numberOfLoadedTiles=70&page=gamesPage&placeId=2913303231&playContext=gamesPage&position=37&sortPos=4&universeId=1053132402'),(3260590327,'[PVP]  Tower Defense Simulator',0,0,'2019-06-05','2025-07-24',126,2,12,140,'https://www.roblox.com/games/3260590327/PVP-Tower-Defense-Simulator?appliedFilters=device%253Dcomputer%252Cage%253Dall%252Ccountry%253Dall&discoverPageSessionInfo=01c05573-f673-4a65-9599-7527054a25ec&gameSetTargetId=223&gameSetTypeId=23&isAd=false&nativeAdData=&numberOfLoadedTiles=90&page=gamesPage&placeId=3260590327&playContext=gamesPage&position=60&sortPos=10&universeId=1176784616'),(4520749081,'[UPD 9] King Legacy',0,0,'2019-12-17','2025-07-20',168,1,11,190,'https://www.roblox.com/games/4520749081/UPD-9-King-Legacy?appliedFilters=device%253Dcomputer%252Cage%253Dall%252Ccountry%253Dall&discoverPageSessionInfo=01c05573-f673-4a65-9599-7527054a25ec&gameSetTargetId=238&gameSetTypeId=23&isAd=false&nativeAdData=&numberOfLoadedTiles=87&page=gamesPage&placeId=4520749081&playContext=gamesPage&position=16&sortPos=1&universeId=1451439645'),(4577486879,'MM2 Duels',0,0,'2020-01-06','2025-04-05',NULL,2,6,62,'https://www.roblox.com/games/4577486879/MM2-Duels?appliedFilters=device%253Dcomputer%252Cage%253Dall%252Ccountry%253Dall&discoverPageSessionInfo=01c05573-f673-4a65-9599-7527054a25ec&gameSetTargetId=651&gameSetTypeId=23&isAd=false&nativeAdData=&numberOfLoadedTiles=74&page=gamesPage&placeId=4577486879&playContext=gamesPage&position=32&sortPos=15&universeId=1487374608'),(4629209674,'RO-Scale Sandbox',0,0,'2020-01-25','2025-07-05',118,2,8,132,'https://www.roblox.com/games/4629209674/RO-Scale-Sandbox?appliedFilters=device%253Dcomputer%252Cage%253Dall%252Ccountry%253Dall&discoverPageSessionInfo=01c05573-f673-4a65-9599-7527054a25ec&gameSetTargetId=237&gameSetTypeId=23&isAd=false&nativeAdData=&numberOfLoadedTiles=80&page=gamesPage&placeId=4629209674&playContext=gamesPage&position=31&sortPos=5&universeId=1520491885'),(4640354700,'Ben 10 Super Hero Time',0,0,'2020-01-29','2025-07-07',29,1,6,29,'https://www.roblox.com/games/4640354700/Ben-10-Super-Hero-Time?appliedFilters=device%253Dcomputer%252Cage%253Dall%252Ccountry%253Dall&discoverPageSessionInfo=01c05573-f673-4a65-9599-7527054a25ec&gameSetTargetId=651&gameSetTypeId=23&isAd=false&nativeAdData=&numberOfLoadedTiles=74&page=gamesPage&placeId=4640354700&playContext=gamesPage&position=37&sortPos=15&universeId=1527252839'),(4651779470,'RECOIL',0,0,'2020-02-02','2023-10-15',8,1,7,8,'https://www.roblox.com/games/4651779470/RECOIL?appliedFilters=device%253Dcomputer%252Cage%253Dall%252Ccountry%253Dall&discoverPageSessionInfo=01c05573-f673-4a65-9599-7527054a25ec&gameSetTargetId=660&gameSetTypeId=23&isAd=false&nativeAdData=&numberOfLoadedTiles=52&page=gamesPage&placeId=4651779470&playContext=gamesPage&position=22&sortPos=14&universeId=1534453623'),(4936591712,'SPLASH  Skate  Music',0,0,'2020-04-24','2025-07-23',121,2,4,135,'https://www.roblox.com/games/4936591712/SPLASH-Skate-Music?appliedFilters=device%253Dcomputer%252Cage%253Dall%252Ccountry%253Dall&discoverPageSessionInfo=01c05573-f673-4a65-9599-7527054a25ec&gameSetTargetId=664&gameSetTypeId=23&isAd=false&nativeAdData=&numberOfLoadedTiles=90&page=gamesPage&placeId=4936591712&playContext=gamesPage&position=78&sortPos=13&universeId=1692631458'),(5098630929,'Tiny Wheels',0,0,'2020-05-28','2025-07-24',66,2,4,71,'https://www.roblox.com/games/5098630929/Tiny-Wheels?appliedFilters=device%253Dcomputer%252Cage%253Dall%252Ccountry%253Dall&discoverPageSessionInfo=01c05573-f673-4a65-9599-7527054a25ec&gameSetTargetId=664&gameSetTypeId=23&isAd=false&nativeAdData=&numberOfLoadedTiles=90&page=gamesPage&placeId=5098630929&playContext=gamesPage&position=28&sortPos=13&universeId=1766958151'),(5656754541,'World Tower Defense [1.16]',0,0,'2020-09-06','2025-05-23',34,2,12,35,'https://www.roblox.com/games/5656754541/World-Tower-Defense-1-16?appliedFilters=device%253Dcomputer%252Cage%253Dall%252Ccountry%253Dall&discoverPageSessionInfo=01c05573-f673-4a65-9599-7527054a25ec&gameSetTargetId=237&gameSetTypeId=23&isAd=false&nativeAdData=&numberOfLoadedTiles=80&page=gamesPage&placeId=5656754541&playContext=gamesPage&position=71&sortPos=5&universeId=1990050272'),(5683833663,'Ragdoll Engine',0,0,'2020-09-12','2025-07-21',71,2,8,77,'https://www.roblox.com/games/5683833663/Ragdoll-Engine?appliedFilters=device%253Dcomputer%252Cage%253Dall%252Ccountry%253Dall&discoverPageSessionInfo=01c05573-f673-4a65-9599-7527054a25ec&gameSetTargetId=222&gameSetTypeId=23&isAd=false&nativeAdData=&numberOfLoadedTiles=70&page=gamesPage&placeId=5683833663&playContext=gamesPage&position=49&sortPos=4&universeId=2007050448'),(6206310576,'[TRADING] Old A Bizarre Day',0,0,'2021-01-08','2025-07-24',140,1,6,156,'https://www.roblox.com/games/6206310576/TRADING-Old-A-Bizarre-Day?appliedFilters=device%253Dcomputer%252Cage%253Dall%252Ccountry%253Dall&discoverPageSessionInfo=01c05573-f673-4a65-9599-7527054a25ec&gameSetTargetId=651&gameSetTypeId=23&isAd=false&nativeAdData=&numberOfLoadedTiles=74&page=gamesPage&placeId=6206310576&playContext=gamesPage&position=17&sortPos=15&universeId=2275514399'),(6430630495,'Korean BBQ Restaurant [Preparing for a remake...]',0,0,'2021-02-22','2025-06-30',38,2,13,39,'https://www.roblox.com/games/6430630495/Korean-BBQ-Restaurant-Preparing-for-a-remake?appliedFilters=device%253Dcomputer%252Cage%253Dall%252Ccountry%253Dall&discoverPageSessionInfo=01c05573-f673-4a65-9599-7527054a25ec&gameSetTargetId=659&gameSetTypeId=23&isAd=false&nativeAdData=&numberOfLoadedTiles=91&page=gamesPage&placeId=6430630495&playContext=gamesPage&position=48&sortPos=21&universeId=2394934836'),(6589412525,'Rail Frenzy',0,0,'2021-03-31','2025-05-01',22,2,1,22,'https://www.roblox.com/games/6589412525/Rail-Frenzy?appliedFilters=device%253Dcomputer%252Cage%253Dall%252Ccountry%253Dall&discoverPageSessionInfo=01c05573-f673-4a65-9599-7527054a25ec&gameSetTargetId=656&gameSetTypeId=23&isAd=false&nativeAdData=&numberOfLoadedTiles=82&page=gamesPage&placeId=6589412525&playContext=gamesPage&position=67&sortPos=19&universeId=2480517375'),(6678877691,'ZO SAMURAI SWORD FIGHTING',0,0,'2021-04-14','2025-07-12',111,1,6,122,'https://www.roblox.com/games/6678877691/ZO-SAMURAI-SWORD-FIGHTING?appliedFilters=device%253Dcomputer%252Cage%253Dall%252Ccountry%253Dall&discoverPageSessionInfo=01c05573-f673-4a65-9599-7527054a25ec&gameSetTargetId=222&gameSetTypeId=23&isAd=false&nativeAdData=&numberOfLoadedTiles=70&page=gamesPage&placeId=6678877691&playContext=gamesPage&position=45&sortPos=4&universeId=2516044547'),(6953291455,'Eating Simulator',0,0,'2021-06-14','2025-05-06',112,2,8,123,'https://www.roblox.com/games/6953291455/Eating-Simulator?discoverPageSessionInfo=01c05573-f673-4a65-9599-7527054a25ec&gameSetTargetId=670&gameSetTypeId=23&isAd=false&nativeAdData=&numberOfLoadedTiles=98&page=gamesPage&placeId=6953291455&playContext=gamesPage&position=76&sortPos=8&universeId=2663599422'),(7180042682,'[UPD] Military Tycoon',0,0,'2021-07-31','2025-07-23',50,1,8,53,'https://www.roblox.com/games/7180042682/UPD-Military-Tycoon?appliedFilters=device%253Dcomputer%252Cage%253Dall%252Ccountry%253Dall&discoverPageSessionInfo=01c05573-f673-4a65-9599-7527054a25ec&gameSetTargetId=241&gameSetTypeId=23&isAd=false&nativeAdData=&numberOfLoadedTiles=86&page=gamesPage&placeId=7180042682&playContext=gamesPage&position=57&sortPos=6&universeId=2788648141'),(7554888362,'[SKY SQUID] Squid Game X',0,0,'2021-09-25','2025-07-23',21,1,1,21,'https://www.roblox.com/games/7554888362/SKY-SQUID-Squid-Game-X?appliedFilters=device%253Dcomputer%252Cage%253Dall%252Ccountry%253Dall&discoverPageSessionInfo=01c05573-f673-4a65-9599-7527054a25ec&gameSetTargetId=241&gameSetTypeId=23&isAd=false&nativeAdData=&numberOfLoadedTiles=86&page=gamesPage&placeId=7554888362&playContext=gamesPage&position=56&sortPos=6&universeId=2936053166'),(7577961216,'(Testing) Squid Game X',0,0,'2021-09-27','2025-07-24',21,1,1,107,'https://www.roblox.com/games/7577961216/Testing-Squid-Game-X?appliedFilters=device%253Dcomputer%252Cage%253Dall%252Ccountry%253Dall&discoverPageSessionInfo=01c05573-f673-4a65-9599-7527054a25ec&gameSetTargetId=656&gameSetTypeId=23&isAd=false&nativeAdData=&numberOfLoadedTiles=82&page=gamesPage&placeId=7577961216&playContext=gamesPage&position=61&sortPos=19&universeId=2943850166'),(7711635737,'Emergency Hamburg',0,0,'2021-10-11','2025-07-23',74,1,13,80,'https://www.roblox.com/games/7711635737/Emergency-Hamburg?discoverPageSessionInfo=01c05573-f673-4a65-9599-7527054a25ec&gameSetTargetId=671&gameSetTypeId=23&isAd=false&nativeAdData=&numberOfLoadedTiles=92&page=gamesPage&placeId=7711635737&playContext=gamesPage&position=31&sortPos=3&universeId=2992873140'),(8369888266,'Redcliff City RP',0,0,'2021-12-27','2025-07-19',173,2,13,195,'https://www.roblox.com/games/8369888266/Redcliff-City-RP?appliedFilters=device%253Dcomputer%252Cage%253Dall%252Ccountry%253Dall&discoverPageSessionInfo=01c05573-f673-4a65-9599-7527054a25ec&gameSetTargetId=222&gameSetTypeId=23&isAd=false&nativeAdData=&numberOfLoadedTiles=70&page=gamesPage&placeId=8369888266&playContext=gamesPage&position=9&sortPos=4&universeId=3204175584'),(8571687919,'LOCOfficial',0,0,'2022-01-18','2025-07-12',95,2,12,104,'https://www.roblox.com/games/8571687919/LOCOfficial?appliedFilters=device%253Dcomputer%252Cage%253Dall%252Ccountry%253Dall&discoverPageSessionInfo=01c05573-f673-4a65-9599-7527054a25ec&gameSetTargetId=238&gameSetTypeId=23&isAd=false&nativeAdData=&numberOfLoadedTiles=87&page=gamesPage&placeId=8571687919&playContext=gamesPage&position=46&sortPos=1&universeId=3267012194'),(8848607186,'Digital Piano',0,0,'2022-02-17','2025-04-28',102,2,15,112,'https://www.roblox.com/games/8848607186/Digital-Piano?appliedFilters=device%253Dcomputer%252Cage%253Dall%252Ccountry%253Dall&discoverPageSessionInfo=01c05573-f673-4a65-9599-7527054a25ec&gameSetTargetId=654&gameSetTypeId=23&isAd=false&nativeAdData=&numberOfLoadedTiles=33&page=gamesPage&placeId=8848607186&playContext=gamesPage&position=6&sortPos=17&universeId=3349588628'),(8876147780,'Freshly Shopping Thorngate Park Store',0,0,'2022-02-20','2025-06-30',93,2,13,102,'https://www.roblox.com/games/8876147780/Freshly-Shopping-Thorngate-Park-Store?appliedFilters=device%253Dcomputer%252Cage%253Dall%252Ccountry%253Dall&discoverPageSessionInfo=01c05573-f673-4a65-9599-7527054a25ec&gameSetTargetId=659&gameSetTypeId=23&isAd=false&nativeAdData=&numberOfLoadedTiles=91&page=gamesPage&placeId=8876147780&playContext=gamesPage&position=22&sortPos=21&universeId=3357087159'),(9051087354,'rosumania 7.50.1  Music  Rhythm',0,0,'2022-03-09','2025-07-23',85,2,6,92,'https://www.roblox.com/games/9051087354/rosu-mania-7-50-1-Music-Rhythm?discoverPageSessionInfo=01c05573-f673-4a65-9599-7527054a25ec&gameSetTargetId=668&gameSetTypeId=23&isAd=false&nativeAdData=&numberOfLoadedTiles=58&page=gamesPage&placeId=9051087354&playContext=gamesPage&position=30&sortPos=9&universeId=3405992067'),(9391468976,'[CURSED PARTNERS] Jujutsu Shenanigans',0,0,'2022-04-17','2025-07-23',NULL,1,6,161,'https://www.roblox.com/games/9391468976/CURSED-PARTNERS-Jujutsu-Shenanigans?appliedFilters=device%253Dcomputer%252Cage%253Dall%252Ccountry%253Dall&discoverPageSessionInfo=01c05573-f673-4a65-9599-7527054a25ec&gameSetTargetId=241&gameSetTypeId=23&isAd=false&nativeAdData=&numberOfLoadedTiles=86&page=gamesPage&placeId=9391468976&playContext=gamesPage&position=76&sortPos=6&universeId=3508322461'),(9872472334,'Evade  [PLUSHIE]',0,0,'2022-06-11','2025-07-22',78,1,3,85,'https://www.roblox.com/games/9872472334/Evade-PLUSHIE?discoverPageSessionInfo=01c05573-f673-4a65-9599-7527054a25ec&gameSetTargetId=671&gameSetTypeId=23&isAd=false&nativeAdData=&numberOfLoadedTiles=92&page=gamesPage&placeId=9872472334&playContext=gamesPage&position=20&sortPos=3&universeId=3647333358'),(10001065412,'Colors in Question',0,0,'2022-06-23','2025-07-04',105,2,9,115,'https://www.roblox.com/games/10001065412/Colors-in-Question?appliedFilters=device%253Dcomputer%252Cage%253Dall%252Ccountry%253Dall&discoverPageSessionInfo=01c05573-f673-4a65-9599-7527054a25ec&gameSetTargetId=657&gameSetTypeId=23&isAd=false&nativeAdData=&numberOfLoadedTiles=30&page=gamesPage&placeId=10001065412&playContext=gamesPage&position=21&sortPos=20&universeId=3684063910'),(10449761463,'The Strongest Battlegrounds',0,0,'2022-08-02','2025-07-16',135,1,6,150,'https://www.roblox.com/games/10449761463/The-Strongest-Battlegrounds?appliedFilters=device%253Dcomputer%252Cage%253Dall%252Ccountry%253Dall&discoverPageSessionInfo=01c05573-f673-4a65-9599-7527054a25ec&gameSetTargetId=237&gameSetTypeId=23&isAd=false&nativeAdData=&numberOfLoadedTiles=80&page=gamesPage&placeId=10449761463&playContext=gamesPage&position=15&sortPos=5&universeId=3808081382'),(10962282214,'[ALPHA] Rail Sim Universe Pre-Release',0,0,'2022-09-20','2025-07-21',154,2,8,172,'https://www.roblox.com/games/10962282214/ALPHA-Rail-Sim-Universe-Pre-Release?discoverPageSessionInfo=01c05573-f673-4a65-9599-7527054a25ec&gameSetTargetId=669&gameSetTypeId=23&isAd=false&nativeAdData=&numberOfLoadedTiles=62&page=gamesPage&placeId=10962282214&playContext=gamesPage&position=15&sortPos=7&universeId=3951824888'),(11276071411,'[RECODE] NPC or DIE',0,0,'2022-10-15','2025-07-22',116,1,3,128,'https://www.roblox.com/games/11276071411/RECODE-NPC-or-DIE?appliedFilters=device%253Dcomputer%252Cage%253Dall%252Ccountry%253Dall&discoverPageSessionInfo=01c05573-f673-4a65-9599-7527054a25ec&gameSetTargetId=673&gameSetTypeId=23&isAd=false&nativeAdData=&numberOfLoadedTiles=90&page=gamesPage&placeId=11276071411&playContext=gamesPage&position=11&sortPos=11&universeId=4019583467'),(12135640403,'Anime Dungeon Fighters[Demon Slayer]',0,0,'2023-01-13','2025-07-21',27,1,11,27,'https://www.roblox.com/games/12135640403/Anime-Dungeon-Fighters-Demon-Slayer?appliedFilters=device%253Dcomputer%252Cage%253Dall%252Ccountry%253Dall&discoverPageSessionInfo=01c05573-f673-4a65-9599-7527054a25ec&gameSetTargetId=658&gameSetTypeId=23&isAd=false&nativeAdData=&numberOfLoadedTiles=73&page=gamesPage&placeId=12135640403&playContext=gamesPage&position=22&sortPos=12&universeId=4280744785'),(12338455185,'Resort Tycoon 2',0,0,'2023-02-01','2025-06-15',NULL,2,8,200,'https://www.roblox.com/games/12338455185/Resort-Tycoon-2?discoverPageSessionInfo=01c05573-f673-4a65-9599-7527054a25ec&gameSetTargetId=670&gameSetTypeId=23&isAd=false&nativeAdData=&numberOfLoadedTiles=98&page=gamesPage&placeId=12338455185&playContext=gamesPage&position=75&sortPos=8&universeId=4343544885'),(12397515839,'Silly Simon Says',0,0,'2023-02-06','2025-07-23',138,2,1,153,'https://www.roblox.com/games/12397515839/Silly-Simon-Says?appliedFilters=device%253Dcomputer%252Cage%253Dall%252Ccountry%253Dall&discoverPageSessionInfo=01c05573-f673-4a65-9599-7527054a25ec&gameSetTargetId=656&gameSetTypeId=23&isAd=false&nativeAdData=&numberOfLoadedTiles=82&page=gamesPage&placeId=12397515839&playContext=gamesPage&position=55&sortPos=19&universeId=4362587875'),(12407250267,'[NEW] Keys  Season 23',0,0,'2023-02-07','2025-05-08',30,1,3,30,'https://www.roblox.com/games/12407250267/NEW-Keys-Season-23?discoverPageSessionInfo=01c05573-f673-4a65-9599-7527054a25ec&gameSetTargetId=671&gameSetTypeId=23&isAd=false&nativeAdData=&numberOfLoadedTiles=92&page=gamesPage&placeId=12407250267&playContext=gamesPage&position=72&sortPos=3&universeId=4365819446'),(12886143095,'[UPD 62] Anime Last Stand',0,0,'2023-03-25','2025-07-17',149,2,12,166,'https://www.roblox.com/games/12886143095/UPD-62-Anime-Last-Stand?discoverPageSessionInfo=01c05573-f673-4a65-9599-7527054a25ec&gameSetTargetId=670&gameSetTypeId=23&isAd=false&nativeAdData=&numberOfLoadedTiles=98&page=gamesPage&placeId=12886143095&playContext=gamesPage&position=89&sortPos=8&universeId=4509896324'),(12986400307,'[2nd Event][Free Titan]Sword Warriors',0,0,'2023-04-03','2025-07-19',46,1,8,48,'https://www.roblox.com/games/12986400307/2nd-Event-Free-Titan-Sword-Warriors?discoverPageSessionInfo=01c05573-f673-4a65-9599-7527054a25ec&gameSetTargetId=670&gameSetTypeId=23&isAd=false&nativeAdData=&numberOfLoadedTiles=98&page=gamesPage&placeId=12986400307&playContext=gamesPage&position=92&sortPos=8&universeId=4540494160'),(13379208636,'Attack on Titan Revolution',0,0,'2023-05-08','2025-07-19',92,1,11,101,'https://www.roblox.com/games/13379208636/Attack-on-Titan-Revolution?discoverPageSessionInfo=01c05573-f673-4a65-9599-7527054a25ec&gameSetTargetId=670&gameSetTypeId=23&isAd=false&nativeAdData=&numberOfLoadedTiles=98&page=gamesPage&placeId=13379208636&playContext=gamesPage&position=85&sortPos=8&universeId=4658598196'),(14419907512,'Zombie game [upd3]',0,0,'2023-08-13','2025-01-23',51,1,6,54,'https://www.roblox.com/games/14419907512/Zombie-game-upd3?appliedFilters=device%253Dcomputer%252Cage%253Dall%252Ccountry%253Dall&discoverPageSessionInfo=01c05573-f673-4a65-9599-7527054a25ec&gameSetTargetId=651&gameSetTypeId=23&isAd=false&nativeAdData=&numberOfLoadedTiles=74&page=gamesPage&placeId=14419907512&playContext=gamesPage&position=20&sortPos=15&universeId=4982226076'),(14895218677,'PAWS Pet Hospital',0,0,'2023-09-27','2025-07-13',131,2,13,146,'https://www.roblox.com/games/14895218677/PAWS-Pet-Hospital?appliedFilters=device%253Dcomputer%252Cage%253Dall%252Ccountry%253Dall&discoverPageSessionInfo=01c05573-f673-4a65-9599-7527054a25ec&gameSetTargetId=659&gameSetTypeId=23&isAd=false&nativeAdData=&numberOfLoadedTiles=91&page=gamesPage&placeId=14895218677&playContext=gamesPage&position=29&sortPos=21&universeId=5131771588'),(14970015233,'Watermelon GO [Fruit Game]',0,0,'2023-10-05','2025-07-18',158,2,9,179,'https://www.roblox.com/games/14970015233/Watermelon-GO-Fruit-Game?appliedFilters=device%253Dcomputer%252Cage%253Dall%252Ccountry%253Dall&discoverPageSessionInfo=01c05573-f673-4a65-9599-7527054a25ec&gameSetTargetId=657&gameSetTypeId=23&isAd=false&nativeAdData=&numberOfLoadedTiles=30&page=gamesPage&placeId=14970015233&playContext=gamesPage&position=9&sortPos=20&universeId=5156590883'),(15133985014,'[GAGAMARU] Freestyle Football',0,0,'2023-10-22','2025-07-20',32,2,4,33,'https://www.roblox.com/games/15133985014/GAGAMARU-Freestyle-Football?appliedFilters=device%253Dcomputer%252Cage%253Dall%252Ccountry%253Dall&discoverPageSessionInfo=01c05573-f673-4a65-9599-7527054a25ec&gameSetTargetId=237&gameSetTypeId=23&isAd=false&nativeAdData=&numberOfLoadedTiles=80&page=gamesPage&placeId=15133985014&playContext=gamesPage&position=32&sortPos=5&universeId=5215846239'),(15313073197,'Anime Combats Simulator',0,0,'2023-11-10','2025-07-21',123,2,8,137,'https://www.roblox.com/games/15313073197/Anime-Combats-Simulator?discoverPageSessionInfo=01c05573-f673-4a65-9599-7527054a25ec&gameSetTargetId=670&gameSetTypeId=23&isAd=false&nativeAdData=&numberOfLoadedTiles=98&page=gamesPage&placeId=15313073197&playContext=gamesPage&position=29&sortPos=8&universeId=5281426065'),(15532962292,'Sols RNG [ Sand Worm  ]',0,0,'2023-12-03','2025-07-22',NULL,2,8,127,'https://www.roblox.com/games/15532962292/Sols-RNG-Sand-Worm?appliedFilters=device%253Dcomputer%252Cage%253Dall%252Ccountry%253Dall&discoverPageSessionInfo=01c05573-f673-4a65-9599-7527054a25ec&gameSetTargetId=237&gameSetTypeId=23&isAd=false&nativeAdData=&numberOfLoadedTiles=80&page=gamesPage&placeId=15532962292&playContext=gamesPage&position=14&sortPos=5&universeId=5361032378'),(15685372384,'UNORTHODOX ACCOUNTING',0,0,'2023-12-20','2025-07-23',31,1,7,31,'https://www.roblox.com/games/15685372384/UNORTHODOX-ACCOUNTING?appliedFilters=device%253Dcomputer%252Cage%253Dall%252Ccountry%253Dall&discoverPageSessionInfo=01c05573-f673-4a65-9599-7527054a25ec&gameSetTargetId=660&gameSetTypeId=23&isAd=false&nativeAdData=&numberOfLoadedTiles=52&page=gamesPage&placeId=15685372384&playContext=gamesPage&position=21&sortPos=14&universeId=5418349743'),(15715250396,'LankyBox Concert LIVE',0,0,'2023-12-23','2025-07-20',91,2,15,100,'https://www.roblox.com/games/15715250396/LankyBox-Concert-LIVE?discoverPageSessionInfo=01c05573-f673-4a65-9599-7527054a25ec&gameSetTargetId=668&gameSetTypeId=23&isAd=false&nativeAdData=&numberOfLoadedTiles=58&page=gamesPage&placeId=15715250396&playContext=gamesPage&position=14&sortPos=9&universeId=5429414398'),(16087546880,'Survive The Zombies The Killers',0,0,'2024-01-23','2025-07-19',143,2,7,159,'https://www.roblox.com/games/16087546880/Survive-The-Zombies-The-Killers?appliedFilters=device%253Dcomputer%252Cage%253Dall%252Ccountry%253Dall&discoverPageSessionInfo=01c05573-f673-4a65-9599-7527054a25ec&gameSetTargetId=660&gameSetTypeId=23&isAd=false&nativeAdData=&numberOfLoadedTiles=52&page=gamesPage&placeId=16087546880&playContext=gamesPage&position=5&sortPos=14&universeId=5560226875'),(16181108359,'Which friend do you save',0,0,'2024-01-31','2025-06-04',12,2,1,51,'https://www.roblox.com/games/16181108359/Which-friend-do-you-save?appliedFilters=device%253Dcomputer%252Cage%253Dall%252Ccountry%253Dall&discoverPageSessionInfo=01c05573-f673-4a65-9599-7527054a25ec&gameSetTargetId=656&gameSetTypeId=23&isAd=false&nativeAdData=&numberOfLoadedTiles=82&page=gamesPage&placeId=16181108359&playContext=gamesPage&position=79&sortPos=19&universeId=5588721964'),(16981421605,'Reborn As Swordsman',0,0,'2024-04-02','2025-07-19',125,1,8,139,'https://www.roblox.com/games/16981421605/Reborn-As-Swordsman?discoverPageSessionInfo=01c05573-f673-4a65-9599-7527054a25ec&gameSetTargetId=670&gameSetTypeId=23&isAd=false&nativeAdData=&numberOfLoadedTiles=98&page=gamesPage&placeId=16981421605&playContext=gamesPage&position=96&sortPos=8&universeId=5827120940'),(16991287194,'[RECODE] something evil will happen',0,0,'2024-04-03','2025-07-21',18,2,3,18,'https://www.roblox.com/games/16991287194/RECODE-something-evil-will-happen?appliedFilters=device%253Dcomputer%252Cage%253Dall%252Ccountry%253Dall&discoverPageSessionInfo=01c05573-f673-4a65-9599-7527054a25ec&gameSetTargetId=222&gameSetTypeId=23&isAd=false&nativeAdData=&numberOfLoadedTiles=70&page=gamesPage&placeId=16991287194&playContext=gamesPage&position=26&sortPos=4&universeId=5829613337'),(17192092512,'Deermont [RP]',0,0,'2024-04-19','2025-07-08',55,2,13,59,'https://www.roblox.com/games/17192092512/Deermont-RP?appliedFilters=device%253Dcomputer%252Cage%253Dall%252Ccountry%253Dall&discoverPageSessionInfo=01c05573-f673-4a65-9599-7527054a25ec&gameSetTargetId=659&gameSetTypeId=23&isAd=false&nativeAdData=&numberOfLoadedTiles=91&page=gamesPage&placeId=17192092512&playContext=gamesPage&position=34&sortPos=21&universeId=5887211857'),(17450551531,'[UPD] Gym League',0,0,'2024-05-11','2025-07-22',41,2,8,42,'https://www.roblox.com/games/17450551531/UPD-Gym-League?appliedFilters=device%253Dcomputer%252Cage%253Dall%252Ccountry%253Dall&discoverPageSessionInfo=01c05573-f673-4a65-9599-7527054a25ec&gameSetTargetId=673&gameSetTypeId=23&isAd=false&nativeAdData=&numberOfLoadedTiles=90&page=gamesPage&placeId=17450551531&playContext=gamesPage&position=34&sortPos=11&universeId=5972059550'),(17487086188,'void fishing',0,0,'2024-05-14','2025-06-28',139,2,8,155,'https://www.roblox.com/games/17487086188/void-fishing?discoverPageSessionInfo=01c05573-f673-4a65-9599-7527054a25ec&gameSetTargetId=670&gameSetTypeId=23&isAd=false&nativeAdData=&numberOfLoadedTiles=98&page=gamesPage&placeId=17487086188&playContext=gamesPage&position=1&sortPos=8&universeId=5985126622'),(17670743999,'[UPD] Cake Off',0,0,'2024-05-31','2025-07-23',NULL,2,1,120,'https://www.roblox.com/games/17670743999/UPD-Cake-Off?appliedFilters=device%253Dcomputer%252Cage%253Dall%252Ccountry%253Dall&discoverPageSessionInfo=01c05573-f673-4a65-9599-7527054a25ec&gameSetTargetId=656&gameSetTypeId=23&isAd=false&nativeAdData=&numberOfLoadedTiles=82&page=gamesPage&placeId=17670743999&playContext=gamesPage&position=21&sortPos=19&universeId=6052033819'),(17788997511,'Fatal Combat',0,0,'2024-06-09','2025-07-23',169,1,6,191,'https://www.roblox.com/games/17788997511/Fatal-Combat?appliedFilters=device%253Dcomputer%252Cage%253Dall%252Ccountry%253Dall&discoverPageSessionInfo=01c05573-f673-4a65-9599-7527054a25ec&gameSetTargetId=651&gameSetTypeId=23&isAd=false&nativeAdData=&numberOfLoadedTiles=74&page=gamesPage&placeId=17788997511&playContext=gamesPage&position=39&sortPos=15&universeId=6094102038'),(18238180555,'Superstar Racers',0,0,'2024-06-28','2025-07-22',103,2,4,113,'https://www.roblox.com/games/18238180555/Superstar-Racers?appliedFilters=device%253Dcomputer%252Cage%253Dall%252Ccountry%253Dall&discoverPageSessionInfo=01c05573-f673-4a65-9599-7527054a25ec&gameSetTargetId=664&gameSetTypeId=23&isAd=false&nativeAdData=&numberOfLoadedTiles=90&page=gamesPage&placeId=18238180555&playContext=gamesPage&position=9&sortPos=13&universeId=6182655829'),(18432975025,'Short Horror Games',0,0,'2024-07-11','2025-05-13',42,2,5,43,'https://www.roblox.com/games/18432975025/Short-Horror-Games?appliedFilters=device%253Dcomputer%252Cage%253Dall%252Ccountry%253Dall&discoverPageSessionInfo=01c05573-f673-4a65-9599-7527054a25ec&gameSetTargetId=652&gameSetTypeId=23&isAd=false&nativeAdData=&numberOfLoadedTiles=78&page=gamesPage&placeId=18432975025&playContext=gamesPage&position=67&sortPos=16&universeId=6247557414'),(18565120308,'Dont Shatter [2 Player Obby]',0,0,'2024-07-20','2025-06-20',NULL,2,2,138,'https://www.roblox.com/games/18565120308/Dont-Shatter-2-Player-Obby?discoverPageSessionInfo=01c05573-f673-4a65-9599-7527054a25ec&gameSetTargetId=670&gameSetTypeId=23&isAd=false&nativeAdData=&numberOfLoadedTiles=98&page=gamesPage&placeId=18565120308&playContext=gamesPage&position=93&sortPos=8&universeId=6290175032'),(18629053284,'Survival Odyssey',0,0,'2024-07-24','2025-07-06',156,1,11,175,'https://www.roblox.com/games/18629053284/Survival-Odyssey?appliedFilters=device%253Dcomputer%252Cage%253Dall%252Ccountry%253Dall&discoverPageSessionInfo=01c05573-f673-4a65-9599-7527054a25ec&gameSetTargetId=658&gameSetTypeId=23&isAd=false&nativeAdData=&numberOfLoadedTiles=73&page=gamesPage&placeId=18629053284&playContext=gamesPage&position=39&sortPos=12&universeId=6312044888'),(18649596490,'[RELAPSE] Are you lonely',0,0,'2024-07-25','2025-07-19',24,2,10,24,'https://www.roblox.com/games/18649596490/RELAPSE-Are-you-lonely?appliedFilters=device%253Dcomputer%252Cage%253Dall%252Ccountry%253Dall&discoverPageSessionInfo=01c05573-f673-4a65-9599-7527054a25ec&gameSetTargetId=222&gameSetTypeId=23&isAd=false&nativeAdData=&numberOfLoadedTiles=70&page=gamesPage&placeId=18649596490&playContext=gamesPage&position=39&sortPos=4&universeId=6318887244'),(18687417158,'[NOLI] Forsaken',0,0,'2024-07-28','2025-07-23',165,1,3,187,'https://www.roblox.com/games/18687417158/NOLI-Forsaken?discoverPageSessionInfo=01c05573-f673-4a65-9599-7527054a25ec&gameSetTargetId=671&gameSetTypeId=23&isAd=false&nativeAdData=&numberOfLoadedTiles=92&page=gamesPage&placeId=18687417158&playContext=gamesPage&position=5&sortPos=3&universeId=6331902150'),(18934709778,'[CAR] A Long Road - BETA',0,0,'2024-08-13','2025-07-20',100,2,5,110,'https://www.roblox.com/games/18934709778/CAR-A-Long-Road-BETA?appliedFilters=device%253Dcomputer%252Cage%253Dall%252Ccountry%253Dall&discoverPageSessionInfo=01c05573-f673-4a65-9599-7527054a25ec&gameSetTargetId=652&gameSetTypeId=23&isAd=false&nativeAdData=&numberOfLoadedTiles=78&page=gamesPage&placeId=18934709778&playContext=gamesPage&position=25&sortPos=16&universeId=6413074235'),(70767845851256,'EXILED',0,0,'2024-08-31','2025-07-15',76,1,5,82,'https://www.roblox.com/games/70767845851256/EXILED?appliedFilters=device%253Dcomputer%252Cage%253Dall%252Ccountry%253Dall&discoverPageSessionInfo=01c05573-f673-4a65-9599-7527054a25ec&gameSetTargetId=652&gameSetTypeId=23&isAd=false&nativeAdData=&numberOfLoadedTiles=78&page=gamesPage&placeId=70767845851256&playContext=gamesPage&position=63&sortPos=16&universeId=6489669774'),(71412777087552,'Chicken Jockey [2 Player Obby]',0,0,'2025-04-16','2025-06-25',88,2,2,96,'https://www.roblox.com/games/71412777087552/Chicken-Jockey-2-Player-Obby?appliedFilters=device%253Dcomputer%252Cage%253Dall%252Ccountry%253Dall&discoverPageSessionInfo=01c05573-f673-4a65-9599-7527054a25ec&gameSetTargetId=655&gameSetTypeId=23&isAd=false&nativeAdData=&numberOfLoadedTiles=95&page=gamesPage&placeId=71412777087552&playContext=gamesPage&position=78&sortPos=18&universeId=7546135071'),(72212564918217,'[UPD ] Steal A Fish',0,0,'2025-06-14','2025-07-19',19,2,8,19,'https://www.roblox.com/games/72212564918217/UPD-Steal-A-Fish?appliedFilters=device%253Dcomputer%252Cage%253Dall%252Ccountry%253Dall&discoverPageSessionInfo=01c05573-f673-4a65-9599-7527054a25ec&gameSetTargetId=241&gameSetTypeId=23&isAd=false&nativeAdData=&numberOfLoadedTiles=86&page=gamesPage&placeId=72212564918217&playContext=gamesPage&position=41&sortPos=6&universeId=7907828295'),(72829404259339,'[TYBW 2  QOL ] Anime Rangers X',0,0,'2024-12-06','2025-07-24',68,2,12,73,'https://www.roblox.com/games/72829404259339/TYBW-2-QOL-Anime-Rangers-X?appliedFilters=device%253Dcomputer%252Cage%253Dall%252Ccountry%253Dall&discoverPageSessionInfo=01c05573-f673-4a65-9599-7527054a25ec&gameSetTargetId=237&gameSetTypeId=23&isAd=false&nativeAdData=&numberOfLoadedTiles=80&page=gamesPage&placeId=72829404259339&playContext=gamesPage&position=13&sortPos=5&universeId=6884266247'),(73260369529980,'1000000 Jump Rope [SQUID GAME SEASON 3]',0,0,'2025-07-05','2025-07-24',122,2,2,136,'https://www.roblox.com/games/73260369529980/1-000-000-Jump-Rope-SQUID-GAME-SEASON-3?appliedFilters=device%253Dcomputer%252Cage%253Dall%252Ccountry%253Dall&discoverPageSessionInfo=01c05573-f673-4a65-9599-7527054a25ec&gameSetTargetId=655&gameSetTypeId=23&isAd=false&nativeAdData=&numberOfLoadedTiles=95&page=gamesPage&placeId=73260369529980&playContext=gamesPage&position=80&sortPos=18&universeId=8076774031'),(73808553296106,'The Diner',0,0,'2025-01-08','2025-07-23',45,2,8,47,'https://www.roblox.com/games/73808553296106/The-Diner?appliedFilters=device%253Dcomputer%252Cage%253Dall%252Ccountry%253Dall&discoverPageSessionInfo=01c05573-f673-4a65-9599-7527054a25ec&gameSetTargetId=662&gameSetTypeId=23&isAd=false&nativeAdData=&numberOfLoadedTiles=97&page=gamesPage&placeId=73808553296106&playContext=gamesPage&position=27&sortPos=23&universeId=7056703874'),(73956553001240,'Volleyball Legends',0,0,'2024-12-17','2025-07-22',16,2,4,16,'https://www.roblox.com/games/73956553001240/Volleyball-Legends?discoverPageSessionInfo=01c05573-f673-4a65-9599-7527054a25ec&gameSetTargetId=671&gameSetTypeId=23&isAd=false&nativeAdData=&numberOfLoadedTiles=92&page=gamesPage&placeId=73956553001240&playContext=gamesPage&position=21&sortPos=3&universeId=6931042565'),(74399004053401,'Pull Hair Tower',0,0,'2025-06-25','2025-07-21',171,1,2,193,'https://www.roblox.com/games/74399004053401/Pull-Hair-Tower?appliedFilters=device%253Dcomputer%252Cage%253Dall%252Ccountry%253Dall&discoverPageSessionInfo=01c05573-f673-4a65-9599-7527054a25ec&gameSetTargetId=655&gameSetTypeId=23&isAd=false&nativeAdData=&numberOfLoadedTiles=95&page=gamesPage&placeId=74399004053401&playContext=gamesPage&position=10&sortPos=18&universeId=7995420236'),(75139493550474,'Squid Game Troll Tower',0,0,'2025-06-14','2025-07-23',77,2,2,83,'https://www.roblox.com/games/75139493550474/Squid-Game-Troll-Tower?discoverPageSessionInfo=01c05573-f673-4a65-9599-7527054a25ec&gameSetTargetId=671&gameSetTypeId=23&isAd=false&nativeAdData=&numberOfLoadedTiles=92&page=gamesPage&placeId=75139493550474&playContext=gamesPage&position=70&sortPos=3&universeId=7912886575'),(75178747054941,'EQuest Testing [PERSONALITIES]',0,0,'2025-06-15','2025-07-24',136,2,13,151,'https://www.roblox.com/games/75178747054941/EQuest-Testing-PERSONALITIES?appliedFilters=device%253Dcomputer%252Cage%253Dall%252Ccountry%253Dall&discoverPageSessionInfo=01c05573-f673-4a65-9599-7527054a25ec&gameSetTargetId=659&gameSetTypeId=23&isAd=false&nativeAdData=&numberOfLoadedTiles=91&page=gamesPage&placeId=75178747054941&playContext=gamesPage&position=86&sortPos=21&universeId=7921879545'),(78486942226809,'Sapling [Fields  Flora]',0,0,'2025-04-18','2025-07-22',47,2,8,49,'https://www.roblox.com/games/78486942226809/Sapling-Fields-Flora?appliedFilters=device%253Dcomputer%252Cage%253Dall%252Ccountry%253Dall&discoverPageSessionInfo=01c05573-f673-4a65-9599-7527054a25ec&gameSetTargetId=662&gameSetTypeId=23&isAd=false&nativeAdData=&numberOfLoadedTiles=97&page=gamesPage&placeId=78486942226809&playContext=gamesPage&position=14&sortPos=23&universeId=7558198287'),(79368456802742,'IQ Rooms [Room79]',0,0,'2025-04-08','2025-07-23',120,2,9,134,'https://www.roblox.com/games/79368456802742/IQ-Rooms-Room79?appliedFilters=device%253Dcomputer%252Cage%253Dall%252Ccountry%253Dall&discoverPageSessionInfo=01c05573-f673-4a65-9599-7527054a25ec&gameSetTargetId=657&gameSetTypeId=23&isAd=false&nativeAdData=&numberOfLoadedTiles=30&page=gamesPage&placeId=79368456802742&playContext=gamesPage&position=29&sortPos=20&universeId=7506737869'),(79546208627805,'99 Nights in the Forest  [ALIENS]',0,0,'2025-03-04','2025-07-21',NULL,2,3,169,'https://www.roblox.com/games/79546208627805/99-Nights-in-the-Forest-ALIENS?appliedFilters=device%253Dcomputer%252Cage%253Dall%252Ccountry%253Dall&discoverPageSessionInfo=01c05573-f673-4a65-9599-7527054a25ec&gameSetTargetId=238&gameSetTypeId=23&isAd=false&nativeAdData=&numberOfLoadedTiles=87&page=gamesPage&placeId=79546208627805&playContext=gamesPage&position=0&sortPos=1&universeId=7326934954'),(79657240466394,'[] Container RNG',0,0,'2025-05-15','2025-07-20',57,2,8,61,'https://www.roblox.com/games/79657240466394/Container-RNG?appliedFilters=device%253Dcomputer%252Cage%253Dall%252Ccountry%253Dall&discoverPageSessionInfo=01c05573-f673-4a65-9599-7527054a25ec&gameSetTargetId=239&gameSetTypeId=23&isAd=false&nativeAdData=&numberOfLoadedTiles=42&page=gamesPage&placeId=79657240466394&playContext=gamesPage&position=38&sortPos=2&universeId=7703544118'),(80316691895873,'Blade League',0,0,'2024-12-08','2025-03-21',119,2,4,133,'https://www.roblox.com/games/80316691895873/Blade-League?appliedFilters=device%253Dcomputer%252Cage%253Dall%252Ccountry%253Dall&discoverPageSessionInfo=01c05573-f673-4a65-9599-7527054a25ec&gameSetTargetId=664&gameSetTypeId=23&isAd=false&nativeAdData=&numberOfLoadedTiles=90&page=gamesPage&placeId=80316691895873&playContext=gamesPage&position=52&sortPos=13&universeId=6894451805'),(80989280669685,'Steal a Huge Planet [MYSTERY Planet]',0,0,'2025-06-12','2025-07-19',151,2,8,168,'https://www.roblox.com/games/80989280669685/Steal-a-Huge-Planet-MYSTERY-Planet?appliedFilters=device%253Dcomputer%252Cage%253Dall%252Ccountry%253Dall&discoverPageSessionInfo=01c05573-f673-4a65-9599-7527054a25ec&gameSetTargetId=662&gameSetTypeId=23&isAd=false&nativeAdData=&numberOfLoadedTiles=97&page=gamesPage&placeId=80989280669685&playContext=gamesPage&position=69&sortPos=23&universeId=7897422375'),(81072337989394,'[RELEASE] Tennis Zero',0,0,'2025-05-21','2025-07-24',10,2,4,10,'https://www.roblox.com/games/81072337989394/RELEASE-Tennis-Zero?appliedFilters=device%253Dcomputer%252Cage%253Dall%252Ccountry%253Dall&discoverPageSessionInfo=01c05573-f673-4a65-9599-7527054a25ec&gameSetTargetId=241&gameSetTypeId=23&isAd=false&nativeAdData=&numberOfLoadedTiles=86&page=gamesPage&placeId=81072337989394&playContext=gamesPage&position=33&sortPos=6&universeId=7744159391'),(81239378558719,'Hide the body',0,0,'2025-06-02','2025-07-24',89,1,12,97,'https://www.roblox.com/games/81239378558719/Hide-the-body?appliedFilters=device%253Dcomputer%252Cage%253Dall%252Ccountry%253Dall&discoverPageSessionInfo=01c05573-f673-4a65-9599-7527054a25ec&gameSetTargetId=238&gameSetTypeId=23&isAd=false&nativeAdData=&numberOfLoadedTiles=87&page=gamesPage&placeId=81239378558719&playContext=gamesPage&position=2&sortPos=1&universeId=7823137182'),(81968724698850,'Fish and Fight',0,0,'2025-06-16','2025-07-22',174,2,8,196,'https://www.roblox.com/games/81968724698850/Fish-and-Fight?appliedFilters=device%253Dcomputer%252Cage%253Dall%252Ccountry%253Dall&discoverPageSessionInfo=01c05573-f673-4a65-9599-7527054a25ec&gameSetTargetId=238&gameSetTypeId=23&isAd=false&nativeAdData=&numberOfLoadedTiles=87&page=gamesPage&placeId=81968724698850&playContext=gamesPage&position=27&sortPos=1&universeId=7926427431'),(82434557832176,'Pick A Food',0,0,'2024-11-22','2024-12-01',NULL,2,1,152,'https://www.roblox.com/games/82434557832176/Pick-A-Food?appliedFilters=device%253Dcomputer%252Cage%253Dall%252Ccountry%253Dall&discoverPageSessionInfo=01c05573-f673-4a65-9599-7527054a25ec&gameSetTargetId=656&gameSetTypeId=23&isAd=false&nativeAdData=&numberOfLoadedTiles=82&page=gamesPage&placeId=82434557832176&playContext=gamesPage&position=31&sortPos=19&universeId=6826136419'),(83273735730446,'Toy Store Simulator',0,0,'2025-05-29','2025-07-23',172,2,8,194,'https://www.roblox.com/games/83273735730446/Toy-Store-Simulator?appliedFilters=device%253Dcomputer%252Cage%253Dall%252Ccountry%253Dall&discoverPageSessionInfo=01c05573-f673-4a65-9599-7527054a25ec&gameSetTargetId=662&gameSetTypeId=23&isAd=false&nativeAdData=&numberOfLoadedTiles=97&page=gamesPage&placeId=83273735730446&playContext=gamesPage&position=73&sortPos=23&universeId=7795202327'),(83942919686609,'[] Build a Scam Empire',0,0,'2025-05-04','2025-07-24',40,2,8,41,'https://www.roblox.com/games/83942919686609/Build-a-Scam-Empire?appliedFilters=device%253Dcomputer%252Cage%253Dall%252Ccountry%253Dall&discoverPageSessionInfo=01c05573-f673-4a65-9599-7527054a25ec&gameSetTargetId=673&gameSetTypeId=23&isAd=false&nativeAdData=&numberOfLoadedTiles=90&page=gamesPage&placeId=83942919686609&playContext=gamesPage&position=37&sortPos=11&universeId=7640282930'),(85896571713843,'Bubble Gum Simulator INFINITY',0,0,'2024-09-03','2025-07-20',161,2,8,183,'https://www.roblox.com/games/85896571713843/Bubble-Gum-Simulator-INFINITY?appliedFilters=device%253Dcomputer%252Cage%253Dall%252Ccountry%253Dall&discoverPageSessionInfo=01c05573-f673-4a65-9599-7527054a25ec&gameSetTargetId=673&gameSetTypeId=23&isAd=false&nativeAdData=&numberOfLoadedTiles=90&page=gamesPage&placeId=85896571713843&playContext=gamesPage&position=46&sortPos=11&universeId=6504986360'),(87212636993817,'Blue Lock RNG',0,0,'2025-06-18','2025-07-19',NULL,2,8,75,'https://www.roblox.com/games/87212636993817/Blue-Lock-RNG?appliedFilters=device%253Dcomputer%252Cage%253Dall%252Ccountry%253Dall&discoverPageSessionInfo=01c05573-f673-4a65-9599-7527054a25ec&gameSetTargetId=662&gameSetTypeId=23&isAd=false&nativeAdData=&numberOfLoadedTiles=97&page=gamesPage&placeId=87212636993817&playContext=gamesPage&position=72&sortPos=23&universeId=7943036770'),(88021617698822,'Invisible Troll Tower',0,0,'2025-06-24','2025-07-21',96,2,2,105,'https://www.roblox.com/games/88021617698822/Invisible-Troll-Tower?appliedFilters=device%253Dcomputer%252Cage%253Dall%252Ccountry%253Dall&discoverPageSessionInfo=01c05573-f673-4a65-9599-7527054a25ec&gameSetTargetId=655&gameSetTypeId=23&isAd=false&nativeAdData=&numberOfLoadedTiles=95&page=gamesPage&placeId=88021617698822&playContext=gamesPage&position=33&sortPos=18&universeId=7983687809'),(90462358603255,'[PART 2] Anime Eternal',0,0,'2025-06-10','2025-07-23',133,2,8,148,'https://www.roblox.com/games/90462358603255/PART-2-Anime-Eternal?appliedFilters=device%253Dcomputer%252Cage%253Dall%252Ccountry%253Dall&discoverPageSessionInfo=01c05573-f673-4a65-9599-7527054a25ec&gameSetTargetId=239&gameSetTypeId=23&isAd=false&nativeAdData=&numberOfLoadedTiles=42&page=gamesPage&placeId=90462358603255&playContext=gamesPage&position=41&sortPos=2&universeId=7882829745'),(92044060392057,'Dead Sewers[Summer][Alpha]',0,0,'2025-05-12','2025-07-21',6,1,5,6,'https://www.roblox.com/games/92044060392057/Dead-Sewers-Summer-Alpha?appliedFilters=device%253Dcomputer%252Cage%253Dall%252Ccountry%253Dall&discoverPageSessionInfo=01c05573-f673-4a65-9599-7527054a25ec&gameSetTargetId=673&gameSetTypeId=23&isAd=false&nativeAdData=&numberOfLoadedTiles=90&page=gamesPage&placeId=92044060392057&playContext=gamesPage&position=49&sortPos=11&universeId=7690412163'),(93557410403539,'Noobs Must Die',0,0,'2025-04-10','2025-07-11',56,1,11,60,'https://www.roblox.com/games/93557410403539/Noobs-Must-Die?appliedFilters=device%253Dcomputer%252Cage%253Dall%252Ccountry%253Dall&discoverPageSessionInfo=01c05573-f673-4a65-9599-7527054a25ec&gameSetTargetId=658&gameSetTypeId=23&isAd=false&nativeAdData=&numberOfLoadedTiles=73&page=gamesPage&placeId=93557410403539&playContext=gamesPage&position=16&sortPos=12&universeId=7516718402'),(93729973089151,'Mindlock Escape Room',0,0,'2025-03-30','2025-07-22',146,2,9,162,'https://www.roblox.com/games/93729973089151/Mindlock-Escape-Room?appliedFilters=device%253Dcomputer%252Cage%253Dall%252Ccountry%253Dall&discoverPageSessionInfo=01c05573-f673-4a65-9599-7527054a25ec&gameSetTargetId=657&gameSetTypeId=23&isAd=false&nativeAdData=&numberOfLoadedTiles=30&page=gamesPage&placeId=93729973089151&playContext=gamesPage&position=4&sortPos=20&universeId=7455943862'),(96490671161699,'FNAF Battlegrounds 2',0,0,'2024-11-17','2025-07-20',NULL,1,6,67,'https://www.roblox.com/games/96490671161699/FNAF-Battlegrounds-2?appliedFilters=device%253Dcomputer%252Cage%253Dall%252Ccountry%253Dall&discoverPageSessionInfo=01c05573-f673-4a65-9599-7527054a25ec&gameSetTargetId=651&gameSetTypeId=23&isAd=false&nativeAdData=&numberOfLoadedTiles=74&page=gamesPage&placeId=96490671161699&playContext=gamesPage&position=43&sortPos=15&universeId=6807582030'),(99342262733194,'Randomizer Redux',0,0,'2024-11-01','2025-07-19',75,1,7,81,'https://www.roblox.com/games/99342262733194/Randomizer-Redux?appliedFilters=device%253Dcomputer%252Cage%253Dall%252Ccountry%253Dall&discoverPageSessionInfo=01c05573-f673-4a65-9599-7527054a25ec&gameSetTargetId=660&gameSetTypeId=23&isAd=false&nativeAdData=&numberOfLoadedTiles=52&page=gamesPage&placeId=99342262733194&playContext=gamesPage&position=16&sortPos=14&universeId=6745933496'),(100400297022629,'[Slayer] DUEL Warriors',0,0,'2024-10-30','2025-07-24',114,1,6,126,'https://www.roblox.com/games/100400297022629/Slayer-DUEL-Warriors?appliedFilters=device%253Dcomputer%252Cage%253Dall%252Ccountry%253Dall&discoverPageSessionInfo=01c05573-f673-4a65-9599-7527054a25ec&gameSetTargetId=651&gameSetTypeId=23&isAd=false&nativeAdData=&numberOfLoadedTiles=74&page=gamesPage&placeId=100400297022629&playContext=gamesPage&position=69&sortPos=15&universeId=6736482454'),(101403552776844,'[SALES] Jetpack Rush',0,0,'2025-06-12','2025-07-22',82,2,2,89,'https://www.roblox.com/games/101403552776844/SALES-Jetpack-Rush?appliedFilters=device%253Dcomputer%252Cage%253Dall%252Ccountry%253Dall&discoverPageSessionInfo=01c05573-f673-4a65-9599-7527054a25ec&gameSetTargetId=655&gameSetTypeId=23&isAd=false&nativeAdData=&numberOfLoadedTiles=95&page=gamesPage&placeId=101403552776844&playContext=gamesPage&position=70&sortPos=18&universeId=7897603620'),(101419624822516,'Bridge Builders',0,0,'2025-04-26','2025-07-24',12,1,1,12,'https://www.roblox.com/games/101419624822516/Bridge-Builders?appliedFilters=device%253Dcomputer%252Cage%253Dall%252Ccountry%253Dall&discoverPageSessionInfo=01c05573-f673-4a65-9599-7527054a25ec&gameSetTargetId=656&gameSetTypeId=23&isAd=false&nativeAdData=&numberOfLoadedTiles=82&page=gamesPage&placeId=101419624822516&playContext=gamesPage&position=19&sortPos=19&universeId=7597641221'),(102335515580864,'[UPD] Steal A Pet',0,0,'2025-05-25','2025-07-23',72,2,2,78,'https://www.roblox.com/games/102335515580864/UPD-Steal-A-Pet?appliedFilters=device%253Dcomputer%252Cage%253Dall%252Ccountry%253Dall&discoverPageSessionInfo=01c05573-f673-4a65-9599-7527054a25ec&gameSetTargetId=655&gameSetTypeId=23&isAd=false&nativeAdData=&numberOfLoadedTiles=95&page=gamesPage&placeId=102335515580864&playContext=gamesPage&position=12&sortPos=18&universeId=7772563946'),(103120571981776,'climb a mountain',0,0,'2024-12-01','2025-07-24',101,2,5,111,'https://www.roblox.com/games/103120571981776/climb-a-mountain?appliedFilters=device%253Dcomputer%252Cage%253Dall%252Ccountry%253Dall&discoverPageSessionInfo=01c05573-f673-4a65-9599-7527054a25ec&gameSetTargetId=652&gameSetTypeId=23&isAd=false&nativeAdData=&numberOfLoadedTiles=78&page=gamesPage&placeId=103120571981776&playContext=gamesPage&position=13&sortPos=16&universeId=6862548805'),(103138144891239,'Minds Fall - Survival',0,0,'2024-12-11','2025-05-16',4,1,3,4,'https://www.roblox.com/games/103138144891239/Minds-Fall-Survival?appliedFilters=device%253Dcomputer%252Cage%253Dall%252Ccountry%253Dall&discoverPageSessionInfo=01c05573-f673-4a65-9599-7527054a25ec&gameSetTargetId=238&gameSetTypeId=23&isAd=false&nativeAdData=&numberOfLoadedTiles=87&page=gamesPage&placeId=103138144891239&playContext=gamesPage&position=48&sortPos=1&universeId=6904570042'),(104937784445732,'Squid Game 3 [Final Games]',0,0,'2025-06-04','2025-07-21',NULL,1,1,3,'https://www.roblox.com/games/104937784445732/Squid-Game-3-Final-Games?appliedFilters=device%253Dcomputer%252Cage%253Dall%252Ccountry%253Dall&discoverPageSessionInfo=01c05573-f673-4a65-9599-7527054a25ec&gameSetTargetId=656&gameSetTypeId=23&isAd=false&nativeAdData=&numberOfLoadedTiles=82&page=gamesPage&placeId=104937784445732&playContext=gamesPage&position=11&sortPos=19&universeId=7837861170'),(105938112304055,'[Brainrot ] Lucky Block Tower',0,0,'2025-06-18','2025-07-23',48,1,2,50,'https://www.roblox.com/games/105938112304055/Brainrot-Lucky-Block-Tower?appliedFilters=device%253Dcomputer%252Cage%253Dall%252Ccountry%253Dall&discoverPageSessionInfo=01c05573-f673-4a65-9599-7527054a25ec&gameSetTargetId=238&gameSetTypeId=23&isAd=false&nativeAdData=&numberOfLoadedTiles=87&page=gamesPage&placeId=105938112304055&playContext=gamesPage&position=30&sortPos=1&universeId=7938272070'),(107727386530697,'Noob Mayhem',0,0,'2025-05-29','2025-07-24',176,1,11,198,'https://www.roblox.com/games/107727386530697/Noob-Mayhem?appliedFilters=device%253Dcomputer%252Cage%253Dall%252Ccountry%253Dall&discoverPageSessionInfo=01c05573-f673-4a65-9599-7527054a25ec&gameSetTargetId=673&gameSetTypeId=23&isAd=false&nativeAdData=&numberOfLoadedTiles=90&page=gamesPage&placeId=107727386530697&playContext=gamesPage&position=81&sortPos=11&universeId=7794218964'),(108003034980758,'[] Tied Together',0,0,'2024-10-10','2025-07-22',80,2,2,87,'https://www.roblox.com/games/108003034980758/Tied-Together?appliedFilters=device%253Dcomputer%252Cage%253Dall%252Ccountry%253Dall&discoverPageSessionInfo=01c05573-f673-4a65-9599-7527054a25ec&gameSetTargetId=655&gameSetTypeId=23&isAd=false&nativeAdData=&numberOfLoadedTiles=95&page=gamesPage&placeId=108003034980758&playContext=gamesPage&position=39&sortPos=18&universeId=6655970630'),(109599487501571,'[] Better Show',0,0,'2025-05-20','2025-07-15',79,1,1,86,'https://www.roblox.com/games/109599487501571/Better-Show?appliedFilters=device%253Dcomputer%252Cage%253Dall%252Ccountry%253Dall&discoverPageSessionInfo=01c05573-f673-4a65-9599-7527054a25ec&gameSetTargetId=656&gameSetTypeId=23&isAd=false&nativeAdData=&numberOfLoadedTiles=82&page=gamesPage&placeId=109599487501571&playContext=gamesPage&position=13&sortPos=19&universeId=7733613102'),(110072078315694,'Grow a Garden Quiz',0,0,'2025-06-24','2025-07-23',36,2,1,37,'https://www.roblox.com/games/110072078315694/Grow-a-Garden-Quiz?appliedFilters=device%253Dcomputer%252Cage%253Dall%252Ccountry%253Dall&discoverPageSessionInfo=01c05573-f673-4a65-9599-7527054a25ec&gameSetTargetId=656&gameSetTypeId=23&isAd=false&nativeAdData=&numberOfLoadedTiles=82&page=gamesPage&placeId=110072078315694&playContext=gamesPage&position=1&sortPos=19&universeId=7984427658'),(110814051639689,'Oath of Office Political Simulator',0,0,'2024-09-02','2025-07-19',84,2,13,91,'https://www.roblox.com/games/110814051639689/Oath-of-Office-Political-Simulator?appliedFilters=device%253Dcomputer%252Cage%253Dall%252Ccountry%253Dall&discoverPageSessionInfo=01c05573-f673-4a65-9599-7527054a25ec&gameSetTargetId=659&gameSetTypeId=23&isAd=false&nativeAdData=&numberOfLoadedTiles=91&page=gamesPage&placeId=110814051639689&playContext=gamesPage&position=11&sortPos=21&universeId=6500116207'),(111269821236707,'(FREE GUNS) South London',0,0,'2025-06-29','2025-07-22',39,2,6,40,'https://www.roblox.com/games/111269821236707/FREE-GUNS-South-London?appliedFilters=device%253Dcomputer%252Cage%253Dall%252Ccountry%253Dall&discoverPageSessionInfo=01c05573-f673-4a65-9599-7527054a25ec&gameSetTargetId=651&gameSetTypeId=23&isAd=false&nativeAdData=&numberOfLoadedTiles=74&page=gamesPage&placeId=111269821236707&playContext=gamesPage&position=3&sortPos=15&universeId=8029270163'),(111989938562194,'Brainrot Evolution',0,0,'2025-03-05','2025-07-23',162,1,8,184,'https://www.roblox.com/games/111989938562194/Brainrot-Evolution?discoverPageSessionInfo=01c05573-f673-4a65-9599-7527054a25ec&gameSetTargetId=671&gameSetTypeId=23&isAd=false&nativeAdData=&numberOfLoadedTiles=92&page=gamesPage&placeId=111989938562194&playContext=gamesPage&position=19&sortPos=3&universeId=7332711118'),(112279762578792,'Mines',0,0,'2025-03-25','2025-06-28',20,2,8,20,'https://www.roblox.com/games/112279762578792/Mines?discoverPageSessionInfo=01c05573-f673-4a65-9599-7527054a25ec&gameSetTargetId=670&gameSetTypeId=23&isAd=false&nativeAdData=&numberOfLoadedTiles=98&page=gamesPage&placeId=112279762578792&playContext=gamesPage&position=14&sortPos=8&universeId=7432254268'),(113506071094099,'[] SHARP',0,0,'2025-06-25','2025-07-22',167,1,7,189,'https://www.roblox.com/games/113506071094099/SHARP?appliedFilters=device%253Dcomputer%252Cage%253Dall%252Ccountry%253Dall&discoverPageSessionInfo=01c05573-f673-4a65-9599-7527054a25ec&gameSetTargetId=239&gameSetTypeId=23&isAd=false&nativeAdData=&numberOfLoadedTiles=42&page=gamesPage&placeId=113506071094099&playContext=gamesPage&position=31&sortPos=2&universeId=7996365376'),(114291906728616,'POLY-Z RNGZombie Survival',0,0,'2025-02-11','2025-07-23',94,1,7,103,'https://www.roblox.com/games/114291906728616/POLY-Z-RNG-Zombie-Survival?appliedFilters=device%253Dcomputer%252Cage%253Dall%252Ccountry%253Dall&discoverPageSessionInfo=01c05573-f673-4a65-9599-7527054a25ec&gameSetTargetId=660&gameSetTypeId=23&isAd=false&nativeAdData=&numberOfLoadedTiles=52&page=gamesPage&placeId=114291906728616&playContext=gamesPage&position=12&sortPos=14&universeId=7229464493'),(115170712422892,'[MEGA] Butterfly Tycoon',0,0,'2025-02-15','2025-07-10',70,2,8,76,'https://www.roblox.com/games/115170712422892/MEGA-Butterfly-Tycoon?appliedFilters=device%253Dcomputer%252Cage%253Dall%252Ccountry%253Dall&discoverPageSessionInfo=01c05573-f673-4a65-9599-7527054a25ec&gameSetTargetId=239&gameSetTypeId=23&isAd=false&nativeAdData=&numberOfLoadedTiles=42&page=gamesPage&placeId=115170712422892&playContext=gamesPage&position=24&sortPos=2&universeId=7245520408'),(115338810233057,'[CLASSES] Zombie Tower',0,0,'2025-05-08','2025-07-24',113,2,2,125,'https://www.roblox.com/games/115338810233057/CLASSES-Zombie-Tower?appliedFilters=device%253Dcomputer%252Cage%253Dall%252Ccountry%253Dall&discoverPageSessionInfo=01c05573-f673-4a65-9599-7527054a25ec&gameSetTargetId=223&gameSetTypeId=23&isAd=false&nativeAdData=&numberOfLoadedTiles=90&page=gamesPage&placeId=115338810233057&playContext=gamesPage&position=39&sortPos=10&universeId=7661577083'),(119397264543214,'Lucky Gear Tower []',0,0,'2025-07-06','2025-07-21',148,2,2,164,'https://www.roblox.com/games/119397264543214/Lucky-Gear-Tower?appliedFilters=device%253Dcomputer%252Cage%253Dall%252Ccountry%253Dall&discoverPageSessionInfo=01c05573-f673-4a65-9599-7527054a25ec&gameSetTargetId=655&gameSetTypeId=23&isAd=false&nativeAdData=&numberOfLoadedTiles=95&page=gamesPage&placeId=119397264543214&playContext=gamesPage&position=68&sortPos=18&universeId=8089683668'),(121047268788549,'Formula 1998 Championship Edition',0,0,'2024-10-14','2025-07-19',5,2,4,5,'https://www.roblox.com/games/121047268788549/Formula-1998-Championship-Edition?appliedFilters=device%253Dcomputer%252Cage%253Dall%252Ccountry%253Dall&discoverPageSessionInfo=01c05573-f673-4a65-9599-7527054a25ec&gameSetTargetId=664&gameSetTypeId=23&isAd=false&nativeAdData=&numberOfLoadedTiles=90&page=gamesPage&placeId=121047268788549&playContext=gamesPage&position=40&sortPos=13&universeId=6673367088'),(121807678075780,'Steal Junk',0,0,'2025-05-26','2025-07-24',13,2,8,13,'https://www.roblox.com/games/121807678075780/Steal-Junk?appliedFilters=device%253Dcomputer%252Cage%253Dall%252Ccountry%253Dall&discoverPageSessionInfo=01c05573-f673-4a65-9599-7527054a25ec&gameSetTargetId=662&gameSetTypeId=23&isAd=false&nativeAdData=&numberOfLoadedTiles=97&page=gamesPage&placeId=121807678075780&playContext=gamesPage&position=96&sortPos=23&universeId=7778459210'),(122142945178411,'UGC Easy Glass Bridge Obby',0,0,'2025-02-21','2025-07-22',73,2,2,79,'https://www.roblox.com/games/122142945178411/UGC-Easy-Glass-Bridge-Obby?appliedFilters=device%253Dcomputer%252Cage%253Dall%252Ccountry%253Dall&discoverPageSessionInfo=01c05573-f673-4a65-9599-7527054a25ec&gameSetTargetId=655&gameSetTypeId=23&isAd=false&nativeAdData=&numberOfLoadedTiles=95&page=gamesPage&placeId=122142945178411&playContext=gamesPage&position=88&sortPos=18&universeId=7272113094'),(123662243100680,'[] SpongeBob Tower Defense',0,0,'2024-09-24','2025-07-24',108,2,12,118,'https://www.roblox.com/games/123662243100680/SpongeBob-Tower-Defense?discoverPageSessionInfo=01c05573-f673-4a65-9599-7527054a25ec&gameSetTargetId=670&gameSetTypeId=23&isAd=false&nativeAdData=&numberOfLoadedTiles=98&page=gamesPage&placeId=123662243100680&playContext=gamesPage&position=3&sortPos=8&universeId=6594435384'),(123741668193208,'The 1000000 Jump Rope',0,0,'2025-07-06','2025-07-24',90,2,2,99,'https://www.roblox.com/games/123741668193208/The-1-000-000-Jump-Rope?appliedFilters=device%253Dcomputer%252Cage%253Dall%252Ccountry%253Dall&discoverPageSessionInfo=01c05573-f673-4a65-9599-7527054a25ec&gameSetTargetId=239&gameSetTypeId=23&isAd=false&nativeAdData=&numberOfLoadedTiles=42&page=gamesPage&placeId=123741668193208&playContext=gamesPage&position=8&sortPos=2&universeId=8081472583'),(124823937850563,'',0,0,'2025-02-07','2025-07-23',150,2,4,167,'https://www.roblox.com/games/124823937850563/BERSERK-DRIFT-2?appliedFilters=device%253Dcomputer%252Cage%253Dall%252Ccountry%253Dall&discoverPageSessionInfo=01c05573-f673-4a65-9599-7527054a25ec&gameSetTargetId=664&gameSetTypeId=23&isAd=false&nativeAdData=&numberOfLoadedTiles=90&page=gamesPage&placeId=124823937850563&playContext=gamesPage&position=36&sortPos=13&universeId=7207944727'),(125790795579287,'Incredible Blox',0,0,'2024-12-27','2025-07-23',117,2,15,131,'https://www.roblox.com/games/125790795579287/Incredible-Blox?appliedFilters=device%253Dcomputer%252Cage%253Dall%252Ccountry%253Dall&discoverPageSessionInfo=01c05573-f673-4a65-9599-7527054a25ec&gameSetTargetId=654&gameSetTypeId=23&isAd=false&nativeAdData=&numberOfLoadedTiles=33&page=gamesPage&placeId=125790795579287&playContext=gamesPage&position=12&sortPos=17&universeId=6983536246'),(126244816328678,'[2X Luck] DIG',0,0,'2025-02-09','2025-07-23',62,2,8,66,'https://www.roblox.com/games/126244816328678/2X-Luck-DIG?appliedFilters=device%253Dcomputer%252Cage%253Dall%252Ccountry%253Dall&discoverPageSessionInfo=01c05573-f673-4a65-9599-7527054a25ec&gameSetTargetId=241&gameSetTypeId=23&isAd=false&nativeAdData=&numberOfLoadedTiles=86&page=gamesPage&placeId=126244816328678&playContext=gamesPage&position=82&sortPos=6&universeId=7218065222'),(127757919932453,'Labubu [HORROR]',0,0,'2025-05-10','2025-06-10',106,2,5,116,'https://www.roblox.com/games/127757919932453/Labubu-HORROR?appliedFilters=device%253Dcomputer%252Cage%253Dall%252Ccountry%253Dall&discoverPageSessionInfo=01c05573-f673-4a65-9599-7527054a25ec&gameSetTargetId=652&gameSetTypeId=23&isAd=false&nativeAdData=&numberOfLoadedTiles=78&page=gamesPage&placeId=127757919932453&playContext=gamesPage&position=56&sortPos=16&universeId=7675956997'),(129121878966543,'Hug or Pass  [BOOTHS]',0,0,'2025-05-31','2025-07-20',153,2,1,171,'https://www.roblox.com/games/129121878966543/Hug-or-Pass-BOOTHS?discoverPageSessionInfo=01c05573-f673-4a65-9599-7527054a25ec&gameSetTargetId=671&gameSetTypeId=23&isAd=false&nativeAdData=&numberOfLoadedTiles=92&page=gamesPage&placeId=129121878966543&playContext=gamesPage&position=79&sortPos=3&universeId=7812923977'),(129134935332234,'[SUMMER] - Grow a Garden Quiz',0,0,'2025-05-11','2025-07-19',141,2,1,157,'https://www.roblox.com/games/129134935332234/SUMMER-Grow-a-Garden-Quiz?appliedFilters=device%253Dcomputer%252Cage%253Dall%252Ccountry%253Dall&discoverPageSessionInfo=01c05573-f673-4a65-9599-7527054a25ec&gameSetTargetId=656&gameSetTypeId=23&isAd=false&nativeAdData=&numberOfLoadedTiles=82&page=gamesPage&placeId=129134935332234&playContext=gamesPage&position=23&sortPos=19&universeId=7685972663'),(130739873848552,'[UPD] Basketball Zero',0,0,'2025-01-03','2025-07-23',65,2,4,70,'https://www.roblox.com/games/130739873848552/UPD-Basketball-Zero?appliedFilters=device%253Dcomputer%252Cage%253Dall%252Ccountry%253Dall&discoverPageSessionInfo=01c05573-f673-4a65-9599-7527054a25ec&gameSetTargetId=241&gameSetTypeId=23&isAd=false&nativeAdData=&numberOfLoadedTiles=86&page=gamesPage&placeId=130739873848552&playContext=gamesPage&position=32&sortPos=6&universeId=7028566528'),(131145970478334,'[UPD] Fight in Streamer University',0,0,'2025-05-24','2025-07-23',37,1,6,38,'https://www.roblox.com/games/131145970478334/UPD-Fight-in-Streamer-University?appliedFilters=device%253Dcomputer%252Cage%253Dall%252Ccountry%253Dall&discoverPageSessionInfo=01c05573-f673-4a65-9599-7527054a25ec&gameSetTargetId=651&gameSetTypeId=23&isAd=false&nativeAdData=&numberOfLoadedTiles=74&page=gamesPage&placeId=131145970478334&playContext=gamesPage&position=23&sortPos=15&universeId=7761516673'),(131783066284968,'Feed Your Pet',0,0,'2025-05-07','2025-07-20',11,2,8,11,'https://www.roblox.com/games/131783066284968/Feed-Your-Pet?appliedFilters=device%253Dcomputer%252Cage%253Dall%252Ccountry%253Dall&discoverPageSessionInfo=01c05573-f673-4a65-9599-7527054a25ec&gameSetTargetId=241&gameSetTypeId=23&isAd=false&nativeAdData=&numberOfLoadedTiles=86&page=gamesPage&placeId=131783066284968&playContext=gamesPage&position=64&sortPos=6&universeId=7658839393'),(132586479415502,'Webbed [2 Player Obby]',0,0,'2025-03-12','2025-07-18',2,2,2,2,'https://www.roblox.com/games/132586479415502/Webbed-2-Player-Obby?appliedFilters=device%253Dcomputer%252Cage%253Dall%252Ccountry%253Dall&discoverPageSessionInfo=01c05573-f673-4a65-9599-7527054a25ec&gameSetTargetId=223&gameSetTypeId=23&isAd=false&nativeAdData=&numberOfLoadedTiles=90&page=gamesPage&placeId=132586479415502&playContext=gamesPage&position=34&sortPos=10&universeId=7364297396'),(134697928735986,'[ Sakura Pass] FREE FIRE Ilha de treinamento',0,0,'2025-02-19','2025-07-23',99,1,7,109,'https://www.roblox.com/games/134697928735986/Sakura-Pass-FREE-FIRE-Ilha-de-treinamento?appliedFilters=device%253Dcomputer%252Cage%253Dall%252Ccountry%253Dall&discoverPageSessionInfo=01c05573-f673-4a65-9599-7527054a25ec&gameSetTargetId=660&gameSetTypeId=23&isAd=false&nativeAdData=&numberOfLoadedTiles=52&page=gamesPage&placeId=134697928735986&playContext=gamesPage&position=14&sortPos=14&universeId=7264117105'),(135071635394677,'Simple Guns [FFA]',0,0,'2025-05-29','2025-07-24',81,2,7,88,'https://www.roblox.com/games/135071635394677/Simple-Guns-FFA?appliedFilters=device%253Dcomputer%252Cage%253Dall%252Ccountry%253Dall&discoverPageSessionInfo=01c05573-f673-4a65-9599-7527054a25ec&gameSetTargetId=660&gameSetTypeId=23&isAd=false&nativeAdData=&numberOfLoadedTiles=52&page=gamesPage&placeId=135071635394677&playContext=gamesPage&position=4&sortPos=14&universeId=7797566941'),(135526982947902,'FORTLITE',0,0,'2024-12-17','2025-07-18',160,1,7,181,'https://www.roblox.com/games/135526982947902/FORTLITE?appliedFilters=device%253Dcomputer%252Cage%253Dall%252Ccountry%253Dall&discoverPageSessionInfo=01c05573-f673-4a65-9599-7527054a25ec&gameSetTargetId=660&gameSetTypeId=23&isAd=false&nativeAdData=&numberOfLoadedTiles=52&page=gamesPage&placeId=135526982947902&playContext=gamesPage&position=44&sortPos=14&universeId=6929888880'),(135864053284092,'ESCAPE ROOM Deluxe Edition [BETA]',0,0,'2025-05-16','2025-07-24',130,2,9,145,'https://www.roblox.com/games/135864053284092/ESCAPE-ROOM-Deluxe-Edition-BETA?appliedFilters=device%253Dcomputer%252Cage%253Dall%252Ccountry%253Dall&discoverPageSessionInfo=01c05573-f673-4a65-9599-7527054a25ec&gameSetTargetId=657&gameSetTypeId=23&isAd=false&nativeAdData=&numberOfLoadedTiles=30&page=gamesPage&placeId=135864053284092&playContext=gamesPage&position=28&sortPos=20&universeId=7709793220'),(136180334926832,'Antariksa Expedition',0,0,'2025-07-01','2025-07-18',147,2,5,163,'https://www.roblox.com/games/136180334926832/Antariksa-Expedition?appliedFilters=device%253Dcomputer%252Cage%253Dall%252Ccountry%253Dall&discoverPageSessionInfo=01c05573-f673-4a65-9599-7527054a25ec&gameSetTargetId=652&gameSetTypeId=23&isAd=false&nativeAdData=&numberOfLoadedTiles=78&page=gamesPage&placeId=136180334926832&playContext=gamesPage&position=15&sortPos=16&universeId=8038511396'),(136999450205609,'Matematika Tower',0,0,'2025-06-30','2025-07-10',NULL,2,2,188,'https://www.roblox.com/games/136999450205609/Matematika-Tower?appliedFilters=device%253Dcomputer%252Cage%253Dall%252Ccountry%253Dall&discoverPageSessionInfo=01c05573-f673-4a65-9599-7527054a25ec&gameSetTargetId=655&gameSetTypeId=23&isAd=false&nativeAdData=&numberOfLoadedTiles=95&page=gamesPage&placeId=136999450205609&playContext=gamesPage&position=59&sortPos=18&universeId=8035745255'),(137167142636546,'[] Steal a Freddy',0,0,'2025-06-12','2025-07-23',129,2,8,144,'https://www.roblox.com/games/137167142636546/Steal-a-Freddy?appliedFilters=device%253Dcomputer%252Cage%253Dall%252Ccountry%253Dall&discoverPageSessionInfo=01c05573-f673-4a65-9599-7527054a25ec&gameSetTargetId=222&gameSetTypeId=23&isAd=false&nativeAdData=&numberOfLoadedTiles=70&page=gamesPage&placeId=137167142636546&playContext=gamesPage&position=47&sortPos=4&universeId=7896337643'),(137628283909891,'[YUKIMIYA] Goalbound',0,0,'2024-12-16','2025-07-21',53,2,4,57,'https://www.roblox.com/games/137628283909891/YUKIMIYA-Goalbound?discoverPageSessionInfo=01c05573-f673-4a65-9599-7527054a25ec&gameSetTargetId=670&gameSetTypeId=23&isAd=false&nativeAdData=&numberOfLoadedTiles=98&page=gamesPage&placeId=137628283909891&playContext=gamesPage&position=11&sortPos=8&universeId=6925303818'),(137634669639110,'Find The Labubu [127]',0,0,'2025-06-22','2025-07-04',134,2,5,149,'https://www.roblox.com/games/137634669639110/Find-The-Labubu-127?appliedFilters=device%253Dcomputer%252Cage%253Dall%252Ccountry%253Dall&discoverPageSessionInfo=01c05573-f673-4a65-9599-7527054a25ec&gameSetTargetId=652&gameSetTypeId=23&isAd=false&nativeAdData=&numberOfLoadedTiles=78&page=gamesPage&placeId=137634669639110&playContext=gamesPage&position=27&sortPos=16&universeId=7975097812'),(137708409245293,'[NEWSCENE]Wally West Simulator Speed Unleashed',0,0,'2025-06-19','2025-07-24',87,2,8,95,'https://www.roblox.com/games/137708409245293/NEWSCENE-Wally-West-Simulator-Speed-Unleashed?appliedFilters=device%253Dcomputer%252Cage%253Dall%252Ccountry%253Dall&discoverPageSessionInfo=01c05573-f673-4a65-9599-7527054a25ec&gameSetTargetId=662&gameSetTypeId=23&isAd=false&nativeAdData=&numberOfLoadedTiles=97&page=gamesPage&placeId=137708409245293&playContext=gamesPage&position=53&sortPos=23&universeId=7950003836'),(137821247265040,'Troll Ghost Player Tower',0,0,'2025-06-07','2025-07-21',NULL,2,2,178,'https://www.roblox.com/games/137821247265040/Troll-Ghost-Player-Tower?appliedFilters=device%253Dcomputer%252Cage%253Dall%252Ccountry%253Dall&discoverPageSessionInfo=01c05573-f673-4a65-9599-7527054a25ec&gameSetTargetId=655&gameSetTypeId=23&isAd=false&nativeAdData=&numberOfLoadedTiles=95&page=gamesPage&placeId=137821247265040&playContext=gamesPage&position=28&sortPos=18&universeId=7855982925'),(137925884276740,'[] Build A Plane',0,0,'2025-06-02','2025-07-23',159,2,8,180,'https://www.roblox.com/games/137925884276740/Build-A-Plane?appliedFilters=device%253Dcomputer%252Cage%253Dall%252Ccountry%253Dall&discoverPageSessionInfo=01c05573-f673-4a65-9599-7527054a25ec&gameSetTargetId=223&gameSetTypeId=23&isAd=false&nativeAdData=&numberOfLoadedTiles=90&page=gamesPage&placeId=137925884276740&playContext=gamesPage&position=30&sortPos=10&universeId=7822444776'),(139233844569220,'[] ZOO or OOF',0,0,'2025-05-27','2025-07-23',1,1,1,1,'https://www.roblox.com/games/139233844569220/ZOO-or-OOF?appliedFilters=device%253Dcomputer%252Cage%253Dall%252Ccountry%253Dall&discoverPageSessionInfo=01c05573-f673-4a65-9599-7527054a25ec&gameSetTargetId=238&gameSetTypeId=23&isAd=false&nativeAdData=&numberOfLoadedTiles=87&page=gamesPage&placeId=139233844569220&playContext=gamesPage&position=77&sortPos=1&universeId=7785400752');
/*!40000 ALTER TABLE `Game` ENABLE KEYS */;
UNLOCK TABLES;

--
-- Table structure for table `Genre`
--

DROP TABLE IF EXISTS `Genre`;
/*!40101 SET @saved_cs_client     = @@character_set_client */;
/*!50503 SET character_set_client = utf8mb4 */;
CREATE TABLE `Genre` (
  `genre_id` int NOT NULL AUTO_INCREMENT,
  `genre` varchar(255) DEFAULT NULL,
  PRIMARY KEY (`genre_id`)
) ENGINE=InnoDB AUTO_INCREMENT=17 DEFAULT CHARSET=utf8mb4 COLLATE=utf8mb4_0900_ai_ci;
/*!40101 SET character_set_client = @saved_cs_client */;

--
-- Dumping data for table `Genre`
--

LOCK TABLES `Genre` WRITE;
/*!40000 ALTER TABLE `Genre` DISABLE KEYS */;
INSERT INTO `Genre` VALUES (1,'Party & Casual'),(2,'Obby & Platformer'),(3,'Survival'),(4,'Sports & Racing'),(5,'Adventure'),(6,'Action'),(7,'Shooter'),(8,'Simulation'),(9,'Puzzle'),(10,'Social'),(11,'RPG'),(12,'Strategy'),(13,'Roleplay & Avatar Sim'),(14,'N/A'),(15,'Entertainment'),(16,'Shopping');
/*!40000 ALTER TABLE `Genre` ENABLE KEYS */;
UNLOCK TABLES;

--
-- Table structure for table `Maturity`
--

DROP TABLE IF EXISTS `Maturity`;
/*!40101 SET @saved_cs_client     = @@character_set_client */;
/*!50503 SET character_set_client = utf8mb4 */;
CREATE TABLE `Maturity` (
  `maturity_id` int NOT NULL AUTO_INCREMENT,
  `maturity` varchar(255) DEFAULT NULL,
  `description` varchar(500) DEFAULT NULL,
  PRIMARY KEY (`maturity_id`)
) ENGINE=InnoDB AUTO_INCREMENT=3 DEFAULT CHARSET=utf8mb4 COLLATE=utf8mb4_0900_ai_ci;
/*!40101 SET character_set_client = @saved_cs_client */;

--
-- Dumping data for table `Maturity`
--

LOCK TABLES `Maturity` WRITE;
/*!40000 ALTER TABLE `Maturity` DISABLE KEYS */;
INSERT INTO `Maturity` VALUES (1,'Mild',NULL),(2,'Minimal',NULL);
/*!40000 ALTER TABLE `Maturity` ENABLE KEYS */;
UNLOCK TABLES;

--
-- Table structure for table `Monetization_Level`
--

DROP TABLE IF EXISTS `Monetization_Level`;
/*!40101 SET @saved_cs_client     = @@character_set_client */;
/*!50503 SET character_set_client = utf8mb4 */;
CREATE TABLE `Monetization_Level` (
  `level_id` int NOT NULL AUTO_INCREMENT,
  `min_RBM` int DEFAULT NULL,
  `monthly_bonus` int DEFAULT NULL,
  PRIMARY KEY (`level_id`)
) ENGINE=InnoDB DEFAULT CHARSET=utf8mb4 COLLATE=utf8mb4_0900_ai_ci;
/*!40101 SET character_set_client = @saved_cs_client */;

--
-- Dumping data for table `Monetization_Level`
--

LOCK TABLES `Monetization_Level` WRITE;
/*!40000 ALTER TABLE `Monetization_Level` DISABLE KEYS */;
/*!40000 ALTER TABLE `Monetization_Level` ENABLE KEYS */;
UNLOCK TABLES;

--
-- Table structure for table `Server`
--

DROP TABLE IF EXISTS `Server`;
/*!40101 SET @saved_cs_client     = @@character_set_client */;
/*!50503 SET character_set_client = utf8mb4 */;
CREATE TABLE `Server` (
  `server_id` int NOT NULL AUTO_INCREMENT,
  `server_size` int DEFAULT NULL,
  `is_private_available` tinyint(1) DEFAULT NULL,
  `server_region` varchar(255) DEFAULT NULL,
  `server_status` tinyint(1) DEFAULT NULL,
  PRIMARY KEY (`server_id`)
) ENGINE=InnoDB AUTO_INCREMENT=201 DEFAULT CHARSET=utf8mb4 COLLATE=utf8mb4_0900_ai_ci;
/*!40101 SET character_set_client = @saved_cs_client */;

--
-- Dumping data for table `Server`
--

LOCK TABLES `Server` WRITE;
/*!40000 ALTER TABLE `Server` DISABLE KEYS */;
INSERT INTO `Server` VALUES (1,18,NULL,NULL,NULL),(2,12,NULL,NULL,NULL),(3,70,NULL,NULL,NULL),(4,10,NULL,NULL,NULL),(5,1,NULL,NULL,NULL),(6,50,NULL,NULL,NULL),(7,8,NULL,NULL,NULL),(8,18,NULL,NULL,NULL),(9,20,NULL,NULL,NULL),(10,12,NULL,NULL,NULL),(11,8,NULL,NULL,NULL),(12,20,NULL,NULL,NULL),(13,8,NULL,NULL,NULL),(14,10,NULL,NULL,NULL),(15,6,NULL,NULL,NULL),(16,12,NULL,NULL,NULL),(17,28,NULL,NULL,NULL),(18,20,NULL,NULL,NULL),(19,8,NULL,NULL,NULL),(20,8,NULL,NULL,NULL),(21,80,NULL,NULL,NULL),(22,50,NULL,NULL,NULL),(23,20,NULL,NULL,NULL),(24,20,NULL,NULL,NULL),(25,4,NULL,NULL,NULL),(26,30,NULL,NULL,NULL),(27,12,NULL,NULL,NULL),(28,1,NULL,NULL,NULL),(29,15,NULL,NULL,NULL),(30,16,NULL,NULL,NULL),(31,20,NULL,NULL,NULL),(32,28,NULL,NULL,NULL),(33,20,NULL,NULL,NULL),(34,40,NULL,NULL,NULL),(35,40,NULL,NULL,NULL),(36,20,NULL,NULL,NULL),(37,50,NULL,NULL,NULL),(38,32,NULL,NULL,NULL),(39,30,NULL,NULL,NULL),(40,22,NULL,NULL,NULL),(41,8,NULL,NULL,NULL),(42,8,NULL,NULL,NULL),(43,24,NULL,NULL,NULL),(44,50,NULL,NULL,NULL),(45,75,NULL,NULL,NULL),(46,6,NULL,NULL,NULL),(47,25,NULL,NULL,NULL),(48,6,NULL,NULL,NULL),(49,8,NULL,NULL,NULL),(50,20,NULL,NULL,NULL),(51,8,NULL,NULL,NULL),(52,25,NULL,NULL,NULL),(53,15,NULL,NULL,NULL),(54,40,NULL,NULL,NULL),(55,8,NULL,NULL,NULL),(56,6,NULL,NULL,NULL),(57,10,NULL,NULL,NULL),(58,10,NULL,NULL,NULL),(59,30,NULL,NULL,NULL),(60,30,NULL,NULL,NULL),(61,6,NULL,NULL,NULL),(62,50,NULL,NULL,NULL),(63,1,NULL,NULL,NULL),(64,15,NULL,NULL,NULL),(65,32,NULL,NULL,NULL),(66,25,NULL,NULL,NULL),(67,12,NULL,NULL,NULL),(68,28,NULL,NULL,NULL),(69,80,NULL,NULL,NULL),(70,10,NULL,NULL,NULL),(71,12,NULL,NULL,NULL),(72,20,NULL,NULL,NULL),(73,20,NULL,NULL,NULL),(74,10,NULL,NULL,NULL),(75,9,NULL,NULL,NULL),(76,6,NULL,NULL,NULL),(77,50,NULL,NULL,NULL),(78,8,NULL,NULL,NULL),(79,15,NULL,NULL,NULL),(80,42,NULL,NULL,NULL),(81,30,NULL,NULL,NULL),(82,30,NULL,NULL,NULL),(83,42,NULL,NULL,NULL),(84,18,NULL,NULL,NULL),(85,15,NULL,NULL,NULL),(86,14,NULL,NULL,NULL),(87,30,NULL,NULL,NULL),(88,20,NULL,NULL,NULL),(89,12,NULL,NULL,NULL),(90,70,NULL,NULL,NULL),(91,150,NULL,NULL,NULL),(92,100,NULL,NULL,NULL),(93,10,NULL,NULL,NULL),(94,30,NULL,NULL,NULL),(95,15,NULL,NULL,NULL),(96,14,NULL,NULL,NULL),(97,15,NULL,NULL,NULL),(98,15,NULL,NULL,NULL),(99,30,NULL,NULL,NULL),(100,24,NULL,NULL,NULL),(101,20,NULL,NULL,NULL),(102,50,NULL,NULL,NULL),(103,32,NULL,NULL,NULL),(104,50,NULL,NULL,NULL),(105,32,NULL,NULL,NULL),(106,8,NULL,NULL,NULL),(107,50,NULL,NULL,NULL),(108,50,NULL,NULL,NULL),(109,14,NULL,NULL,NULL),(110,200,NULL,NULL,NULL),(111,16,NULL,NULL,NULL),(112,25,NULL,NULL,NULL),(113,8,NULL,NULL,NULL),(114,25,NULL,NULL,NULL),(115,20,NULL,NULL,NULL),(116,25,NULL,NULL,NULL),(117,8,NULL,NULL,NULL),(118,24,NULL,NULL,NULL),(119,40,NULL,NULL,NULL),(120,8,NULL,NULL,NULL),(121,12,NULL,NULL,NULL),(122,25,NULL,NULL,NULL),(123,12,NULL,NULL,NULL),(124,20,NULL,NULL,NULL),(125,50,NULL,NULL,NULL),(126,18,NULL,NULL,NULL),(127,20,NULL,NULL,NULL),(128,9,NULL,NULL,NULL),(129,32,NULL,NULL,NULL),(130,20,NULL,NULL,NULL),(131,50,NULL,NULL,NULL),(132,20,NULL,NULL,NULL),(133,24,NULL,NULL,NULL),(134,15,NULL,NULL,NULL),(135,10,NULL,NULL,NULL),(136,35,NULL,NULL,NULL),(137,12,NULL,NULL,NULL),(138,12,NULL,NULL,NULL),(139,10,NULL,NULL,NULL),(140,30,NULL,NULL,NULL),(141,20,NULL,NULL,NULL),(142,40,NULL,NULL,NULL),(143,150,NULL,NULL,NULL),(144,8,NULL,NULL,NULL),(145,50,NULL,NULL,NULL),(146,40,NULL,NULL,NULL),(147,24,NULL,NULL,NULL),(148,12,NULL,NULL,NULL),(149,20,NULL,NULL,NULL),(150,15,NULL,NULL,NULL),(151,8,NULL,NULL,NULL),(152,16,NULL,NULL,NULL),(153,8,NULL,NULL,NULL),(154,80,NULL,NULL,NULL),(155,16,NULL,NULL,NULL),(156,18,NULL,NULL,NULL),(157,15,NULL,NULL,NULL),(158,10,NULL,NULL,NULL),(159,15,NULL,NULL,NULL),(160,30,NULL,NULL,NULL),(161,20,NULL,NULL,NULL),(162,20,NULL,NULL,NULL),(163,35,NULL,NULL,NULL),(164,25,NULL,NULL,NULL),(165,20,NULL,NULL,NULL),(166,26,NULL,NULL,NULL),(167,18,NULL,NULL,NULL),(168,8,NULL,NULL,NULL),(169,25,NULL,NULL,NULL),(170,15,NULL,NULL,NULL),(171,28,NULL,NULL,NULL),(172,50,NULL,NULL,NULL),(173,30,NULL,NULL,NULL),(174,15,NULL,NULL,NULL),(175,40,NULL,NULL,NULL),(176,30,NULL,NULL,NULL),(177,12,NULL,NULL,NULL),(178,50,NULL,NULL,NULL),(179,12,NULL,NULL,NULL),(180,5,NULL,NULL,NULL),(181,10,NULL,NULL,NULL),(182,30,NULL,NULL,NULL),(183,12,NULL,NULL,NULL),(184,10,NULL,NULL,NULL),(185,8,NULL,NULL,NULL),(186,12,NULL,NULL,NULL),(187,9,NULL,NULL,NULL),(188,50,NULL,NULL,NULL),(189,16,NULL,NULL,NULL),(190,12,NULL,NULL,NULL),(191,15,NULL,NULL,NULL),(192,1,NULL,NULL,NULL),(193,50,NULL,NULL,NULL),(194,5,NULL,NULL,NULL),(195,24,NULL,NULL,NULL),(196,6,NULL,NULL,NULL),(197,30,NULL,NULL,NULL),(198,80,NULL,NULL,NULL),(199,24,NULL,NULL,NULL),(200,6,NULL,NULL,NULL);
/*!40000 ALTER TABLE `Server` ENABLE KEYS */;
UNLOCK TABLES;

--
-- Table structure for table `Statistics`
--

DROP TABLE IF EXISTS `Statistics`;
/*!40101 SET @saved_cs_client     = @@character_set_client */;
/*!50503 SET character_set_client = utf8mb4 */;
CREATE TABLE `Statistics` (
  `game_id` bigint NOT NULL,
  `date` date NOT NULL,
  `active_users` int DEFAULT NULL,
  `favorites` int DEFAULT NULL,
  `visits` int DEFAULT NULL,
  PRIMARY KEY (`game_id`,`date`),
  CONSTRAINT `statistics_ibfk_1` FOREIGN KEY (`game_id`) REFERENCES `Game` (`game_id`)
) ENGINE=InnoDB DEFAULT CHARSET=utf8mb4 COLLATE=utf8mb4_0900_ai_ci;
/*!40101 SET character_set_client = @saved_cs_client */;

--
-- Dumping data for table `Statistics`
--

LOCK TABLES `Statistics` WRITE;
/*!40000 ALTER TABLE `Statistics` DISABLE KEYS */;
INSERT INTO `Statistics` VALUES (137877687,'2025-07-24',2788,3786388,869500000),(292439477,'2025-07-24',4181,5905896,1600000000),(299659045,'2025-07-24',57,165947,22100000),(404729070,'2025-07-24',12,478598,16800000),(601239270,'2025-07-24',25,110245,3600000),(606849621,'2025-07-24',17402,18418637,2147483647),(845649531,'2025-07-24',230,2040776,361300000),(863266079,'2025-07-24',4225,814007,133000000),(2534724415,'2025-07-24',16193,2610528,1200000000),(2797140616,'2025-07-24',122,116847,7000000),(2872154782,'2025-07-24',849,60916,9500000),(2913303231,'2025-07-24',4332,935670,497800000),(3260590327,'2025-07-24',26138,3232476,2147483647),(4520749081,'2025-07-24',23040,2630111,2147483647),(4577486879,'2025-07-24',715,2316587,112500000),(4629209674,'2025-07-24',593,58172,26100000),(4640354700,'2025-07-24',1585,1833686,504800000),(4651779470,'2025-07-24',70,819788,81900000),(4936591712,'2025-07-24',1018,1573794,510500000),(5098630929,'2025-07-24',242,108003,25300000),(5656754541,'2025-07-24',598,63238,43200000),(5683833663,'2025-07-24',3252,265495,142700000),(6206310576,'2025-07-24',540,15263,6400000),(6430630495,'2025-07-24',187,674108,98200000),(6589412525,'2025-07-24',203,231630,24900000),(6678877691,'2025-07-24',2203,1610032,593900000),(6953291455,'2025-07-24',86,1033972,389300000),(7180042682,'2025-07-24',6893,1800988,866000000),(7554888362,'2025-07-24',67507,1120488,1100000000),(7577961216,'2025-07-24',1574,3727,8000000),(7711635737,'2025-07-24',35347,742536,830300000),(8369888266,'2025-07-24',10967,870094,976400000),(8571687919,'2025-07-24',3905,958200,258700000),(8848607186,'2025-07-24',297,810937,42000000),(8876147780,'2025-07-24',144,70492,10800000),(9051087354,'2025-07-24',46,68344,10500000),(9391468976,'2025-07-24',41151,1344565,2000000000),(9872472334,'2025-07-24',54213,6373541,2147483647),(10001065412,'2025-07-24',443,148758,11700000),(10449761463,'2025-07-24',107716,5721827,2147483647),(10962282214,'2025-07-24',50,32945,1700000),(11276071411,'2025-07-24',7751,564656,225800000),(12135640403,'2025-07-24',227,435117,116700000),(12338455185,'2025-07-24',2128,2124596,83900000),(12397515839,'2025-07-24',3810,455799,399700000),(12407250267,'2025-07-24',17037,14325031,385600000),(12886143095,'2025-07-24',44337,609330,889000000),(12986400307,'2025-07-24',745,346620,254000000),(13379208636,'2025-07-24',19084,881381,512900000),(14419907512,'2025-07-24',1150,99884,64300000),(14895218677,'2025-07-24',671,55143,42300000),(14970015233,'2025-07-24',287,239426,67800000),(15133985014,'2025-07-24',546,18369,8900000),(15313073197,'2025-07-24',340,3902564,64900000),(15532962292,'2025-07-24',33868,767781,1200000000),(15685372384,'2025-07-24',180,137644,7900000),(15715250396,'2025-07-24',46,84598,5000000),(16087546880,'2025-07-24',232,4945311,36800000),(16181108359,'2025-07-24',842,110256,34400000),(16981421605,'2025-07-24',990,2856484,143000000),(16991287194,'2025-07-24',13640,435957,83500000),(17192092512,'2025-07-24',6720,57110,95900000),(17450551531,'2025-07-24',8831,3872906,618900000),(17487086188,'2025-07-24',185,944070,22900000),(17670743999,'2025-07-24',1094,4581838,88600000),(17788997511,'2025-07-24',259,74930,12700000),(18238180555,'2025-07-24',943,133517,30800000),(18432975025,'2025-07-24',5072,1562275,123800000),(18565120308,'2025-07-24',453,360764,63800000),(18629053284,'2025-07-24',296,91818,28600000),(18649596490,'2025-07-24',5982,749895,52800000),(18687417158,'2025-07-24',250162,1463449,1500000000),(18934709778,'2025-07-24',6626,180486,61900000),(70767845851256,'2025-07-24',185,257798,18100000),(71412777087552,'2025-07-24',7658,89133,61300000),(72212564918217,'2025-07-24',32890,139852,145400000),(72829404259339,'2025-07-24',22715,158410,430300000),(73260369529980,'2025-07-24',1235,118008,1000000),(73808553296106,'2025-07-24',482,5177,748100),(73956553001240,'2025-07-24',52515,2508470,1000000000),(74399004053401,'2025-07-24',1213,1372,634600),(75139493550474,'2025-07-24',17103,4426418,118700000),(75178747054941,'2025-07-24',1976,11279,3300000),(78486942226809,'2025-07-24',482,16540,327800),(79368456802742,'2025-07-24',1091,25038,3800000),(79546208627805,'2025-07-24',1068271,776071,1000000000),(79657240466394,'2025-07-24',9312,477190,20400000),(80316691895873,'2025-07-24',627,49381,84500000),(80989280669685,'2025-07-24',262,145164,2100000),(81072337989394,'2025-07-24',13788,149780,6900000),(81239378558719,'2025-07-24',42008,240880,105000000),(81968724698850,'2025-07-24',6605,502804,13900000),(82434557832176,'2025-07-24',940,23003,12600000),(83273735730446,'2025-07-24',552,11776,497700),(83942919686609,'2025-07-24',4613,1353062,33600000),(85896571713843,'2025-07-24',19193,240766,496300000),(87212636993817,'2025-07-24',292,888,270000),(88021617698822,'2025-07-24',2882,8222,5900000),(90462358603255,'2025-07-24',10159,223385,12400000),(92044060392057,'2025-07-24',5316,45313,13900000),(93557410403539,'2025-07-24',1713,47756,31300000),(93729973089151,'2025-07-24',589,36972,3500000),(96490671161699,'2025-07-24',455,71390,8700000),(99342262733194,'2025-07-24',1008,45221,10100000),(100400297022629,'2025-07-24',5265,221134,65599999),(101403552776844,'2025-07-24',273,696,573100),(101419624822516,'2025-07-24',2038,5471,6600000),(102335515580864,'2025-07-24',4929,6897,7700000),(103120571981776,'2025-07-24',2060,23897,2000000),(103138144891239,'2025-07-24',1716,2526034,36900000),(104937784445732,'2025-07-24',5254,61329,14000000),(105938112304055,'2025-07-24',21079,102387,38400000),(107727386530697,'2025-07-24',1597,19801,1500000),(108003034980758,'2025-07-24',465,12395,1300000),(109599487501571,'2025-07-24',242,60253,874400),(110072078315694,'2025-07-24',155,10650,436900),(110814051639689,'2025-07-24',845,105753,12100000),(111269821236707,'2025-07-24',481,11379,386600),(111989938562194,'2025-07-24',54962,1348443,458400000),(112279762578792,'2025-07-24',3408,400507,24300000),(113506071094099,'2025-07-24',3627,32518,7700000),(114291906728616,'2025-07-24',716,11563,2600000),(115170712422892,'2025-07-24',2637,44091,4000000),(115338810233057,'2025-07-24',14069,914812,14100000),(119397264543214,'2025-07-24',857,226508,1700000),(121047268788549,'2025-07-24',66,11202,1100000),(121807678075780,'2025-07-24',2055,42375,2400000),(122142945178411,'2025-07-24',470,253847,1400000),(123662243100680,'2025-07-24',8899,2875502,383300000),(123741668193208,'2025-07-24',34432,1867439,15700000),(124823937850563,'2025-07-24',592,44969,9800000),(125790795579287,'2025-07-24',575,81243,14800000),(126244816328678,'2025-07-24',10369,89279,43800000),(127757919932453,'2025-07-24',609,120130,6500000),(129121878966543,'2025-07-24',15797,2902740,32200000),(129134935332234,'2025-07-24',307,10930,7500000),(130739873848552,'2025-07-24',27565,1386193,539200000),(131145970478334,'2025-07-24',431,8498,1300000),(131783066284968,'2025-07-24',4268,1156091,34800000),(132586479415502,'2025-07-24',20353,325262,147000000),(134697928735986,'2025-07-24',194,339250,3500000),(135071635394677,'2025-07-24',812,28726,1700000),(135526982947902,'2025-07-24',1260,16276,36400000),(135864053284092,'2025-07-24',241,33598,1600000),(136180334926832,'2025-07-24',75,4917,635100),(136999450205609,'2025-07-24',173,374122,2700000),(137167142636546,'2025-07-24',6407,24707,18600000),(137628283909891,'2025-07-24',10128,225489,35800000),(137634669639110,'2025-07-24',183,54665,565600),(137708409245293,'2025-07-24',92,448,119900),(137821247265040,'2025-07-24',382,123263,769700),(137925884276740,'2025-07-24',27317,12174,9700000),(139233844569220,'2025-07-24',3467,260440,5700000);
/*!40000 ALTER TABLE `Statistics` ENABLE KEYS */;
UNLOCK TABLES;
/*!40103 SET TIME_ZONE=@OLD_TIME_ZONE */;

/*!40101 SET SQL_MODE=@OLD_SQL_MODE */;
/*!40014 SET FOREIGN_KEY_CHECKS=@OLD_FOREIGN_KEY_CHECKS */;
/*!40014 SET UNIQUE_CHECKS=@OLD_UNIQUE_CHECKS */;
/*!40101 SET CHARACTER_SET_CLIENT=@OLD_CHARACTER_SET_CLIENT */;
/*!40101 SET CHARACTER_SET_RESULTS=@OLD_CHARACTER_SET_RESULTS */;
/*!40101 SET COLLATION_CONNECTION=@OLD_COLLATION_CONNECTION */;
/*!40111 SET SQL_NOTES=@OLD_SQL_NOTES */;

-- Dump completed on 2025-07-25 18:14:27
