--
-- PostgreSQL database dump
--

-- Dumped from database version 17.5
-- Dumped by pg_dump version 17.5

SET statement_timeout = 0;
SET lock_timeout = 0;
SET idle_in_transaction_session_timeout = 0;
SET transaction_timeout = 0;
SET client_encoding = 'UTF8';
SET standard_conforming_strings = on;
SELECT pg_catalog.set_config('search_path', '', false);
SET check_function_bodies = false;
SET xmloption = content;
SET client_min_messages = warning;
SET row_security = off;

--
-- Name: insert_equipable_and_subtype(); Type: FUNCTION; Schema: public; Owner: postgres
--

CREATE FUNCTION public.insert_equipable_and_subtype() RETURNS trigger
    LANGUAGE plpgsql
    AS $$
BEGIN
    -- Masukkan ke equipable_spirits jika category adalah 'Primary' atau 'Support'
    IF NEW.category IN ('Primary', 'Support') THEN
        INSERT INTO equipable_spirits (spirits_id, class, ability_id)
        VALUES (NEW.spirits_id, 1, NULL);
    END IF;

    -- Jika category adalah 'Primary', masukkan ke primary_spirits
    IF NEW.category = 'Primary' THEN
        INSERT INTO primary_spirits (
            spirits_id, type,
            slot_capacity, min_power, max_power,
            min_attack, max_attack,
            min_defense, max_defense
        ) VALUES (
            NEW.spirits_id, 'Neutral',
            0, 0, 0,
            0, 0,
            0, 0
        );
    ELSIF NEW.category = 'Support' THEN
        -- Jika category adalah 'Support', masukkan ke support_spirits
        INSERT INTO support_spirits (spirits_id, slot_cost)
        VALUES (NEW.spirits_id, 1);
    END IF;

    RETURN NEW;
END;
$$;


ALTER FUNCTION public.insert_equipable_and_subtype() OWNER TO postgres;

SET default_tablespace = '';

SET default_table_access_method = heap;

--
-- Name: ability; Type: TABLE; Schema: public; Owner: postgres
--

CREATE TABLE public.ability (
    ability_id integer NOT NULL,
    name text NOT NULL
);


ALTER TABLE public.ability OWNER TO postgres;

--
-- Name: equipable_spirits; Type: TABLE; Schema: public; Owner: postgres
--

CREATE TABLE public.equipable_spirits (
    spirits_id integer NOT NULL,
    class integer NOT NULL,
    ability_id integer,
    CONSTRAINT class_check CHECK (((class >= 1) AND (class <= 4)))
);


ALTER TABLE public.equipable_spirits OWNER TO postgres;

--
-- Name: fighter_spirits; Type: TABLE; Schema: public; Owner: postgres
--

CREATE TABLE public.fighter_spirits (
    spirits_id integer NOT NULL,
    game_origin text,
    release_year integer
);


ALTER TABLE public.fighter_spirits OWNER TO postgres;

--
-- Name: master_spirits; Type: TABLE; Schema: public; Owner: postgres
--

CREATE TABLE public.master_spirits (
    spirits_id integer NOT NULL,
    facility text,
    location text
);


ALTER TABLE public.master_spirits OWNER TO postgres;

--
-- Name: obtaining_method; Type: TABLE; Schema: public; Owner: postgres
--

CREATE TABLE public.obtaining_method (
    method_id integer NOT NULL,
    name text NOT NULL
);


ALTER TABLE public.obtaining_method OWNER TO postgres;

--
-- Name: primary_spirits; Type: TABLE; Schema: public; Owner: postgres
--

CREATE TABLE public.primary_spirits (
    spirits_id integer NOT NULL,
    type text NOT NULL,
    slot_capacity integer NOT NULL,
    min_power integer NOT NULL,
    max_power integer NOT NULL,
    min_attack integer NOT NULL,
    max_attack integer NOT NULL,
    min_defense integer NOT NULL,
    max_defense integer NOT NULL,
    CONSTRAINT min_max_check CHECK (((min_power <= max_power) AND (min_attack <= max_attack) AND (min_defense <= max_defense))),
    CONSTRAINT power_match_check CHECK ((((min_attack + min_defense) = min_power) AND ((max_attack + max_defense) = max_power))),
    CONSTRAINT slot_capacity_check CHECK (((slot_capacity >= 0) AND (slot_capacity <= 3))),
    CONSTRAINT type_check CHECK ((type = ANY (ARRAY['Attack'::text, 'Shield'::text, 'Grab'::text, 'Neutral'::text])))
);


ALTER TABLE public.primary_spirits OWNER TO postgres;

--
-- Name: series; Type: TABLE; Schema: public; Owner: postgres
--

CREATE TABLE public.series (
    series_id integer NOT NULL,
    name text NOT NULL
);


ALTER TABLE public.series OWNER TO postgres;

--
-- Name: spirits; Type: TABLE; Schema: public; Owner: postgres
--

CREATE TABLE public.spirits (
    spirits_id integer NOT NULL,
    name text NOT NULL,
    category text NOT NULL,
    spirit_battle boolean NOT NULL,
    series_id integer NOT NULL,
    CONSTRAINT category_check CHECK ((category = ANY (ARRAY['Fighter'::text, 'Master'::text, 'Primary'::text, 'Support'::text])))
);


ALTER TABLE public.spirits OWNER TO postgres;

--
-- Name: spirits_obtain; Type: TABLE; Schema: public; Owner: postgres
--

CREATE TABLE public.spirits_obtain (
    spirits_id integer NOT NULL,
    method_id integer NOT NULL
);


ALTER TABLE public.spirits_obtain OWNER TO postgres;

--
-- Name: support_spirits; Type: TABLE; Schema: public; Owner: postgres
--

CREATE TABLE public.support_spirits (
    spirits_id integer NOT NULL,
    slot_cost integer NOT NULL,
    CONSTRAINT slot_cost_check CHECK (((slot_cost >= 1) AND (slot_cost <= 3)))
);


ALTER TABLE public.support_spirits OWNER TO postgres;

--
-- Data for Name: ability; Type: TABLE DATA; Schema: public; Owner: postgres
--

COPY public.ability (ability_id, name) FROM stdin;
1	Stats up after Eating
2	Fire Flower Equipped
3	First-Strike Advantage
4	Weight up
5	Lightweight
6	Physical Attack up
7	Super Armor
8	Easier Dodging
9	Toss & Meteor
10	Air Defense up
11	Weight down
12	Critical-Health Healing
13	Can Be Enhanced at Lv. 99
14	Item Gravitation
15	Ramblin' Evil Mushroom Equipped
16	Foot Attack up
17	Green Shell Equipped
18	Jump up
19	Impact Run
20	Fist Attack up
21	Air Attack up
22	Floaty Jumps
23	Bob-omb Equipped
24	Weapon Resist up
25	Giant
26	Hyper Smash Attacks
27	Hothead Equipped
28	Lip's Stick Equipped
29	Magic Attack up
30	Lava-Floor Resist
31	Fire Attack up
32	Electric Weakness
33	Strong Throw
34	Special-Move Power up
35	Sticky-Floor Immunity
36	Banana Gun Equipped
37	Super Launch Star Equipped
38	Transformation Duration up
39	Irreversible Controls
40	Fairy Bottle Equipped
41	Swimmer
42	Healing Shield
43	Strong-Wind Resist
44	Dash Attack up
45	Fire Bar Equipped
46	Thrown Items up
47	Neutral Special up
48	Boomerang Equipped
49	Undamaged Speed up
50	Speed up
51	Screen-Flip Immunity
52	Undamaged Attack & Speed up
53	Water Weakness
54	Mouthful of Curry
55	Water/Freezing Resist up
56	Trade-Off Attacks up
57	Electric Attack up
58	Undamaged Attack up
59	Death's Scythe Equipped
60	Fire Weakness
61	Trade-Off Speed up
62	Freezie Equipped
63	Poison Damage Reduced
64	Battering Items up
65	Stamina up
66	Energy Shot Attack/Resistance up
67	Fog Immunity
68	Bury Immunity
69	Hammer Duration up
70	Star Rod Equipped
71	Critical Hit up
72	Weapon Attack up
73	Speed down
74	Critical-Health Stats up
75	Trade-Off Defense up
76	Water & Ice Attack up
77	Giant Killer
78	Rocket Belt Equipped
79	Perfect-Shield Reflect
80	Sword Attack up
81	Assist Killer
82	Easier Perfect Shield
83	Shooting Items up
84	Fire/Explosion Resist up
85	Water Attack up
86	Jump down
87	Lifesteal
88	Trade-Off Ability up
89	Slumber Immunity
90	Mr. Saturn Equipped
91	Bunny Hood Equipped
92	Instadrop
93	Landing Lag down
94	Killing Edge Equipped
95	Poison Immunity
96	Shooting Attack up
97	Battering Items Power up
98	Chance of Double Final Smash
99	Critical-Health Stats up up
100	Strong-Wind Immunity
101	Falling Immunity
102	Shooting Items Power up
103	KOs Heal Damage
104	Initial Damage 30%
105	Electric Resist up
106	Beastball Equipped
107	Invincibility after Eating
108	Magic Resist up
109	PSI Attack up
110	Armor Knight
111	Unira Equipped
112	Super Leaf Equipped
113	Jam FS Charge
114	Drill Equipped
115	Franklin Badge Equipped
116	Fire & Explosion Attack up
117	Beam Sword Equipped
118	Unflinching Charged Smashes
119	Bomber Equipped
120	Stats up up after Eating
121	Made of Metal
122	Gravity-Change Immunity
123	Metal Killer
124	Super Scope Equipped
125	Ray Gun Equipped
126	Shield Damage up
127	Back Shield Equipped
128	Critical-Health Defense up
129	Screw Attack Equipped
130	Improved Escape
131	PSI Resist up
132	Additional Midair Jump
133	Great Autoheal
134	Fast Final Smash Meter
135	Slow Super Armor
136	Running Start
137	Move Speed up
138	Autoheal
139	Lava-Floor Immunity
140	Critical-Health Attack up
141	Ice-Floor Immunity
142	Critical Immunity
143	Aura Resist up
144	Aura Attack up
145	Critical Hit up up
146	Weapon Attack & Move Speed up
147	Staff Equipped
148	Side Special up
149	Zap-Floor Immunity
150	Down Special up
151	Energy-Shot Resist up
152	Energy-Shot Attack up
153	Rage Blaster Equipped
154	Metal and Giant
155	Up Special up
156	Shield Durability up
157	Black Hole Equipped
158	Braking Ability up
159	Ore Club Equipped
160	Steel Diver Equipped
161	Poison Heals
162	Double Final Smash
163	Bane of Darkness
164	Bane of Light
165	Item Autograb
166	Team Power Up
167	Weight up up
168	Poison Power Up
169	Critical Fast Final Smash Meter up up
170	Item Throw up
171	Critical-Health Healing up up
172	Critical Super Giant
173	Mouthful of Curry up up
174	Final Smash up
175	Critical Healing & Metal
176	Fist & Foot Attack up
177	Weapon Attack & Move Speed up up
\.


--
-- Data for Name: equipable_spirits; Type: TABLE DATA; Schema: public; Owner: postgres
--

COPY public.equipable_spirits (spirits_id, class, ability_id) FROM stdin;
18	2	1
19	1	2
20	3	3
21	3	4
22	1	5
23	2	6
24	4	7
25	3	8
26	2	9
27	2	10
28	3	11
29	3	12
30	3	\N
31	2	13
32	3	14
34	1	15
35	3	16
36	1	16
37	1	17
38	2	18
39	2	11
40	1	11
41	1	13
42	2	19
43	1	20
44	2	21
45	3	\N
46	1	\N
47	2	\N
48	1	13
49	2	22
50	2	23
51	2	4
52	2	24
53	1	13
54	3	25
55	2	13
56	3	26
57	2	\N
58	1	27
59	1	\N
60	1	28
61	2	29
62	2	30
63	4	31
64	2	14
65	2	32
66	2	33
67	4	34
68	2	35
69	1	36
70	3	\N
71	2	37
72	1	38
74	2	39
75	2	18
76	2	40
77	1	41
78	2	33
79	4	42
80	2	43
81	2	11
82	2	44
83	1	45
84	2	46
85	3	47
86	1	48
87	1	49
88	1	50
89	2	51
90	2	11
91	3	50
92	3	52
93	4	50
94	3	53
95	3	13
96	4	54
97	1	29
98	2	11
99	3	\N
100	2	53
101	2	11
102	1	55
103	2	56
104	4	\N
105	1	\N
106	2	57
107	2	\N
108	2	58
109	1	\N
110	1	\N
111	2	59
112	1	60
113	1	61
114	1	62
115	1	\N
116	2	63
117	2	64
118	1	29
119	1	65
120	2	66
121	2	67
122	2	68
123	1	22
124	2	16
125	2	\N
126	2	13
127	3	69
128	1	70
129	2	18
130	2	18
131	1	4
132	3	71
133	2	72
137	4	33
138	3	33
139	2	\N
140	3	73
142	2	74
143	1	36
144	2	75
145	3	13
146	4	46
147	2	\N
148	3	8
149	2	\N
150	3	50
151	2	32
152	2	67
153	1	61
154	1	16
155	2	35
156	2	18
157	1	76
158	1	65
159	1	\N
160	1	\N
161	2	11
162	4	\N
163	3	\N
164	4	77
165	1	60
166	1	4
167	1	18
168	1	78
169	2	79
170	3	20
171	1	\N
178	4	80
179	1	60
180	1	\N
181	1	18
182	2	35
183	2	80
184	2	40
185	2	29
186	1	22
187	2	39
188	4	34
189	2	13
190	4	81
191	3	4
192	3	82
193	3	\N
194	2	67
195	2	83
196	3	52
197	1	84
199	1	48
200	3	85
201	3	12
202	2	13
203	3	29
204	1	86
205	2	13
206	4	87
207	2	60
208	4	80
209	3	88
210	3	25
211	3	89
212	2	56
213	2	90
214	1	91
215	2	30
216	2	79
217	1	20
218	1	41
219	1	92
220	3	13
221	4	19
222	3	13
223	4	44
224	2	\N
225	1	28
226	1	\N
227	3	47
228	3	\N
229	2	73
230	3	\N
231	1	93
232	2	\N
233	2	13
234	3	72
235	2	94
236	3	\N
237	3	\N
238	3	95
239	2	74
240	2	4
241	2	96
242	2	57
243	4	\N
244	1	97
245	2	24
246	3	13
247	4	98
248	2	13
249	3	38
250	3	99
251	3	100
252	2	101
254	1	55
255	3	\N
256	2	9
258	2	13
259	3	88
260	2	44
261	1	\N
262	2	\N
263	2	6
269	2	30
270	3	102
271	3	95
272	2	13
273	4	42
274	2	102
275	1	86
276	2	96
277	3	103
278	3	13
279	4	25
280	2	66
281	4	86
282	2	20
284	2	35
285	1	13
286	3	87
287	2	104
288	1	\N
289	2	1
290	2	68
291	4	4
292	2	51
293	1	105
294	1	\N
295	1	57
296	1	4
299	3	13
300	4	3
301	4	\N
302	3	100
303	2	9
304	1	11
305	1	4
306	2	14
307	1	106
308	1	5
309	1	15
310	2	43
311	1	73
312	2	101
313	4	107
314	2	79
315	2	54
316	2	31
317	1	108
318	1	109
319	2	33
320	1	36
321	3	11
322	2	11
326	2	37
327	3	3
328	3	98
329	2	72
330	4	110
331	4	77
332	2	1
333	2	9
334	2	10
335	2	\N
336	1	\N
337	1	111
338	1	112
339	3	60
340	2	57
341	2	13
342	4	113
343	4	\N
344	1	\N
345	4	18
346	2	\N
347	2	13
348	4	29
349	1	114
350	3	115
351	3	13
352	4	116
353	3	\N
354	4	80
355	3	\N
356	2	18
357	3	\N
358	2	117
359	2	64
360	2	13
361	3	64
362	1	\N
363	1	22
364	1	\N
365	2	\N
366	1	13
367	2	118
368	1	92
369	2	44
370	2	119
371	2	33
372	3	\N
373	1	62
374	3	80
375	2	31
376	1	27
377	2	14
378	3	120
379	3	20
380	1	11
381	2	40
385	3	121
387	4	29
388	2	83
389	4	\N
390	3	122
391	4	123
392	2	124
393	2	125
394	1	78
395	2	\N
396	2	96
397	1	\N
398	1	\N
399	3	126
400	2	\N
401	3	13
402	4	74
403	2	39
404	2	127
405	1	4
406	1	\N
420	2	60
421	1	53
422	3	31
423	2	32
424	1	128
425	1	93
426	1	\N
427	2	68
428	1	129
429	1	\N
430	1	2
431	1	62
432	1	105
433	2	46
434	1	109
435	2	54
436	1	130
437	2	\N
438	1	53
439	2	50
441	1	57
442	1	28
443	2	63
444	2	119
445	2	127
446	1	53
447	2	16
448	1	116
449	2	40
450	2	13
451	3	98
452	1	41
453	1	32
454	2	\N
455	2	50
456	2	21
457	2	24
458	2	56
459	1	\N
460	1	\N
461	2	43
462	4	\N
463	2	\N
464	3	109
465	4	34
466	1	60
467	2	74
468	2	57
469	1	15
470	1	19
471	1	38
472	1	76
473	1	131
474	2	39
475	2	4
476	2	60
477	2	60
478	1	32
479	2	31
480	1	\N
481	1	92
482	3	50
483	2	53
484	3	85
485	4	132
486	4	133
487	2	16
488	2	79
489	2	75
490	2	\N
491	2	58
492	1	\N
493	2	18
494	2	109
495	3	100
496	2	13
497	3	55
498	2	13
499	3	84
500	3	18
501	4	134
502	4	109
503	1	84
504	2	\N
505	3	104
506	1	60
507	2	66
508	3	109
509	3	\N
510	3	\N
511	3	135
512	3	13
513	4	126
514	3	\N
515	4	136
516	3	89
517	3	13
518	4	18
519	4	\N
520	4	26
521	1	32
522	2	\N
523	2	30
524	2	\N
525	3	\N
526	2	14
527	2	137
528	3	31
529	3	57
530	3	\N
531	2	9
532	3	\N
533	3	\N
534	2	13
535	4	26
536	3	138
537	3	\N
538	1	60
539	2	94
540	2	101
541	1	57
542	3	\N
543	3	\N
544	1	13
545	4	12
546	2	13
547	4	115
548	2	13
549	3	9
550	3	139
551	1	60
552	2	\N
553	1	140
554	1	57
555	2	59
556	3	57
557	3	31
558	3	\N
559	2	51
560	3	122
561	3	141
562	2	67
565	4	109
566	3	115
567	3	57
568	2	\N
569	3	\N
570	3	104
571	2	109
572	4	109
573	4	113
574	3	109
575	1	104
576	4	136
577	3	126
578	2	101
579	1	15
580	2	73
581	2	\N
582	4	142
583	1	\N
584	1	16
585	2	109
586	1	\N
587	3	71
588	4	\N
589	3	80
590	4	\N
593	2	50
594	4	50
595	3	122
596	2	50
597	1	61
598	2	50
599	2	44
600	1	50
601	3	50
602	3	50
603	2	50
604	4	50
605	1	109
607	2	43
608	3	135
609	1	65
620	4	18
621	2	\N
622	1	4
623	1	143
624	1	\N
625	2	94
626	1	144
627	2	\N
628	2	23
629	3	18
630	2	13
631	3	84
632	2	63
633	3	13
634	4	72
635	2	30
636	1	116
637	1	13
638	3	127
639	2	80
640	2	56
641	2	80
642	3	80
643	1	31
644	2	31
645	3	13
646	4	145
647	3	31
648	3	118
649	1	80
650	2	75
651	2	72
652	2	58
653	3	11
654	3	\N
655	1	108
656	2	29
657	1	\N
658	1	29
659	2	54
660	2	64
661	2	13
662	4	132
663	2	9
664	3	13
665	4	110
666	3	29
667	2	40
668	2	94
669	2	\N
670	2	29
672	2	57
673	3	135
674	1	57
675	1	\N
676	4	146
677	2	46
679	3	18
680	3	\N
681	3	95
682	4	80
683	3	\N
684	3	29
685	3	138
686	3	88
687	1	13
688	3	18
690	2	46
691	2	74
692	3	139
693	3	71
694	2	68
695	1	128
696	2	\N
697	2	10
698	4	33
699	3	120
700	1	17
701	1	31
702	2	35
706	3	86
707	1	147
708	3	102
709	2	83
710	2	13
711	4	25
712	2	54
713	2	18
714	2	13
715	3	8
716	2	\N
717	3	13
718	4	56
719	1	\N
720	3	148
721	3	103
722	1	38
723	4	123
724	3	149
725	1	\N
726	2	80
728	1	16
731	3	\N
732	3	150
733	3	149
734	2	64
736	2	57
737	2	39
738	4	\N
739	4	134
740	1	144
741	2	13
742	3	140
743	2	90
744	1	130
745	2	\N
746	1	112
747	1	29
748	1	33
750	4	\N
751	3	\N
752	2	117
753	2	39
754	1	\N
755	1	151
756	2	\N
757	1	152
758	3	13
759	4	123
760	4	33
761	2	125
762	2	13
763	3	96
764	2	124
765	4	\N
766	3	88
767	2	23
768	1	153
769	3	73
770	2	4
771	2	18
772	1	13
773	3	154
774	1	130
776	4	57
777	3	155
778	4	50
779	3	126
780	2	50
781	3	20
782	1	\N
783	1	4
784	1	\N
785	2	85
786	1	13
787	3	134
788	3	13
789	4	52
790	2	21
791	2	18
792	1	\N
793	2	54
794	2	137
795	2	33
796	2	6
797	2	\N
800	3	\N
802	3	122
803	2	30
804	2	46
805	2	66
806	2	63
807	2	4
808	1	22
809	1	4
810	2	13
811	4	120
812	3	141
813	3	73
814	3	73
815	1	31
816	1	111
817	1	93
818	2	35
819	2	43
820	2	32
821	1	\N
823	2	101
824	2	127
828	2	13
829	3	14
831	2	13
832	3	136
833	3	86
834	2	73
835	3	141
836	2	75
837	2	37
838	2	18
839	3	100
840	2	127
842	2	1
843	2	39
844	1	73
845	3	99
846	3	8
847	2	44
848	3	156
849	3	157
850	2	14
851	2	72
852	3	89
853	1	17
854	2	67
855	2	101
856	1	158
857	2	35
858	1	18
859	1	70
860	3	159
861	2	68
862	2	97
863	1	\N
865	4	\N
866	3	\N
867	3	149
868	3	138
869	3	155
870	2	21
871	2	124
872	2	20
873	4	113
874	3	\N
875	1	86
876	2	\N
877	2	\N
878	2	30
879	2	23
880	2	53
881	2	57
882	3	73
883	2	\N
884	2	67
885	2	137
886	2	119
887	2	51
888	2	60
889	2	72
890	1	129
891	1	\N
892	2	66
893	2	94
894	1	114
895	1	160
896	2	\N
898	1	\N
899	1	153
900	1	\N
901	1	92
902	1	\N
903	1	45
904	1	151
905	3	13
906	4	7
907	2	13
908	4	146
909	2	125
910	3	\N
911	3	\N
912	2	96
913	2	\N
914	4	\N
915	3	80
916	2	13
917	3	83
918	3	80
919	1	13
920	2	38
924	1	\N
925	1	16
926	3	150
927	3	141
928	3	118
929	1	5
930	2	6
931	2	101
933	4	20
935	1	104
936	2	75
937	3	20
938	2	73
939	2	20
940	4	20
941	1	20
942	2	11
943	3	156
944	3	148
945	1	20
947	3	99
948	2	\N
949	1	61
950	1	65
952	3	121
953	4	18
954	2	\N
955	2	125
956	3	80
957	2	29
959	2	13
960	4	154
961	3	\N
962	1	151
963	1	\N
964	1	152
965	2	124
966	3	13
967	4	81
968	4	145
969	3	85
970	2	\N
971	2	96
972	1	31
973	1	\N
975	2	\N
976	1	153
979	2	33
980	2	13
981	3	6
982	2	57
984	4	16
985	3	139
986	3	47
987	3	11
988	3	20
989	4	109
990	3	16
991	1	20
992	1	\N
993	1	\N
994	4	\N
995	2	59
996	1	104
997	3	\N
998	2	20
999	2	33
1000	1	33
1001	2	137
1002	2	\N
1003	2	63
1008	2	\N
1009	4	161
1010	3	13
1011	4	8
1012	3	13
1013	4	140
1014	2	46
1015	1	91
1016	3	157
1017	2	13
1018	3	115
1019	2	29
1020	2	29
1021	1	\N
1022	1	\N
1023	2	\N
1024	1	2
1027	3	155
1028	4	162
1029	3	98
1030	4	134
1031	3	52
1033	2	58
1034	1	55
1035	2	1
1036	2	\N
1037	2	127
1038	1	91
1039	1	16
1040	2	24
1042	2	\N
1043	2	13
1044	3	121
1045	1	57
1046	3	25
1047	3	\N
1048	2	125
1049	1	111
1052	4	\N
1053	2	13
1054	3	132
1055	4	80
1056	1	\N
1057	2	\N
1058	1	80
1059	2	\N
1060	2	64
1061	2	\N
1062	3	148
1063	2	59
1064	3	\N
1065	2	29
1066	3	\N
1067	2	\N
1068	2	10
1069	2	73
1070	2	63
1071	3	103
1072	1	84
1073	2	44
1074	1	29
1075	3	13
1076	4	77
1077	3	118
1078	3	18
1079	3	115
1080	3	82
1081	4	\N
1082	2	\N
1083	2	\N
1084	1	48
1085	1	\N
1086	1	45
1087	1	19
1088	2	43
1089	2	51
1093	1	128
1094	3	98
1095	3	\N
1096	3	\N
1097	2	31
1098	2	20
1099	2	\N
1100	4	109
1101	3	73
1102	3	4
1103	3	80
1104	4	104
1105	4	163
1106	4	164
1107	2	125
1108	1	\N
1109	1	5
1110	1	\N
1111	1	\N
1112	2	56
1113	2	119
1114	3	\N
1115	4	81
1116	1	106
1117	1	93
1118	1	\N
1119	2	51
1120	1	20
1121	1	129
1122	1	111
1123	2	137
1124	2	18
1125	2	32
1126	1	50
1127	3	149
1128	3	80
1129	1	65
1130	2	13
1131	3	65
1132	1	62
1133	1	158
1134	2	124
1135	2	\N
1136	1	\N
1137	1	\N
1138	1	130
1139	1	\N
1140	4	33
1141	1	140
1142	1	147
1143	2	13
1144	4	38
1145	3	\N
1146	1	114
1147	2	14
1148	1	\N
1149	3	159
1150	1	\N
1151	1	49
1152	1	158
1153	3	28
1154	1	\N
1155	1	38
1156	1	112
1157	1	20
1158	1	41
1159	1	19
1160	2	13
1161	3	5
1162	1	11
1163	1	160
1164	3	\N
1165	2	117
1166	1	129
1167	1	140
1168	3	13
1169	4	66
1170	1	31
1171	1	29
1172	1	85
1173	2	\N
1174	2	83
1175	2	\N
1176	2	\N
1177	2	24
1178	2	4
1179	1	\N
1180	1	70
1181	3	11
1182	2	11
1183	1	\N
1184	2	90
1185	1	76
1186	1	55
1187	1	147
1188	1	84
1189	1	144
1190	2	68
1191	2	83
1192	3	20
1193	2	13
1194	3	71
1195	1	128
1196	3	86
1197	1	\N
1198	2	\N
1199	1	78
1200	1	4
1201	1	130
1202	1	\N
1203	1	33
1204	1	\N
1205	1	\N
1206	2	13
1207	3	46
1208	2	51
1209	1	11
1210	1	11
1211	3	\N
1212	2	67
1213	2	18
1214	2	13
1215	4	118
1216	2	90
1217	2	74
1218	2	37
1219	2	74
1220	2	37
1221	1	152
1222	1	\N
1223	2	\N
1224	1	85
1225	1	143
1226	1	105
1227	1	\N
1228	1	38
1229	1	131
1230	2	\N
1231	2	4
1232	1	\N
1233	2	\N
1234	2	\N
1235	2	54
1236	2	37
1237	2	64
1238	1	108
1239	1	143
1240	2	63
1241	3	89
1242	1	13
1243	3	3
1244	1	\N
1245	1	49
1246	2	29
1247	2	80
1248	1	105
1249	1	27
1250	2	\N
1251	2	\N
1252	2	\N
1253	2	75
1254	2	1
1255	2	58
1256	2	6
1257	1	160
1258	3	4
1259	2	11
1260	3	156
1261	1	131
1262	3	50
1263	1	78
1264	3	\N
1265	2	24
1266	1	116
1267	1	4
1268	2	\N
1269	3	95
1270	2	72
1271	2	\N
1272	1	\N
1273	1	76
1274	1	\N
1275	1	106
1276	1	106
1277	2	33
1278	3	159
1279	1	116
1280	2	\N
1281	3	139
1282	1	\N
1283	2	\N
1284	1	\N
1285	3	18
1286	2	58
1287	3	20
1288	2	20
1289	3	\N
1290	2	10
1291	2	137
1292	2	68
1293	3	\N
1294	4	20
1295	2	21
1296	3	29
1297	2	23
1298	3	52
1299	3	120
1300	1	130
1301	2	101
1302	3	25
1306	4	165
1307	3	98
1308	3	157
1309	3	80
1310	2	97
1311	2	31
1312	1	\N
1313	1	20
1314	1	140
1315	1	\N
1316	2	14
1317	3	20
1318	2	44
1319	1	114
1320	2	51
1321	3	18
1322	3	53
1323	2	51
1328	4	166
1329	3	25
1330	1	13
1331	3	167
1332	1	5
1333	2	\N
1334	1	13
1335	3	6
1336	2	137
1338	2	63
1339	2	\N
1340	3	29
1341	2	13
1342	3	25
1343	1	5
1344	4	168
1345	1	22
1346	3	67
1347	2	18
1348	3	3
1349	3	102
1350	2	137
1351	3	\N
1352	2	51
1353	2	\N
1354	2	39
1355	1	\N
1357	1	5
1358	1	\N
1359	1	16
1360	4	169
1361	3	20
1362	3	31
1363	3	50
1364	3	80
1365	2	21
1366	3	115
1367	2	102
1368	4	80
1369	3	\N
1370	2	10
1371	1	57
1372	3	20
1373	2	170
1374	2	102
1375	1	5
1376	3	80
1377	3	102
1378	2	56
1379	1	130
1382	2	13
1383	3	110
1384	2	13
1385	3	26
1386	2	13
1387	3	146
1388	4	171
1389	3	29
1390	2	21
1391	1	57
1392	1	93
1393	1	140
1394	3	97
1395	2	20
1396	1	92
1397	3	16
1398	3	102
1399	3	18
1400	2	66
1401	1	49
1402	2	13
1403	3	38
1404	3	20
1405	3	167
1406	2	6
1407	3	52
1408	2	14
1409	2	33
1410	1	28
1411	3	99
1412	3	103
1413	3	8
1415	2	33
1416	2	24
1417	1	53
1418	3	50
1419	1	38
1420	4	172
1421	3	12
1422	3	29
1423	3	98
1424	3	99
1425	1	22
1426	2	10
1427	3	\N
1430	1	60
1431	2	31
1432	2	96
1433	2	18
1434	3	53
1435	3	33
1436	2	21
1437	2	72
1438	4	173
1440	3	20
1441	2	4
1442	3	138
1443	2	50
1444	1	18
1445	1	38
1446	2	14
1447	2	102
1448	3	88
1449	4	174
1450	1	50
1451	3	141
1452	3	31
1453	1	130
1454	3	170
1455	2	4
1456	3	\N
1457	2	74
1460	4	74
1461	2	6
1462	3	3
1463	3	50
1464	4	97
1465	4	175
1466	3	\N
1467	3	170
1468	1	15
1469	2	50
1470	3	20
1471	4	31
1472	2	18
1473	1	5
1476	4	176
1477	3	13
1478	4	132
1479	1	19
1480	2	21
1481	2	33
1482	2	50
1483	2	16
1484	2	80
1485	1	20
1486	1	5
1487	3	31
1488	3	97
1489	2	72
1490	1	38
1491	3	50
1492	2	97
1493	2	64
1494	2	13
1495	3	121
1496	3	52
1497	3	102
1498	3	50
1499	2	64
1505	3	80
1506	1	128
1507	4	177
1508	2	31
1509	2	56
1510	2	97
1511	2	50
1512	3	29
1513	4	20
1514	4	34
1515	3	85
1516	3	97
1517	3	126
1518	3	4
1519	3	97
1520	3	80
1521	4	50
1522	3	170
1523	3	4
1524	2	74
1525	4	18
1526	3	135
1527	2	80
1528	1	2
\.


--
-- Data for Name: fighter_spirits; Type: TABLE DATA; Schema: public; Owner: postgres
--

COPY public.fighter_spirits (spirits_id, game_origin, release_year) FROM stdin;
\.


--
-- Data for Name: master_spirits; Type: TABLE DATA; Schema: public; Owner: postgres
--

COPY public.master_spirits (spirits_id, facility, location) FROM stdin;
\.


--
-- Data for Name: obtaining_method; Type: TABLE DATA; Schema: public; Owner: postgres
--

COPY public.obtaining_method (method_id, name) FROM stdin;
1	Spirit Board
2	World of Light
3	Shopping
4	Summon
5	Challenge
6	Enhanced
7	amiibo
8	Present
\.


--
-- Data for Name: primary_spirits; Type: TABLE DATA; Schema: public; Owner: postgres
--

COPY public.primary_spirits (spirits_id, type, slot_capacity, min_power, max_power, min_attack, max_attack, min_defense, max_defense) FROM stdin;
21	Shield	1	2552	7695	510	1539	2042	6156
28	Shield	3	2981	8987	1610	4853	1371	4134
30	Grab	2	2824	8516	1836	5536	988	2980
31	Grab	3	1431	5727	630	2520	801	3207
32	Grab	3	3029	9090	1484	4454	1545	4636
35	Neutral	3	2749	8249	1787	5362	962	2887
36	Neutral	2	722	3614	361	1807	361	1807
38	Grab	1	1460	5861	1022	4103	438	1758
39	Grab	3	1541	6187	817	3279	724	2908
40	Shield	1	1148	5745	476	2384	672	3361
41	Attack	1	905	4530	575	2877	330	1653
42	Attack	1	1791	7188	1173	4708	618	2480
43	Neutral	2	765	3826	417	2085	348	1741
45	Grab	2	2824	8516	1299	3917	1525	4599
46	Grab	1	1109	5548	577	2885	532	2663
47	Grab	2	1539	6180	677	2719	862	3461
48	Neutral	3	807	4035	343	1715	464	2320
49	Neutral	3	1571	6358	746	3020	825	3338
51	Attack	0	1655	6663	968	3898	687	2765
53	Grab	2	861	4309	435	2176	426	2133
54	Grab	2	2938	8840	1616	4862	1322	3978
55	Attack	1	1652	6650	661	2660	991	3990
56	Attack	1	2796	8429	1286	3877	1510	4552
57	Shield	2	1713	6879	848	3405	865	3474
59	Attack	1	906	4536	226	1134	680	3402
61	Grab	1	1547	6211	673	2702	874	3509
63	Shield	1	4413	11034	1831	4579	2582	6455
65	Shield	1	1808	7236	904	3618	904	3618
66	Attack	1	1703	6838	894	3590	809	3248
70	Neutral	3	2661	8007	1477	4444	1184	3563
81	Attack	2	1655	6662	902	3631	753	3031
88	Grab	1	952	4761	438	2190	514	2571
90	Grab	1	2015	8063	887	3548	1128	4515
91	Shield	2	2526	7600	1175	3534	1351	4066
93	Grab	2	4015	10039	2188	5471	1827	4568
94	Neutral	3	2987	9004	1673	5042	1314	3962
95	Attack	2	2986	9005	1717	5178	1269	3827
96	Attack	2	4194	10487	2307	5768	1887	4719
97	Attack	1	991	4958	446	2231	545	2727
98	Shield	1	1905	7622	848	3392	1057	4230
99	Attack	2	3104	9359	1816	5475	1288	3884
100	Attack	2	1835	7386	1046	4210	789	3176
101	Grab	3	1785	7163	812	3259	973	3904
104	Attack	3	4000	10000	2100	5250	1900	4750
105	Shield	1	899	4503	481	2409	418	2094
106	Neutral	3	1431	5791	787	3185	644	2606
107	Neutral	3	1587	6349	841	3365	746	2984
109	Shield	1	1003	5019	366	1832	637	3187
110	Shield	2	906	4535	426	2131	480	2404
112	Attack	3	997	4988	613	3068	384	1920
115	Shield	1	954	4773	434	2172	520	2601
124	Grab	1	1552	6230	815	3271	737	2959
125	Grab	1	1663	6696	798	3214	865	3482
126	Neutral	3	1584	6336	895	3580	689	2756
127	Neutral	3	2752	8257	1596	4789	1156	3468
129	Shield	1	1632	6551	718	2882	914	3669
130	Attack	1	1548	6217	619	2487	929	3730
131	Attack	1	854	4278	641	3209	213	1069
137	Grab	3	3818	9547	2386	5967	1432	3580
138	Grab	1	2544	7672	1374	4143	1170	3529
139	Shield	2	1624	6519	763	3064	861	3455
140	Attack	3	2702	8147	1378	4155	1324	3992
145	Grab	3	2526	7600	1288	3876	1238	3724
146	Grab	3	4213	10535	2212	5531	2001	5004
147	Grab	3	1505	6023	775	3102	730	2921
149	Attack	2	1707	6851	939	3768	768	3083
150	Attack	1	2560	7718	1024	3087	1536	4631
151	Attack	1	1904	7621	1076	4306	828	3315
159	Grab	1	956	4782	631	3156	325	1626
160	Shield	0	1208	6041	767	3836	441	2205
161	Attack	0	1852	7445	1176	4728	676	2717
162	Attack	2	4232	10583	2243	5609	1989	4974
163	Shield	3	2933	8826	1584	4766	1349	4060
165	Neutral	3	952	4762	314	1571	638	3191
166	Grab	1	905	4530	516	2582	389	1948
167	Shield	1	810	4057	409	2049	401	2008
170	Attack	1	2542	7664	1385	4177	1157	3487
171	Shield	1	1052	5265	631	3159	421	2106
178	Neutral	3	3802	9509	1920	4802	1882	4707
179	Grab	1	1083	5420	547	2737	536	2683
180	Neutral	2	859	4296	511	2556	348	1740
181	Shield	1	813	4073	382	1914	431	2159
183	Shield	1	1707	6851	597	2398	1110	4453
185	Shield	1	1620	6506	737	2960	883	3546
189	Shield	2	1700	6824	876	3514	824	3310
190	Shield	2	4552	11381	1661	4154	2891	7227
191	Neutral	2	2937	8835	1762	5301	1175	3534
193	Shield	3	2806	8442	1403	4221	1403	4221
200	Shield	3	2642	7929	1123	3370	1519	4559
202	Neutral	3	1588	6355	921	3686	667	2669
203	Neutral	3	2762	8286	1450	4350	1312	3936
204	Grab	1	1264	6324	537	2688	727	3636
205	Grab	2	1538	6174	931	3735	607	2439
206	Grab	2	3990	9975	1596	3990	2394	5985
207	Grab	1	2003	8015	1082	4328	921	3687
208	Attack	1	4203	10510	2900	7252	1303	3258
220	Attack	3	2798	8416	1749	5260	1049	3156
221	Attack	3	4182	10458	2593	6484	1589	3974
222	Grab	3	2672	8040	1269	3819	1403	4221
223	Grab	3	4206	10516	2103	5258	2103	5258
224	Attack	1	1828	7357	978	3936	850	3421
226	Attack	1	1109	5549	654	3274	455	2275
228	Grab	2	2691	8114	1211	3651	1480	4463
229	Shield	0	2154	8661	1346	5413	808	3248
230	Shield	1	3309	9929	1853	5560	1456	4369
232	Shield	3	1579	6318	608	2432	971	3886
233	Neutral	3	1429	5716	793	3172	636	2544
234	Neutral	3	2760	8280	1449	4347	1311	3933
236	Shield	3	2792	8400	1340	4032	1452	4368
237	Shield	2	2963	8933	1378	4154	1585	4779
240	Shield	1	1712	6871	796	3195	916	3676
242	Attack	2	1657	6632	1011	4046	646	2586
243	Attack	1	4932	12330	2466	6165	2466	6165
244	Neutral	2	725	3632	406	2034	319	1598
246	Shield	2	2830	8533	1387	4181	1443	4352
247	Shield	2	4403	11009	1937	4844	2466	6165
248	Attack	3	1574	6300	913	3654	661	2646
249	Attack	3	2911	8733	1601	4803	1310	3930
255	Grab	2	3129	9433	1721	5188	1408	4245
258	Shield	2	1713	6878	788	3164	925	3714
259	Shield	2	2791	8397	1326	3989	1465	4408
261	Attack	1	1004	5024	557	2788	447	2236
262	Grab	3	1511	6047	710	2842	801	3205
270	Neutral	3	2507	7522	1291	3874	1216	3648
272	Shield	2	1704	6837	784	3145	920	3692
273	Shield	2	4209	10525	1810	4526	2399	5999
274	Neutral	2	1350	5405	810	3243	540	2162
275	Shield	1	1089	5448	539	2697	550	2751
278	Shield	1	3165	9497	1693	5081	1472	4416
279	Shield	1	4200	10499	2121	5302	2079	5197
281	Grab	3	4220	10551	2258	5645	1962	4906
282	Neutral	2	1503	6017	819	3279	684	2738
285	Attack	2	948	4748	341	1709	607	3039
286	Attack	2	2764	8294	1285	3857	1479	4437
287	Shield	3	1427	5774	785	3176	642	2598
288	Shield	2	862	4312	379	1897	483	2415
291	Attack	2	4019	10049	2311	5778	1708	4271
294	Attack	1	1057	5286	539	2696	518	2590
296	Neutral	2	800	4004	400	2002	400	2002
299	Neutral	3	2398	7214	1367	4112	1031	3102
300	Neutral	3	4031	10078	2076	5190	1955	4888
301	Neutral	2	4224	10562	1816	4542	2408	6020
304	Neutral	2	1003	5019	491	2459	512	2560
305	Shield	1	854	4274	329	1645	525	2629
311	Shield	2	954	4777	324	1624	630	3153
316	Shield	0	1667	6709	792	3187	875	3522
321	Grab	3	2555	7702	1303	3928	1252	3774
322	Shield	3	1795	7206	808	3243	987	3963
335	Neutral	3	1587	6350	762	3048	825	3302
336	Grab	2	950	4752	499	2495	451	2257
339	Shield	1	2996	9026	1183	3565	1813	5461
340	Grab	3	1365	5521	812	3285	553	2236
341	Grab	2	1714	6879	1003	4024	711	2855
342	Grab	2	4407	11019	2380	5950	2027	5069
343	Attack	3	4035	10089	2159	5398	1876	4691
344	Grab	1	958	4792	527	2636	431	2156
345	Shield	2	4227	10569	2325	5813	1902	4756
346	Shield	1	1660	6682	730	2940	930	3742
347	Grab	3	1588	6355	1001	4004	587	2351
348	Grab	3	4187	10468	2533	6333	1654	4135
351	Attack	3	2798	8416	1609	4839	1189	3577
352	Attack	3	4191	10478	2305	5763	1886	4715
353	Attack	2	2835	8550	1531	4617	1304	3933
354	Shield	0	4852	12132	2669	6673	2183	5459
355	Attack	3	2661	8007	931	2802	1730	5205
356	Attack	3	1437	5814	834	3372	603	2442
357	Grab	2	2966	8942	1750	5276	1216	3666
360	Neutral	3	1429	5722	922	3691	507	2031
361	Neutral	3	3038	9116	1808	5424	1230	3692
362	Attack	1	1003	5019	517	2585	486	2434
364	Grab	1	906	4535	544	2721	362	1814
365	Shield	0	1912	7652	573	2295	1339	5357
366	Shield	1	904	4522	556	2781	348	1741
367	Shield	1	1784	7162	1017	4082	767	3080
372	Attack	1	2720	8163	1632	4898	1088	3265
374	Neutral	3	2249	6749	1181	3543	1068	3206
375	Neutral	3	1359	5500	775	3135	584	2365
379	Attack	1	2702	8147	1581	4766	1121	3381
380	Grab	1	1261	6305	517	2585	744	3720
387	Neutral	2	4023	10059	1911	4778	2112	5281
389	Shield	3	4035	10089	1856	4641	2179	5448
395	Attack	2	1627	6532	936	3756	691	2776
397	Grab	1	949	4749	503	2517	446	2232
398	Attack	1	1000	5000	655	3275	345	1725
400	Grab	2	1781	7150	962	3861	819	3289
401	Grab	2	2980	8986	1311	3954	1669	5032
402	Grab	2	4435	11089	2040	5101	2395	5988
405	Shield	1	811	4057	357	1785	454	2272
406	Neutral	2	812	4065	471	2358	341	1707
420	Shield	2	1743	7013	802	3226	941	3787
421	Attack	1	1145	5727	630	3150	515	2577
422	Attack	1	2969	8951	1633	4923	1336	4028
423	Shield	2	1835	7386	789	3176	1046	4210
426	Attack	1	958	4792	594	2971	364	1821
429	Neutral	2	902	4512	397	1985	505	2527
437	Grab	3	1511	6047	1081	4324	430	1723
438	Shield	1	1084	5426	428	2143	656	3283
439	Attack	1	1541	6186	878	3526	663	2660
441	Shield	3	735	3678	375	1876	360	1802
446	Grab	1	1143	5716	520	2601	623	3115
447	Attack	1	1619	6500	907	3640	712	2860
450	Grab	2	1705	6845	955	3833	750	3012
451	Grab	2	2943	8855	1663	5003	1280	3852
453	Grab	2	952	4764	500	2501	452	2263
454	Grab	2	1619	6499	947	3802	672	2697
455	Neutral	2	1581	6324	909	3636	672	2688
459	Neutral	2	810	4050	486	2430	324	1620
460	Shield	1	1000	5000	500	2500	500	2500
462	Attack	3	4007	10019	2384	5961	1623	4058
463	Shield	2	1792	7192	851	3416	941	3776
464	Grab	1	3101	9349	1830	5516	1271	3833
466	Grab	2	951	4758	423	2117	528	2641
468	Attack	2	1505	6023	873	3493	632	2530
475	Shield	1	1713	6878	1028	4127	685	2751
476	Attack	2	1913	7699	1119	4504	794	3195
477	Grab	2	1913	7700	574	2310	1339	5390
478	Shield	2	1107	5538	387	1938	720	3600
479	Attack	1	1705	6845	1177	4723	528	2122
480	Neutral	3	804	4028	402	2014	402	2014
482	Shield	1	3126	9424	1547	4665	1579	4759
483	Shield	2	1926	7753	944	3799	982	3954
484	Grab	2	2936	8834	1615	4859	1321	3975
487	Attack	1	1716	6886	1021	4097	695	2789
490	Grab	2	1712	6872	805	3230	907	3642
492	Attack	1	1106	5532	669	3347	437	2185
493	Attack	1	1783	7156	1025	4115	758	3041
494	Shield	1	1796	7206	449	1801	1347	5405
496	Shield	3	1664	6658	416	1664	1248	4994
497	Shield	3	3040	9124	1444	4334	1596	4790
498	Attack	2	1784	7164	1035	4155	749	3009
499	Attack	2	3244	9758	1784	5367	1460	4391
500	Neutral	3	2755	8265	1653	4959	1102	3306
502	Grab	0	4619	11549	2656	6641	1963	4908
504	Attack	2	1795	7207	1023	4108	772	3099
505	Grab	3	2648	7945	1655	4966	993	2979
506	Shield	1	1268	6343	761	3806	507	2537
508	Grab	3	2506	7521	1366	4099	1140	3422
509	Grab	3	2817	8474	1676	5042	1141	3432
510	Shield	3	2795	8407	1663	5002	1132	3405
512	Neutral	3	2659	8000	1449	4360	1210	3640
513	Neutral	3	4209	10525	2294	5736	1915	4789
514	Shield	3	2531	7614	1101	3312	1430	4302
517	Grab	3	2672	8039	1416	4261	1256	3778
518	Grab	3	4206	10515	2166	5415	2040	5100
519	Neutral	3	4012	10030	2006	5015	2006	5015
521	Grab	1	1147	5739	706	3530	441	2209
522	Attack	1	1751	7048	1051	4229	700	2819
524	Attack	3	1431	5728	572	2291	859	3437
525	Neutral	3	2659	8000	1556	4680	1103	3320
528	Shield	2	2675	8047	1204	3621	1471	4426
529	Grab	2	2660	8000	1463	4400	1197	3600
530	Neutral	2	2694	8122	1374	4142	1320	3980
532	Attack	3	2803	8432	1640	4933	1163	3499
533	Shield	3	2814	8466	1168	3513	1646	4953
534	Shield	1	1660	6683	938	3776	722	2907
535	Shield	1	4363	10909	2291	5727	2072	5182
537	Shield	3	2538	7637	1434	4315	1104	3322
538	Shield	1	1149	5750	500	2501	649	3249
542	Shield	3	2952	8878	1166	3507	1786	5371
543	Grab	2	3104	9359	1738	5241	1366	4118
544	Grab	2	993	4968	596	2981	397	1987
545	Grab	2	4194	10487	2139	5348	2055	5139
546	Grab	3	1499	6000	472	1890	1027	4110
547	Grab	3	4202	10506	1681	4202	2521	6304
548	Grab	3	1434	5739	825	3300	609	2439
549	Grab	3	3046	9140	1721	5164	1325	3976
551	Shield	1	1087	5442	560	2803	527	2639
552	Attack	1	1658	6676	829	3338	829	3338
554	Shield	1	861	4308	267	1335	594	2973
556	Shield	1	2680	8082	1434	4324	1246	3758
557	Attack	3	2774	8323	971	2913	1803	5410
558	Grab	3	2934	8825	880	2647	2054	6178
565	Grab	2	4035	10089	2179	5448	1856	4641
567	Grab	2	2683	8071	1248	3753	1435	4318
568	Attack	1	1658	6675	995	4005	663	2670
569	Shield	1	2866	8600	1404	4214	1462	4386
570	Attack	3	2634	7905	1607	4822	1027	3083
571	Grab	2	1582	6330	815	3260	767	3070
572	Shield	3	3822	9556	1357	3392	2465	6164
574	Shield	2	2800	8424	1540	4633	1260	3791
575	Attack	3	772	3865	568	2841	204	1024
580	Neutral	3	1632	6552	816	3276	816	3276
581	Attack	1	1828	7356	1033	4156	795	3200
583	Neutral	2	809	4053	445	2229	364	1824
584	Attack	1	997	4988	613	3068	384	1920
585	Attack	2	1508	6035	875	3500	633	2535
586	Grab	1	1002	5014	466	2331	536	2683
588	Shield	0	4886	10000	0	0	4886	10000
589	Attack	2	2812	8458	1687	5075	1125	3383
590	Neutral	3	4003	10009	2202	5505	1801	4504
593	Shield	1	1458	5855	824	3308	634	2547
594	Attack	3	3803	9508	2662	6656	1141	2852
596	Shield	1	1543	6192	540	2167	1003	4025
598	Grab	2	1502	6011	789	3156	713	2855
600	Attack	1	949	4748	617	3086	332	1662
601	Attack	2	2673	8039	1350	4060	1323	3979
602	Neutral	3	2253	6763	1025	3077	1228	3686
603	Attack	1	1544	6198	857	3440	687	2758
604	Shield	2	4015	10040	2208	5522	1807	4518
620	Shield	3	3803	9508	1616	4041	2187	5467
621	Shield	1	1667	6709	583	2348	1084	4361
622	Shield	1	995	4978	348	1742	647	3236
624	Attack	3	764	3826	382	1913	382	1913
627	Shield	2	1550	6223	682	2738	868	3485
629	Grab	3	2393	7181	1268	3806	1125	3375
630	Neutral	3	1583	6337	839	3359	744	2978
631	Neutral	3	2754	8264	1473	4421	1281	3843
633	Shield	3	2549	7668	1389	4179	1160	3489
634	Shield	3	4213	10534	2317	5794	1896	4740
637	Neutral	3	726	3632	454	2270	272	1362
638	Neutral	3	2749	8249	1471	4413	1278	3836
639	Neutral	3	1439	5820	518	2095	921	3725
641	Attack	1	1622	6512	827	3321	795	3191
642	Attack	1	2833	8541	1388	4185	1445	4356
643	Neutral	2	765	3829	440	2202	325	1627
644	Attack	2	1428	5716	571	2286	857	3430
645	Attack	2	3101	9350	1799	5423	1302	3927
646	Attack	2	4214	10535	2402	6005	1812	4530
647	Neutral	2	2680	8063	1407	4233	1273	3830
649	Attack	1	857	4291	450	2253	407	2038
653	Shield	3	2839	8559	1320	3980	1519	4579
654	Attack	2	3110	9377	1944	5861	1166	3516
656	Grab	1	1706	6852	947	3803	759	3049
657	Grab	2	855	4278	513	2567	342	1711
661	Shield	2	1549	6218	519	2083	1030	4135
662	Shield	2	4209	10525	1810	4526	2399	5999
664	Attack	2	2678	8074	1406	4239	1272	3835
665	Attack	2	4194	10487	2328	5820	1866	4667
666	Grab	2	2678	8055	1473	4430	1205	3625
669	Shield	1	1744	7020	811	3264	933	3756
670	Grab	2	1425	5705	891	3566	534	2139
672	Attack	2	1579	6318	821	3285	758	3033
674	Attack	1	860	4300	516	2580	344	1720
675	Neutral	3	760	3803	452	2263	308	1540
679	Attack	2	2664	8015	1545	4649	1119	3366
680	Grab	2	2692	8115	1521	4585	1171	3530
682	Attack	3	3829	9575	1742	4357	2087	5218
683	Grab	1	3002	9008	1546	4639	1456	4369
684	Attack	2	2536	7629	1331	4005	1205	3624
687	Shield	3	760	3800	304	1520	456	2280
688	Shield	3	2769	8309	1274	3822	1495	4487
696	Shield	1	1750	7041	1015	4084	735	2957
698	Shield	3	3803	9509	1749	4374	2054	5135
701	Shield	1	952	4762	400	2000	552	2762
706	Grab	3	2960	8924	1362	4105	1598	4819
708	Neutral	3	2509	7529	1292	3877	1217	3652
710	Attack	2	1790	7185	716	2874	1074	4311
711	Attack	2	4411	11029	2426	6066	1985	4963
713	Shield	3	1359	5500	707	2860	652	2640
714	Grab	2	1546	6205	912	3661	634	2544
715	Grab	2	3238	9740	1846	5552	1392	4188
716	Shield	2	1712	6872	762	3058	950	3814
717	Shield	2	2981	8986	1789	5392	1192	3594
718	Shield	2	4631	11580	2802	7006	1829	4574
719	Neutral	2	810	4053	401	2006	409	2047
725	Shield	1	906	4535	408	2041	498	2494
726	Attack	2	1583	6337	950	3802	633	2535
731	Shield	2	2694	8123	1266	3818	1428	4305
736	Grab	2	1426	5710	713	2855	713	2855
738	Attack	3	4015	10039	2128	5321	1887	4718
741	Neutral	3	1355	5426	854	3419	501	2007
742	Neutral	3	2897	8693	1738	5216	1159	3477
745	Grab	3	1434	5738	789	3156	645	2582
747	Attack	2	803	4023	486	2434	317	1589
748	Grab	1	947	4738	421	2108	526	2630
750	Grab	1	4434	11087	2128	5322	2306	5765
751	Attack	3	2528	7606	1264	3803	1264	3803
754	Neutral	2	856	4286	428	2143	428	2143
756	Grab	2	1791	7192	994	3992	797	3200
758	Grab	2	2841	8567	1534	4626	1307	3941
759	Grab	2	4628	11570	2476	6190	2152	5380
760	Grab	3	3802	9508	1977	4944	1825	4564
762	Grab	2	1705	6845	938	3765	767	3080
763	Grab	2	2935	8831	1585	4769	1350	4062
765	Attack	2	4211	10531	2569	6424	1642	4107
769	Shield	3	2537	7649	1180	3557	1357	4092
770	Grab	3	1366	5526	888	3592	478	1934
772	Shield	1	1053	5270	711	3557	342	1713
773	Shield	1	2621	7865	1402	4208	1219	3657
776	Grab	3	3818	9546	2215	5537	1603	4009
778	Grab	3	3818	9546	2215	5537	1603	4009
780	Shield	1	1788	7178	894	3589	894	3589
781	Grab	2	2672	8039	1443	4341	1229	3698
782	Grab	3	805	4027	354	1772	451	2255
783	Neutral	2	800	4007	344	1723	456	2284
784	Grab	1	953	4768	453	2265	500	2503
785	Grab	1	1622	6512	722	2898	900	3614
786	Shield	2	945	4729	529	2648	416	2081
787	Shield	2	3223	9697	1692	5091	1531	4606
788	Attack	2	2702	8147	1648	4970	1054	3177
789	Attack	2	4427	11069	2368	5922	2059	5147
792	Shield	1	1053	5270	490	2451	563	2819
797	Attack	2	1790	7185	1083	4347	707	2838
800	Grab	3	2677	8055	1526	4591	1151	3464
807	Shield	1	1544	6198	834	3347	710	2851
809	Grab	1	861	4308	172	861	689	3447
810	Shield	2	1632	6551	620	2489	1012	4062
811	Shield	2	4241	10604	1781	4454	2460	6150
813	Attack	2	2866	8600	1562	4687	1304	3913
814	Neutral	3	2969	8950	1425	4296	1544	4654
815	Attack	1	855	4278	543	2717	312	1561
820	Shield	2	1568	6311	666	2682	902	3629
821	Shield	2	816	4086	408	2043	408	2043
828	Neutral	3	1431	5727	386	1546	1045	4181
829	Neutral	3	2561	7703	717	2157	1844	5546
831	Neutral	3	1357	5431	577	2308	780	3123
832	Neutral	3	2859	8579	1301	3903	1558	4676
833	Grab	2	3155	9468	1625	4876	1530	4592
834	Shield	2	1926	7752	963	3876	963	3876
838	Grab	1	1634	6558	817	3279	817	3279
844	Shield	2	1007	5039	463	2318	544	2721
858	Grab	1	904	4522	520	2600	384	1922
862	Neutral	3	1504	6085	797	3225	707	2860
863	Grab	1	958	4792	388	1941	570	2851
865	Shield	3	4011	10029	1484	3711	2527	6318
866	Attack	3	2544	7652	1374	4132	1170	3520
872	Shield	1	1700	6824	807	3241	893	3583
874	Grab	3	2683	8071	1073	3228	1610	4843
875	Shield	1	1208	6041	302	1510	906	4531
876	Grab	2	1716	6885	1081	4338	635	2547
877	Grab	1	1741	7006	975	3923	766	3083
880	Attack	2	1746	7027	1013	4076	733	2951
881	Grab	2	1650	6605	916	3666	734	2939
882	Neutral	1	3513	10583	1229	3704	2284	6879
883	Grab	2	1700	6824	595	2388	1105	4436
888	Shield	2	1747	7034	786	3165	961	3869
891	Grab	1	1104	5521	635	3175	469	2346
896	Shield	2	1552	6229	590	2367	962	3862
898	Attack	1	1008	5044	549	2749	459	2295
900	Shield	2	989	4949	485	2425	504	2524
902	Attack	1	1001	5009	606	3031	395	1978
905	Grab	1	2858	8575	1486	4459	1372	4116
906	Grab	1	2849	7124	1567	3918	1282	3206
907	Attack	2	1781	7149	1051	4218	730	2931
908	Attack	2	4183	10458	2447	6118	1736	4340
910	Attack	3	2949	8869	1961	5898	988	2971
911	Grab	3	2665	8015	1399	4208	1266	3807
913	Grab	3	1656	6626	704	2816	952	3810
914	Grab	3	4015	10039	2128	5321	1887	4718
915	Shield	2	2678	8055	1299	3907	1379	4148
916	Neutral	3	1350	5404	749	2999	601	2405
917	Neutral	3	2905	8716	1554	4663	1351	4053
918	Attack	2	2931	8816	1773	5334	1158	3482
919	Grab	3	845	4229	549	2749	296	1480
920	Grab	3	1654	6691	910	3680	744	3011
924	Neutral	2	812	4061	398	1990	414	2071
933	Attack	3	3806	9518	2322	5806	1484	3712
935	Neutral	2	762	3814	469	2346	293	1468
937	Attack	2	2541	7645	1677	5046	864	2599
938	Grab	2	1572	6324	786	3162	786	3162
939	Shield	2	1429	5722	693	2775	736	2947
940	Grab	3	3833	9585	2089	5224	1744	4361
941	Attack	1	907	4540	590	2951	317	1589
942	Attack	2	1661	6689	897	3612	764	3077
948	Shield	3	1504	6017	654	2617	850	3400
953	Neutral	3	3829	9575	1761	4404	2068	5171
954	Grab	1	1662	6688	332	1337	1330	5351
956	Shield	2	2672	8040	1470	4422	1202	3618
957	Neutral	3	1433	5797	795	3217	638	2580
959	Attack	1	1834	7379	1137	4575	697	2804
960	Attack	1	4164	10411	2353	5882	1811	4529
961	Attack	2	2981	8986	1744	5257	1237	3729
963	Grab	1	1004	5024	582	2914	422	2110
966	Shield	3	2934	8825	1394	4192	1540	4633
969	Shield	2	2534	7622	1394	4192	1140	3430
970	Shield	3	1351	5410	574	2299	777	3111
972	Attack	1	998	4994	549	2747	449	2247
973	Attack	1	1008	5044	610	3052	398	1992
975	Attack	3	1424	5699	1033	4132	391	1567
980	Grab	3	1425	5700	627	2508	798	3192
981	Grab	3	2905	8717	1394	4184	1511	4533
982	Shield	1	1630	6544	1060	4254	570	2290
984	Shield	2	4007	10019	1022	2555	2985	7464
987	Attack	2	2701	8107	1256	3770	1445	4337
988	Shield	2	2664	8015	1732	5210	932	2805
989	Grab	3	3807	9518	2075	5187	1732	4331
990	Neutral	3	2396	7188	1114	3342	1282	3846
992	Grab	1	1003	5020	602	3012	401	2008
993	Grab	1	1000	5000	530	2650	470	2350
994	Attack	0	5293	13235	3176	7941	2117	5294
996	Neutral	3	378	1890	189	945	189	945
997	Attack	3	2414	7264	1207	3632	1207	3632
998	Neutral	2	1433	5733	874	3497	559	2236
999	Grab	2	1655	6625	786	3147	869	3478
1000	Grab	1	861	4308	573	2865	288	1443
1002	Neutral	3	1576	6306	788	3153	788	3153
1008	Attack	0	2207	8834	1457	5831	750	3003
1010	Attack	2	2966	8942	1602	4829	1364	4113
1011	Attack	2	4653	11633	2466	6166	2187	5467
1012	Attack	3	2672	8039	1550	4663	1122	3376
1013	Attack	3	4210	10525	2505	6262	1705	4263
1017	Shield	2	1781	7149	944	3789	837	3360
1018	Shield	2	3085	9281	1620	4873	1465	4408
1019	Shield	2	1574	6300	1023	4095	551	2205
1020	Shield	2	1588	6355	770	3082	818	3273
1021	Neutral	2	906	4535	530	2653	376	1882
1022	Grab	1	954	4777	539	2699	415	2078
1023	Neutral	3	1503	6017	977	3911	526	2106
1036	Shield	3	1500	6005	705	2822	795	3183
1042	Shield	1	1843	7415	1106	4449	737	2966
1043	Neutral	3	1506	6029	700	2803	806	3226
1044	Neutral	3	3035	9107	1381	4144	1654	4963
1047	Attack	2	2828	8524	1414	4262	1414	4262
1052	Shield	3	4015	10039	2369	5923	1646	4116
1053	Grab	2	1797	7214	1024	4112	773	3102
1054	Grab	2	3241	9749	1783	5362	1458	4387
1055	Shield	3	3803	9508	2320	5800	1483	3708
1056	Neutral	3	847	4237	466	2330	381	1907
1057	Attack	1	1749	7041	927	3732	822	3309
1058	Attack	1	994	4973	631	3158	363	1815
1059	Attack	2	1621	6506	932	3741	689	2765
1061	Grab	1	1837	7393	1038	4177	799	3216
1064	Grab	2	2980	8986	1669	5032	1311	3954
1065	Attack	2	1654	6618	910	3640	744	2978
1066	Grab	2	2975	8968	1696	5112	1279	3856
1067	Neutral	3	1574	6300	929	3717	645	2583
1069	Grab	1	2000	8000	910	3640	1090	4360
1075	Neutral	3	2925	8800	1594	4796	1331	4004
1076	Neutral	3	4403	11009	2510	6275	1893	4734
1078	Grab	2	2414	7264	1062	3196	1352	4068
1081	Shield	3	4235	10589	2562	6406	1673	4183
1082	Grab	1	1739	7000	722	2905	1017	4095
1083	Attack	2	1701	6831	595	2391	1106	4440
1085	Grab	1	904	4526	588	2942	316	1584
1095	Neutral	3	2945	8861	1266	3810	1679	5051
1096	Neutral	3	2928	8808	1669	5021	1259	3787
1097	Neutral	3	1505	6091	813	3289	692	2802
1098	Neutral	3	1505	6091	715	2893	790	3198
1099	Attack	2	1711	6865	924	3707	787	3158
1100	Neutral	3	3826	9566	2353	5883	1473	3683
1101	Grab	2	3177	9534	2065	6197	1112	3337
1102	Shield	1	2981	8986	1938	5841	1043	3145
1103	Attack	1	2977	8977	1846	5566	1131	3411
1104	Neutral	3	3826	9566	2162	5405	1664	4161
1105	Neutral	0	4960	12400	2480	6200	2480	6200
1106	Neutral	0	4960	12400	2480	6200	2480	6200
1108	Neutral	2	810	4058	405	2029	405	2029
1110	Grab	0	1080	5400	486	2430	594	2970
1111	Neutral	2	855	4282	603	3019	252	1263
1114	Neutral	2	2822	8507	1213	3658	1609	4849
1118	Grab	1	902	4513	415	2076	487	2437
1125	Grab	0	1844	7416	830	3337	1014	4079
1126	Shield	1	855	4283	556	2784	299	1499
1128	Attack	2	2680	8063	1541	4636	1139	3427
1130	Neutral	3	1502	6012	751	3006	751	3006
1131	Neutral	3	3046	9140	1523	4570	1523	4570
1135	Grab	3	1435	5744	696	2786	739	2958
1136	Attack	1	1006	5034	584	2920	422	2114
1137	Shield	1	953	4768	386	1931	567	2837
1139	Shield	2	854	4274	401	2009	453	2265
1140	Grab	2	4011	10029	2106	5265	1905	4764
1143	Shield	3	1574	6299	653	2614	921	3685
1144	Shield	3	4205	10515	1871	4679	2334	5836
1145	Neutral	3	2798	8416	1581	4755	1217	3661
1148	Grab	3	842	4216	463	2319	379	1897
1150	Attack	1	1055	5280	369	1848	686	3432
1154	Neutral	3	883	4417	331	1656	552	2761
1157	Shield	1	992	4964	486	2432	506	2532
1160	Grab	3	1427	5710	856	3426	571	2284
1161	Grab	3	2754	8264	1584	4752	1170	3512
1162	Neutral	3	905	4531	489	2447	416	2084
1164	Attack	2	2678	8074	1339	4037	1339	4037
1168	Grab	3	2534	7622	1495	4497	1039	3125
1169	Grab	3	4205	10516	2544	6362	1661	4154
1170	Attack	1	997	4988	593	2968	404	2020
1172	Shield	2	805	4031	326	1632	479	2399
1173	Neutral	2	1464	5878	747	2998	717	2880
1175	Grab	2	1544	6198	903	3626	641	2572
1176	Grab	2	1797	7214	916	3679	881	3535
1178	Shield	1	1627	6532	569	2286	1058	4246
1179	Neutral	2	903	4521	506	2532	397	1989
1181	Neutral	3	2960	8924	1628	4908	1332	4016
1182	Neutral	3	1716	6886	798	3202	918	3684
1183	Shield	1	900	4500	270	1350	630	3150
1192	Attack	2	2538	7637	1015	3055	1523	4582
1193	Attack	2	1546	6205	997	4002	549	2203
1194	Attack	2	2936	8831	1879	5652	1057	3179
1196	Grab	3	2547	7680	1184	3571	1363	4109
1197	Shield	1	955	4783	511	2559	444	2224
1198	Shield	2	1547	6211	828	3323	719	2888
1200	Grab	2	761	3810	438	2191	323	1619
1202	Grab	2	906	4530	453	2265	453	2265
1203	Grab	1	810	4050	405	2025	405	2025
1204	Neutral	3	759	3800	433	2166	326	1634
1205	Neutral	2	855	4278	470	2353	385	1925
1206	Grab	2	1538	6174	854	3427	684	2747
1207	Grab	2	3097	9314	1626	4890	1471	4424
1209	Neutral	2	1006	5034	518	2593	488	2441
1210	Grab	1	1086	5437	494	2474	592	2963
1211	Grab	3	2675	8047	1525	4587	1150	3460
1214	Neutral	2	1784	7163	874	3510	910	3653
1215	Neutral	2	4100	10250	2050	5125	2050	5125
1222	Attack	1	1000	5004	570	2852	430	2152
1223	Shield	2	1540	6180	639	2565	901	3615
1224	Shield	1	815	4081	391	1959	424	2122
1227	Shield	2	990	4950	495	2475	495	2475
1230	Neutral	3	1425	5700	684	2736	741	2964
1231	Attack	0	1667	6709	992	3992	675	2717
1232	Attack	1	1108	5544	831	4158	277	1386
1233	Shield	1	1753	7055	1052	4233	701	2822
1234	Attack	1	1661	6682	897	3608	764	3074
1242	Neutral	2	813	4065	496	2480	317	1585
1243	Neutral	2	2645	7955	1468	4415	1177	3540
1244	Shield	3	800	4000	292	1460	508	2540
1246	Grab	3	1295	5240	777	3144	518	2096
1247	Attack	2	1586	6350	793	3175	793	3175
1250	Attack	1	1747	7034	961	3869	786	3165
1251	Grab	3	1575	6300	693	2772	882	3528
1252	Grab	2	1793	7200	977	3924	816	3276
1258	Grab	1	2552	7695	1365	4117	1187	3578
1259	Shield	1	2009	8039	1135	4542	874	3497
1262	Attack	2	2683	8071	1368	4116	1315	3955
1264	Attack	2	2963	8933	1037	3126	1926	5807
1267	Shield	1	991	4958	396	1983	595	2975
1268	Attack	2	1795	7206	1104	4432	691	2774
1271	Neutral	3	1506	6029	768	3075	738	2954
1272	Neutral	2	854	4274	431	2158	423	2116
1274	Neutral	3	801	4011	525	2627	276	1384
1280	Attack	1	1741	7006	940	3783	801	3223
1282	Grab	2	953	4767	572	2860	381	1907
1283	Grab	1	1741	7006	888	3573	853	3433
1284	Attack	1	1104	5521	657	3285	447	2236
1285	Neutral	3	2379	7139	1130	3391	1249	3748
1287	Neutral	3	2749	8249	2062	6187	687	2062
1288	Grab	2	1428	5716	614	2458	814	3258
1289	Attack	2	2838	8558	1561	4707	1277	3851
1293	Grab	2	2688	8107	1882	5675	806	2432
1294	Attack	3	3814	9537	2098	5245	1716	4292
1296	Grab	3	2645	7937	1693	5080	952	2857
1309	Grab	3	2771	8315	1496	4490	1275	3825
1310	Shield	1	1795	7207	1284	5153	511	2054
1311	Attack	2	1662	6652	1047	4191	615	2461
1312	Grab	2	997	4988	389	1945	608	3043
1315	Attack	3	886	4434	501	2505	385	1929
1317	Attack	3	2771	8315	1760	5280	1011	3035
1321	Shield	2	2949	8870	1386	4169	1563	4701
1322	Neutral	3	2841	8568	1776	5355	1065	3213
1330	Grab	2	899	4499	454	2272	445	2227
1331	Grab	2	3072	9239	1659	4989	1413	4250
1333	Shield	0	2216	8869	709	2838	1507	6031
1334	Attack	1	1108	5543	665	3326	443	2217
1335	Attack	1	3256	9816	1970	5939	1286	3877
1339	Shield	2	1781	7150	712	2860	1069	4290
1340	Grab	3	2749	8249	1526	4578	1223	3671
1341	Neutral	2	1700	6824	901	3617	799	3207
1342	Neutral	2	3071	9240	2227	6699	844	2541
1347	Grab	2	1662	6652	931	3725	731	2927
1349	Shield	3	2771	8315	845	2536	1926	5779
1351	Attack	1	3325	9978	2494	7484	831	2494
1353	Grab	2	1782	7150	891	3575	891	3575
1355	Shield	0	1320	6600	330	1650	990	4950
1358	Grab	1	1108	5543	654	3270	454	2273
1361	Grab	3	2771	8315	1593	4781	1178	3534
1362	Attack	2	2948	8869	1651	4967	1297	3902
1363	Neutral	2	2948	8870	1769	5322	1179	3548
1364	Attack	0	3299	9899	1996	5989	1303	3910
1367	Shield	1	1795	7206	1113	4468	682	2738
1368	Neutral	3	4180	10450	2090	5225	2090	5225
1369	Attack	2	3101	9349	1721	5189	1380	4160
1372	Attack	3	2812	8438	1828	5485	984	2953
1373	Shield	2	1682	6731	883	3534	799	3197
1374	Grab	2	1649	6600	907	3630	742	2970
1376	Attack	2	2949	8869	1740	5233	1209	3636
1377	Grab	2	2948	8869	1695	5100	1253	3769
1382	Attack	1	1929	7760	704	2832	1225	4928
1383	Attack	1	3411	10284	1245	3754	2166	6530
1384	Shield	2	1795	7206	1221	4900	574	2306
1385	Shield	2	3217	9679	2188	6582	1029	3097
1386	Grab	3	1662	6652	798	3193	864	3459
1387	Grab	3	3025	9075	1452	4356	1573	4719
1389	Neutral	3	2771	8315	1566	4698	1205	3617
1394	Attack	0	3071	9239	1858	5590	1213	3649
1395	Shield	0	1433	5733	874	3497	559	2236
1397	Neutral	3	2396	7188	1114	3342	1282	3846
1398	Attack	1	2984	8996	1641	4948	1343	4048
1399	Shield	1	2983	8996	1566	4723	1417	4273
1402	Neutral	3	1590	6362	596	2386	994	3976
1403	Neutral	3	3051	9157	1144	3434	1907	5723
1404	Attack	2	2946	8860	1576	4740	1370	4120
1405	Shield	1	3092	9321	1469	4427	1623	4894
1409	Attack	2	1662	6652	1064	4257	598	2395
1415	Shield	1	1795	7206	601	2414	1194	4792
1417	Neutral	3	996	4988	483	2419	513	2569
1418	Attack	2	2948	8869	1828	5499	1120	3370
1422	Attack	3	2645	7937	1693	5080	952	2857
1427	Attack	3	2948	8869	1651	4967	1297	3902
1430	Attack	0	1295	6478	855	4276	440	2202
1431	Attack	1	1795	7206	1203	4828	592	2378
1434	Neutral	2	3134	9404	1849	5548	1285	3856
1435	Grab	2	2808	8447	1151	3463	1657	4984
1440	Attack	2	2948	8906	1769	5322	1179	3584
1441	Shield	1	1795	7207	763	3063	1032	4144
1443	Attack	2	1662	6652	931	3725	731	2927
1444	Grab	2	835	4179	438	2194	397	1985
1447	Neutral	3	1507	6097	867	3506	640	2591
1450	Neutral	2	880	4400	418	2090	462	2310
1452	Attack	1	3126	9424	1954	5890	1172	3534
1454	Grab	3	2771	8315	1593	4781	1178	3534
1455	Attack	1	1795	7206	1140	4576	655	2630
1456	Shield	3	2946	8860	1090	3278	1856	5582
1460	Shield	3	4483	11209	2174	5436	2309	5773
1463	Neutral	2	3101	9327	2000	6016	1101	3311
1464	Neutral	1	4241	10604	3160	7900	1081	2704
1466	Neutral	2	3396	10238	1528	4607	1868	5631
1467	Grab	1	3163	9536	2278	6866	885	2670
1469	Grab	3	1507	6097	806	3262	701	2835
1470	Attack	1	3126	9424	1766	5325	1360	4099
1471	Attack	2	4360	10900	2834	7085	1526	3815
1472	Shield	2	1814	7259	1007	4029	807	3230
1476	Attack	2	4039	10099	2403	6009	1636	4090
1477	Shield	2	3126	9424	1641	4948	1485	4476
1478	Shield	2	4120	10299	2369	5922	1751	4377
1481	Grab	3	1510	6109	1019	4124	491	1985
1482	Shield	2	1662	6651	848	3392	814	3259
1483	Attack	2	1662	6652	914	3659	748	2993
1484	Attack	3	1585	6412	991	4008	594	2404
1485	Neutral	1	1009	5048	464	2322	545	2726
1487	Neutral	3	2859	8579	1987	5963	872	2616
1488	Attack	2	2954	8887	1861	5599	1093	3288
1491	Attack	2	2925	8800	1521	4576	1404	4224
1492	Grab	2	1659	6639	796	3187	863	3452
1494	Attack	2	1870	7507	1085	4354	785	3153
1495	Attack	2	3021	9090	1843	5545	1178	3545
1497	Shield	3	2859	8579	1673	5019	1186	3560
1498	Attack	2	2896	8711	1984	5967	912	2744
1505	Attack	2	3100	9327	1953	5876	1147	3451
1508	Attack	1	1817	6662	1172	4073	645	2589
1510	Attack	1	1870	7507	1244	4992	626	2515
1511	Grab	2	1748	6995	848	3393	900	3602
1512	Shield	3	2832	8496	977	2931	1855	5565
1513	Neutral	0	4641	11604	3249	8123	1392	3481
1515	Grab	2	3101	9327	1783	5363	1318	3964
1516	Attack	3	2941	8826	1603	4810	1338	4016
1518	Shield	3	2914	8744	1442	4328	1472	4416
1519	Grab	2	3042	9151	1582	4759	1460	4392
1520	Attack	1	3225	9723	2161	6515	1064	3208
1521	Attack	3	4000	10003	2840	7102	1160	2901
1522	Grab	1	3225	9723	1564	4716	1661	5007
1523	Shield	2	3042	9151	1125	3386	1917	5765
1525	Grab	2	4160	10400	1352	3380	2808	7020
1527	Attack	1	1853	7435	1047	4201	806	3234
\.


--
-- Data for Name: series; Type: TABLE DATA; Schema: public; Owner: postgres
--

COPY public.series (series_id, name) FROM stdin;
1	Super Mario Series
2	Super Mario Maker Series
3	Dr. Mario Series
4	Captain Toad: Treasure Tracker Series
5	Luigi's Mansion Series
6	Super Mario Land Series
7	Mario Kart Series
8	Paper Mario Series
9	Super Mario RPG: Legend of the Seven Stars
10	Mario & Luigi Series
11	Mario Bros. Series
12	Wrecking Crew Series
13	Mario Paint Series
14	Mario Golf Series
15	Super Princess Peach
16	Super Mario Strikers Series
17	Mario vs. Donkey Kong Series
18	Mario Party Series
19	Mario + Rabbids Kingdom Battle
20	Mario Tennis Aces
21	Donkey Kong Series
22	Donkey Kong: Barrel Blast
23	Donkey Kong Jungle Beat
24	The Legend of Zelda Series
25	Metroid Series
26	Metroid Prime Series
27	Yoshi Series
28	Kirby Series
29	Kirby's Epic Yarn
30	Star Fox Series
31	Pokemon Series
32	Detective Pikachu
33	EarthBound Series
34	F-Zero Series
35	Ice Climber Series
36	Fire Emblem Series
37	Tokyo Mirage Sessions FE
38	Game & Watch Series
39	Kid Icarus Series
40	WarioWare Series
41	Wario Land Series
42	Metal Gear Solid Series
43	Sonic The Hedgehog Series
44	Pikmin Series
45	R.O.B. Series
46	Animal Crossing Series
47	Mega Man Series
48	Mega Man X Series
49	Mega Man Legends Series
50	Mega Man Battle Network Series
51	Mega Man Star Force Series
52	Mega Man Zero Series
53	Mega Man ZX Series
54	Wii Fit Series
55	Punch-Out!! Series
56	PAC-MAN Series
57	Xenoblade Chronicles Series
58	Duck Hunt Series
59	Wild Gunman
60	Hogan's Alley
61	Street Fighter Series
62	FINAL FANTASY Series
63	Bayonetta Series
64	Splatoon Series
65	Castlevania Series
66	Kid Dracula
67	Wii Music
68	Wii Party Series
69	StreetPass Mii Plaza Series
70	Pilotwings Series
71	Nintendo Land
72	Super Smash Bros. Series
73	Sheriff Series
74	Baseball
75	Tennis
76	Devil World
77	Urban Champion Series
78	Clu Clu Land Series
79	Excitebike Series
80	Balloon Fight Series
81	Mach Rider Series
82	Disk System
83	The Mysterious Murasame Castle
84	Volleyball
85	Famicom Mukashibanashi Series
86	Ice Hockey
87	Famicom Grand Prix II: 3D Hot Rally Series
88	Famicom Wars Series
89	Advance Wars Series
90	Famicom Tantei Club Series
91	Joy Mech Fight
92	Yakuman
93	X
94	Kaeru no Tame ni Kane wa Naru
95	Mole Mania
96	Trade & Battle: Card Hero Series
97	SimCity Series
98	Battle Clash
99	Stunt Race FX
100	Panel de Pon Series
101	Marvelous: Mouhitotsu  Takarajima
102	Sutte Hakkun
103	Hajimari no Mori
104	Teleroboxer
105	Wave Race Series
106	1080 Series
107	Custom Robo Series
108	Sin & Punishment Series
109	Kuru Kuru Kururin Series
110	Napoleon
111	Golden Sun Series
112	Magical Vacation Series
113	Tomato Adventure
114	The Legendary Starfy Series
115	Sennen Kazoku
116	Puzzle Chalien
117	SimTower SP
118	Drill Dozer
119	Calciobit Series
120	Rhythm Heaven Series
121	Cubivore: Survival of the Fittest
122	Eternal Darkness: Sanity's Requiem
123	Giftpia
124	Baten Kaitos Series
125	Chibi-Robo! Series
126	Jam with the Band Series
127	Trace Memory Series
128	Electroplankton Series
129	Brain Age: Train Your Brain in Minutes a Day! Series
130	Big Brain Academy Series
131	Osu! Tatakae! Ouendan Series
132	Elite Beat Agents Series
133	Project Hacker: Kakusei
134	Chosoju Mecha MG
135	Hotel Dusk: Room 215
136	Kurikin Nano Island Story
137	Sujin Taisen: Number Battles Series
138	Slide Adventure MAGKID
139	ASH: Archaic Sealed Heat
140	Make 10: A Journey of Numbers
141	Soma Bringer
142	Fossil Fighters Series
143	Glory of Heracles Series
144	Personal Trainer: Cooking Series
145	Style Savvy Series
146	Art Academy Series
147	Looksley's Line Up
148	Tsukutte Utau: Saru Band
149	Fatal Frame Series
150	Captain Rainbow
151	Disaster: Day of Crisis
152	Excitebots: Trick Racing
153	Takt of Magic
154	Zangeki no Reginleiv
155	And-Kensaku
156	FlingSmash
157	The Last Story
158	Pandora's Tower
159	Nintendogs Series
160	Steel Diver Series
161	Pushmo
162	Sakura Samurai: Art of the Sword
163	Swapnote Series
164	Kiki Trick
165	Dillon's Dead-Heat Breakers
166	Shovel Knight Series
167	Culdcept Series
168	HarmoKnight
169	Fluidity: Spin Cycle
170	Nintendoji
171	Darumeshi Sports Store
172	Rusty's Real Deal Baseball
173	Nintendo Badge Arcade
174	BOXBOY! Series
175	Code Name: S.T.E.A.M.
176	Ever Oasis
177	Sushi Striker: The Way of Sushido
178	The Wonderful 101
179	Rayman Series
180	Snipperclips - Cut it out, together! Series
181	ARMS
182	Galaga Series
183	Bomberman Series
184	Virtua Fighter Series
185	MONSTER HUNTER Series
186	Shantae Series
187	Persona Series
188	Nintendo Labo Series
189	DRAGON QUEST Series
190	Banjo-Kazooie Series
191	DAEMON X MACHINA
192	Tetris Series
193	FATAL FURY Series
194	Art of Fighting Series
195	THE KING OF FIGHTERS Series
196	SAMURAI SHODOWN Series
197	Psycho Soldier
198	Ikari Warriors Series
199	Resident Evil Series
200	ASTRAL CHAIN
201	River City Series
202	Cuphead
203	Warframe
204	Ring Fit Adventure
205	Mana Series
206	OCTOPATH TRAVELER
207	Minecraft Series
208	Bravely Default Series
209	Ghosts 'n Goblins Series
210	Tekken Series
211	Sakuna: Of Rice and Ruin
212	Mario Golf: Super Rush
213	No more Heroes Series
214	KINGDOM HEARTS Series
215	[sic]
216	eBASEBALL: POWER PROS
\.


--
-- Data for Name: spirits; Type: TABLE DATA; Schema: public; Owner: postgres
--

COPY public.spirits (spirits_id, name, category, spirit_battle, series_id) FROM stdin;
1	Mario	Fighter	f	1
2	Builder Mario	Fighter	f	2
3	Mario (Wedding)	Fighter	f	1
4	Luigi	Fighter	f	1
5	Peach	Fighter	f	1
6	Daisy	Fighter	f	1
7	Bowser	Fighter	f	1
8	Dr. Mario	Fighter	f	3
9	Rosalina	Fighter	f	1
10	Bowser Jr.	Fighter	f	1
11	Iggy	Fighter	f	1
12	Wendy	Fighter	f	1
13	Lemmy	Fighter	f	1
14	Roy (Super Mario Bros.)	Fighter	f	1
15	Larry	Fighter	f	1
16	Ludwig	Fighter	f	1
17	Morton	Fighter	f	1
18	Super Mushroom	Support	f	1
19	Fire Flower	Support	f	1
20	Super Star	Support	t	1
21	Metal Mario	Primary	t	1
22	Boo Mario	Support	t	1
23	Rock Mario	Support	t	1
24	Gold Mario	Support	f	1
25	Fox Luigi	Support	t	1
26	Flying Squirrel Toad	Support	t	1
27	Baby Peach	Support	t	1
28	Cat Princess Peach	Primary	f	1
29	Peach (Wedding)	Support	t	1
30	Bowser (Wedding)	Primary	t	1
31	Toad	Primary	t	1
32	Captain Toad	Primary	f	4
33	Toadette	Master	t	4
34	Toadsworth	Support	t	1
35	Waluigi	Primary	t	1
36	Goomba	Primary	t	1
37	Koopa Troopa	Support	t	1
38	Hammer Bro	Primary	t	1
39	Lakitu & Spiny	Primary	t	1
40	Blooper	Primary	t	1
41	Bullet Bill	Primary	t	1
42	Banzai Bill	Primary	f	1
43	Shy Guy	Primary	t	1
44	Pidgit	Support	t	1
45	Birdo	Primary	f	1
46	Mouser	Primary	t	1
47	Wart	Primary	t	1
48	Boo	Primary	t	1
49	King Boo	Primary	f	5
50	Bob-omb	Support	t	1
51	Chain Chomp	Primary	t	1
52	Thwomp	Support	f	1
53	Nipper Plant	Primary	t	1
54	Petey Piranha	Primary	f	1
55	Boom Boom	Primary	t	1
56	Boom Boom & Pom Pom	Primary	f	1
57	Tatanga	Primary	t	6
58	Hothead	Support	t	1
59	Chargin' Chuck	Primary	t	1
60	Wiggler	Support	t	1
61	Kamek	Primary	t	1
62	Mechakoopa	Support	t	1
63	Dry Bowser	Primary	t	1
64	Nabbit	Support	f	1
65	Big Urchin	Primary	t	1
66	King Bob-omb	Primary	t	1
67	Shine Sprite	Support	t	1
68	F.L.U.D.D.	Support	f	1
69	Piantas	Support	t	1
70	Shadow Mario	Primary	t	1
71	Luma	Support	t	1
72	Hungry Luma	Support	t	1
73	Honey Queen	Master	t	1
74	Lubba	Support	t	1
75	Starship Mario	Support	t	1
76	Sprixie Princesses	Support	f	1
77	Plessie	Support	t	1
78	Cappy	Support	t	1
79	Pauline	Support	t	1
80	The Odyssey	Support	t	1
81	Goo-Goo Buggy	Primary	t	7
82	Barrel Train	Support	t	7
83	Bloom Coach	Support	f	7
84	Turbo Yoshi	Support	f	7
85	B Dasher	Support	t	7
86	Standard Kart	Support	t	7
87	Standard Bike	Support	t	7
88	Cheep Charger	Primary	t	7
89	Mach 8	Support	t	7
90	Biddybuggy	Primary	t	7
91	Badwagon	Primary	t	7
92	City Tripper	Support	f	7
93	Master Cycle	Primary	f	7
94	Paper Mario	Primary	f	8
95	Paper Bowser	Primary	t	8
96	Paper Bowser (Paper Mario: Sticker Star)	Primary	f	8
97	Kammy Koopa	Primary	t	8
98	Vivian	Primary	t	8
99	Shadow Queen	Primary	f	8
100	Mr. L	Primary	t	8
101	Dimentio	Primary	t	8
102	Huey	Support	t	8
103	Mallow	Support	t	9
104	Geno	Primary	t	9
105	Prince Peasley	Primary	t	10
106	Fawful	Primary	t	10
107	Princess Shroob	Primary	t	10
108	Starlow	Support	t	10
109	Broque Monsieur	Primary	t	10
110	Dreambert	Primary	t	10
111	Antasma	Support	t	10
112	Papercraft Mario	Primary	f	10
113	Sidestepper	Support	t	11
114	Freezie	Support	t	11
115	Eggplant Man	Primary	t	12
116	Viruses	Support	t	3
117	Flies & Hand	Support	t	13
118	Wanda	Support	t	1
119	Kid	Support	t	14
120	Professor Elvin Gadd	Support	f	5
121	Poltergust 5000	Support	t	5
122	Polterpup	Support	t	5
123	Perry	Support	t	15
124	Waluigi (Super Mario Strikers)	Primary	t	16
125	Petey Piranha (Super Mario Strikers)	Primary	t	16
126	Mini Mario	Primary	f	17
127	Mini Mario & Hammers	Primary	f	17
128	MC Ballyhoo & Big Top	Support	t	18
129	Rabbid Peach	Primary	t	19
130	Rabbid Mario	Primary	t	19
131	Rabbid Kong	Primary	t	19
132	Mario (Mario Tennis Aces)	Support	t	20
133	Luigi (Mario Tennis Aces)	Support	t	20
134	Donkey Kong	Fighter	f	21
135	Diddy Kong	Fighter	f	21
136	King K. Rool	Fighter	f	21
137	Donkey Kong & Lady	Primary	t	21
138	Donkey Kong Jr.	Primary	t	21
139	Stanley	Primary	t	21
140	Cranky Kong	Primary	t	21
141	Funky Kong	Master	t	21
142	Candy Kong	Support	t	21
143	Swanky Kong	Support	t	21
144	Wrinkly Kong	Support	t	21
145	Dixie Kong	Primary	t	21
146	Dixie Kong & Kiddy Kong	Primary	f	21
147	Lanky Kong	Primary	t	21
148	Tiny Kong	Support	t	21
149	Chunky Kong	Primary	t	21
150	Rambi	Primary	t	21
151	Enguarde	Primary	t	21
152	Squawks	Support	t	21
153	Expresso	Support	t	21
154	Winky	Support	t	21
155	Squitter	Support	t	21
156	Rattly	Support	t	21
157	Ellie	Support	t	21
158	Professor Chops	Support	t	21
159	Kritter	Primary	t	21
160	Zinger	Primary	t	21
161	Klaptrap	Primary	t	21
162	Kaptain K. Rool	Primary	t	21
163	Baron K. Roolenstein	Primary	f	21
164	Blast-o-Matic	Support	f	21
165	Tiki Tak Tribe	Primary	t	21
166	Lord Fredrik	Primary	t	21
167	Kip	Primary	t	22
168	Kalypso	Support	t	22
169	Donkey Kong & Bongos	Support	f	23
170	Karate Kong	Primary	t	23
171	Ninja Kong	Primary	t	23
172	Link	Fighter	f	24
173	Zelda	Fighter	f	24
174	Sheik	Fighter	f	24
175	Ganondorf	Fighter	f	24
176	Young Link	Fighter	f	24
177	Toon Link	Fighter	f	24
178	Link (The Legend of Zelda)	Primary	t	24
179	Octorok	Primary	t	24
180	Moblin	Primary	t	24
181	Tektite	Primary	t	24
182	Like Like	Support	t	24
183	Darknut	Primary	t	24
184	Fairy Bottle	Support	t	24
185	Agahnim	Primary	t	24
186	Cucco	Support	t	24
187	Marin	Support	t	24
188	Wind Fish	Support	t	24
189	Young Zelda	Primary	t	24
190	Zelda (Ocarina of Time)	Primary	f	24
191	Ganon	Primary	f	24
192	Saria	Support	t	24
193	Impa (Ocarina of Time)	Primary	t	24
194	Kaepora Gaebora	Support	t	24
195	Malon	Support	t	24
196	Epona	Support	f	24
197	Goron	Support	t	24
198	Darunia	Master	t	24
199	Zora	Support	t	24
200	Ruto	Primary	f	24
201	Great Fairy	Support	t	24
202	Koume & Kotake	Primary	t	24
203	Twinrova	Primary	f	24
204	ReDead	Primary	t	24
205	Skull Kid	Primary	t	24
206	Skull Kid & Majora's Mask	Primary	f	24
207	Deku Link	Primary	t	24
208	Fierce Deity Link	Primary	t	24
209	Majora's Mask	Support	f	24
210	Moon	Support	f	24
211	Tingle	Support	t	24
212	Happy Mask Salesman	Support	t	24
213	Kafei	Support	t	24
214	Postman	Support	t	24
215	Din	Support	t	24
216	Nayru	Support	t	24
217	Ricky	Support	t	24
218	Dimitri (The Legend of Zelda)	Support	t	24
219	Moosh	Support	t	24
220	Ganondorf (Twilight Princess)	Primary	t	24
221	Beast Ganon	Primary	f	24
222	Midna	Primary	t	24
223	Wolf Link & Midna	Primary	f	24
224	Zant	Primary	t	24
225	Agitha	Support	t	24
226	King Bulblin & Lord Bullbo	Primary	t	24
227	Fi	Support	t	24
228	Ghirahim	Primary	t	24
229	The Imprisoned	Primary	t	24
230	Demise	Primary	f	24
231	Loftwing	Support	t	24
232	Groose	Primary	t	24
233	Wall-Merged Link	Primary	t	24
234	Link (A Link Between Worlds)	Primary	f	24
235	Ravio	Support	t	24
236	Hilda (The Legend of Zelda)	Primary	t	24
237	Yuga	Primary	t	24
238	Zelda (Breath of the Wild)	Support	t	24
239	Mipha	Support	t	24
240	Daruk	Primary	t	24
241	Revali	Support	t	24
242	Urbosa	Primary	t	24
243	Calamity Ganon	Primary	t	24
244	Bokoblin	Primary	t	24
245	Guardian	Support	t	24
246	Tetra	Primary	t	24
247	Zelda (The Wind Waker)	Primary	f	24
248	King of Red Lions	Primary	f	24
249	King of Hyrule	Primary	f	24
250	Aryll	Support	t	24
251	Medli	Support	t	24
252	Valoo	Support	t	24
253	Beedle	Master	t	24
254	Fishman	Support	t	24
255	Vaati	Primary	t	24
256	Ezlo	Support	t	24
257	Linebeck	Master	t	24
258	Phantom	Primary	t	24
259	Zelda (Spirit Tracks)	Primary	f	24
260	Alfonzo & Engineer Link	Support	t	24
261	Byrne	Primary	t	24
262	Totem Link	Primary	t	24
263	Madame Couture	Support	t	24
264	Samus	Fighter	f	25
265	Dark Samus	Fighter	f	26
266	Zero Suit Samus	Fighter	f	25
267	Ridley	Fighter	f	25
268	Meta Ridley	Fighter	f	26
269	Gravity Suit	Support	t	25
270	Fusion Suit	Primary	f	25
271	Phazon Suit	Support	f	26
272	Dark Suit	Primary	f	26
273	Light Suit	Primary	f	26
274	Young Samus	Primary	t	25
275	Geemer	Primary	t	25
276	Chozo Statue	Support	t	25
277	Metroid	Support	t	25
278	Mother Brain	Primary	t	25
279	Mother Brain (2nd Form)	Primary	f	25
280	Gunship	Support	f	25
281	Queen Metroid	Primary	t	25
282	Zebesian	Primary	t	25
283	Kraid	Master	t	25
284	Phantoon	Support	t	25
285	X Parasite	Primary	t	25
286	Nightmare	Primary	f	25
287	Mecha Ridley	Primary	t	25
288	Adam Malkovich	Primary	t	25
289	Little Birdie	Support	t	25
290	Diggernaut	Support	t	25
291	Omega Ridley	Primary	t	26
292	Parasite Queen	Support	t	26
293	Kanden	Support	t	26
294	Trace	Primary	t	26
295	Gandrayda	Support	t	26
296	Mech	Primary	f	26
297	Yoshi	Fighter	f	27
298	Yoshi (Yoshi's Crafted World)	Fighter	f	27
299	Baby Mario	Primary	t	27
300	Baby Mario (Superstar Mario)	Primary	f	27
301	Baby Bowser	Primary	t	27
302	Stork	Support	f	27
303	Toadies	Support	t	27
304	Crazee Dayzee	Primary	t	27
305	Tap-Tap	Primary	t	27
306	Bandit	Support	t	27
307	Slugger & Green Glove	Support	t	27
308	Little Mouser	Support	t	27
309	Grim Leecher	Support	t	27
310	Roger the Potted Ghost	Support	t	27
311	Burt the Bashful	Primary	t	27
312	Raphael the Raven	Support	t	27
313	Super Happy Tree	Support	f	27
314	Pak E. Derm	Support	t	27
315	Blargg	Support	t	27
316	Don Bongo	Primary	t	27
317	Hongo	Support	t	27
318	Spirit Who Loves Surprises	Support	t	27
319	Mega Eggdozer	Support	f	27
320	Ukiki	Support	t	27
321	Yarn Yoshi	Primary	t	27
322	Yarn Poochy	Primary	t	27
323	Kirby	Fighter	f	28
324	Meta Knight	Fighter	f	28
325	King Dedede	Fighter	f	28
326	Warp Star	Support	f	28
327	Star Rod	Support	t	28
328	Ultra Sword	Support	f	28
329	Robobot Armor	Support	t	28
330	Halberd	Support	f	28
331	Dragoon	Support	t	28
332	Rick	Support	t	28
333	Kine	Support	t	28
334	Coo	Support	t	28
335	Gooey	Primary	t	28
336	Nago	Primary	t	28
337	Pitch	Support	t	28
338	ChuChu	Support	t	28
339	Whispy Woods	Primary	t	28
340	Kracko	Primary	t	28
341	Nightmare's Power Orb	Primary	t	28
342	Nightmare Wizard	Primary	f	28
343	Dark Matter	Primary	t	28
344	Gryll	Primary	t	28
345	Dyna Blade	Primary	f	28
346	Heavy Lobster	Primary	t	28
347	Marx	Primary	f	28
348	Marx (True Form)	Primary	f	28
349	Moley	Support	t	28
350	Dark Mind	Support	t	28
351	Daroach	Primary	f	28
352	Dark Daroach	Primary	f	28
353	Masked Dedede	Primary	f	28
354	Galacta Knight	Primary	f	28
355	Magolor	Primary	t	28
356	Landia	Primary	t	28
357	Queen Sectonia	Primary	f	28
358	Susie	Support	t	28
359	The Three Mage-Sisters	Support	t	28
360	Waddle Dee	Primary	t	28
361	Bandana Waddle Dee	Primary	f	28
362	Waddle Doo	Primary	t	28
363	Bronto Burt	Support	t	28
364	Poppy Bros. Jr.	Primary	t	28
365	Gordo	Primary	t	28
366	Scarfy	Primary	t	28
367	Angry Scarfy	Primary	f	28
368	Rocky	Support	t	28
369	Wheelie	Support	f	28
370	Bomber	Support	t	28
371	Bugzzy	Support	t	28
372	Bonkers	Primary	t	28
373	Mr. Frosty	Support	t	28
374	Meta-Knights	Primary	t	28
375	Mr. Shine & Mr. Bright	Primary	f	28
376	Plasma Wisp	Support	t	28
377	Tac	Support	t	28
378	Chef Kawasaki	Support	t	28
379	Knuckle Joe	Primary	t	28
380	Prince Fluff	Primary	t	29
381	Elline	Support	t	28
382	Fox McCloud	Fighter	f	30
383	Falco Lombardi	Fighter	f	30
384	Wolf O'Donnell	Fighter	f	30
385	Slippy Toad	Support	t	30
386	Peppy Hare	Master	t	30
387	Krystal	Primary	t	30
388	ROB 64	Support	t	30
389	James McCloud	Primary	t	30
390	Arwing	Support	f	30
391	Great Fox	Support	f	30
392	Landmaster	Support	t	30
393	Walker	Support	f	30
394	Gyrowing	Support	t	30
395	Leon Powalski	Primary	t	30
396	Pigma Dengar	Support	t	30
397	Andrew Oikonny	Primary	t	30
398	Panther Caroso	Primary	t	30
399	Wolfen	Support	t	30
400	Andross	Primary	f	30
401	Andross (Star Fox 64 3D)	Primary	t	30
402	Andross (True Form)	Primary	f	30
403	Aparoid	Support	t	30
404	General Pepper	Support	t	30
405	Tricky	Primary	t	30
406	Dash Bowman	Primary	t	30
407	Pikachu	Fighter	f	31
408	Pikachu Libre	Fighter	f	31
409	Jigglypuff	Fighter	f	31
410	Pichu	Fighter	f	31
411	Mewtwo	Fighter	f	31
412	Pokemon Trainer (Male)	Fighter	f	31
413	Pokemon Trainer (Female)	Fighter	f	31
414	Squirtle	Fighter	f	31
415	Ivysaur	Fighter	f	31
416	Charizard	Fighter	f	31
417	Lucario	Fighter	f	31
418	Greninja	Fighter	f	31
419	Incineroar	Fighter	f	31
420	Venusaur	Primary	t	31
421	Charmander	Primary	t	31
422	Mega Charizard X	Primary	t	31
423	Blastoise	Primary	t	31
424	Metapod	Support	t	31
425	Pidgey	Support	t	31
426	Arbok	Primary	t	31
427	Alolan Raichu	Support	t	31
428	Sandshrew	Support	t	31
429	Clefairy	Primary	t	31
430	Vulpix	Support	t	31
431	Alolan Vulpix	Support	t	31
432	Dugtrio	Support	t	31
433	Meowth	Support	t	31
434	Psyduck	Support	t	31
435	Arcanine	Support	t	31
436	Abra	Support	t	31
437	Machamp	Primary	t	31
438	Geodude	Primary	t	31
439	Rapidash	Primary	t	31
440	Slowpoke	Master	t	31
441	Magneton	Primary	t	31
442	Farfetch'd	Support	t	31
443	Gengar	Support	t	31
444	Electrode	Support	t	31
445	Alolan Exeggutor	Support	t	31
446	Cubone	Primary	t	31
447	Hitmonlee	Primary	t	31
448	Weezing	Support	t	31
449	Chansey	Support	t	31
450	Kangaskhan	Primary	t	31
451	Mega Kangaskhan	Primary	f	31
452	Goldeen	Support	t	31
453	Staryu	Primary	t	31
454	Pinsir	Primary	t	31
455	Tauros	Primary	t	31
456	Gyarados	Support	t	31
457	Lapras	Support	t	31
458	Ditto	Support	t	31
459	Eevee	Primary	t	31
460	Porygon	Primary	t	31
461	Snorlax	Support	t	31
462	Articuno, Zapdos, & Moltres	Primary	t	31
463	Dragonite	Primary	t	31
464	Mega Mewtwo Y	Primary	t	31
465	Mew	Support	t	31
466	Chikorita	Primary	t	31
467	Togepi	Support	f	31
468	Ampharos	Primary	t	31
469	Bellossom	Support	t	31
470	Marill	Support	t	31
471	Sudowoodo	Support	t	31
472	Wooper	Support	t	31
473	Unown	Support	t	31
474	Wobbuffet	Support	t	31
475	Steelix	Primary	t	31
476	Scizor	Primary	f	31
477	Heracross	Primary	t	31
478	Skarmory	Primary	t	31
479	Houndoom	Primary	t	31
480	Smeargle	Primary	t	31
481	Miltank	Support	t	31
482	Raikou, Entei, & Suicune	Primary	t	31
483	Tyranitar	Primary	t	31
484	Lugia	Primary	t	31
485	Ho-Oh	Support	t	31
486	Celebi	Support	t	31
487	Blaziken	Primary	t	31
488	Gardevoir	Support	t	31
489	Shedinja	Support	t	31
490	Flygon	Primary	t	31
491	Milotic	Support	t	31
492	Absol	Primary	t	31
493	Salamence	Primary	t	31
494	Metagross	Primary	t	31
495	Latias & Latios	Support	t	31
496	Kyogre	Primary	t	31
497	Primal Kyogre	Primary	f	31
498	Groudon	Primary	t	31
499	Primal Groudon	Primary	f	31
500	Rayquaza	Primary	t	31
501	Jirachi	Support	f	31
502	Deoxys (Normal Forme)	Primary	t	31
503	Piplup	Support	t	31
504	Garchomp	Primary	t	31
505	Mega Lucario	Primary	t	31
506	Abomasnow	Primary	t	31
507	Rotom	Support	t	31
508	Uxie, Mesprit, & Azelf	Primary	t	31
509	Dialga	Primary	t	31
510	Palkia	Primary	t	31
511	Regigigas	Support	t	31
512	Giratina (Altered Forme)	Primary	t	31
513	Giratina (Origin Forme)	Primary	f	31
514	Cresselia	Primary	t	31
515	Manaphy	Support	t	31
516	Darkrai	Support	t	31
517	Shaymin (Land Forme)	Primary	t	31
518	Shaymin (Sky Forme)	Primary	f	31
519	Arceus	Primary	t	31
520	Victini	Support	t	31
521	Oshawott	Primary	t	31
522	Zoroark	Primary	t	31
523	Chandelure	Support	t	31
524	Hydreigon	Primary	t	31
525	Cobalion, Terrakion, & Virizion	Primary	t	31
526	Tornadus (Incarnate Forme)	Support	t	31
527	Thundurus (Incarnate Forme)	Support	t	31
528	Reshiram	Primary	t	31
529	Zekrom	Primary	t	31
530	Landorus (Therian Forme)	Primary	t	31
531	Kyurem	Support	t	31
532	Kyurem (Black Kyurem)	Primary	f	31
533	Kyurem (White Kyurem)	Primary	f	31
534	Keldeo (Ordinary Form)	Primary	t	31
535	Keldeo (Resolute Form)	Primary	f	31
536	Meloetta (Aria Forme)	Support	t	31
537	Genesect	Primary	t	31
538	Chespin	Primary	t	31
539	Aegislash	Support	t	31
540	Inkay	Support	t	31
541	Dedenne	Support	t	31
542	Xerneas	Primary	t	31
543	Yveltal	Primary	t	31
544	Zygarde (50% Forme)	Primary	t	31
545	Zygarde (Complete Forme)	Primary	f	31
546	Diancie	Primary	t	31
547	Mega Diancie	Primary	f	31
548	Hoopa (Confined)	Primary	t	31
549	Hoopa (Unbound)	Primary	f	31
550	Volcanion	Support	t	31
551	Rowlet	Primary	t	31
552	Bewear	Primary	t	31
553	Pyukumuku	Support	t	31
554	Togedemaru	Primary	t	31
555	Mimikyu	Support	t	31
556	Tapu Koko	Primary	t	31
557	Solgaleo	Primary	t	31
558	Lunala	Primary	t	31
559	Nihilego	Support	t	31
560	Necrozma	Support	t	31
561	Magearna	Support	t	31
562	Detective Pikachu	Support	t	32
563	Ness	Fighter	f	33
564	Lucas	Fighter	f	33
565	Ninten	Primary	t	33
566	Ana	Support	t	33
567	Lloyd	Primary	t	33
568	Teddy	Primary	t	33
569	EVE	Primary	t	33
570	Flying Man	Primary	t	33
571	Starman	Primary	t	33
572	Paula	Primary	t	33
573	Jeff	Support	t	33
574	Poo	Primary	t	33
575	Buzz Buzz	Primary	t	33
576	Ness's Father	Support	t	33
577	Mr. Saturn	Support	f	33
578	Dungeon Man	Support	t	33
579	Ramblin' Evil Mushroom	Support	t	33
580	Master Belch	Primary	t	33
581	Flint	Primary	t	33
582	Hinawa	Support	t	33
583	Boney	Primary	t	33
584	Duster	Primary	t	33
585	Kumatora	Primary	t	33
586	Salsa	Primary	t	33
587	Ultimate Chimera	Support	f	33
588	Absolutely Safe Capsule	Primary	f	33
589	Masked Man	Primary	t	33
590	Claus	Primary	t	33
591	Captain Falcon	Fighter	f	34
592	Dr. Stewart	Master	t	34
593	Pico	Primary	t	34
594	Samurai Goroh	Primary	f	34
595	Jody Summer	Support	t	34
596	Mighty Gazelle	Primary	t	34
597	Baba	Support	t	34
598	Octoman	Primary	t	34
599	Mr. EAD	Support	t	34
600	Bio Rex	Primary	t	34
601	Blood Falcon	Primary	t	34
602	Jack Levin	Primary	t	34
603	Zoda	Primary	t	34
604	Black Shadow	Primary	t	34
605	The Skull	Support	t	34
606	Ice Climbers	Fighter	f	35
607	Condor	Support	t	35
608	Polar Bear	Support	t	35
609	Eggplant	Support	f	35
610	Marth	Fighter	f	36
611	Lucina	Fighter	f	36
612	Roy (Fire Emblem)	Fighter	f	36
613	Chrom	Fighter	f	36
614	Ike (Path of Radiance)	Fighter	f	36
615	Ike (Radiant Dawn)	Fighter	f	36
616	Robin (Male)	Fighter	f	36
617	Robin (Female)	Fighter	f	36
618	Corrin (Male)	Fighter	f	36
619	Corrin (Female)	Fighter	f	36
620	Caeda	Primary	t	36
621	Jagen	Primary	t	36
622	Draug	Primary	t	36
623	Wrys	Support	t	36
624	Bord & Cord & Barst	Primary	t	36
625	Navarre	Support	t	36
626	Merric	Support	t	36
627	Minerva	Primary	t	36
628	Linde	Support	t	36
629	Pegasus Sisters	Primary	t	36
630	Tiki	Primary	t	36
631	Tiki (Naga's Voice)	Primary	f	36
632	Nyna	Support	t	36
633	Camus	Primary	t	36
634	Sirius	Primary	f	36
635	Medeus	Support	t	36
636	Gharnef	Support	t	36
637	Alm & Celica (Young)	Primary	t	36
638	Alm & Celica	Primary	f	36
639	Sigurd	Primary	t	36
640	Deirdre	Support	t	36
641	Seliph	Primary	t	36
642	Leif (Fire Emblem)	Primary	t	36
643	Julius	Primary	t	36
644	Lilina	Primary	t	36
645	Lyn	Primary	t	36
646	Lyn (Blade Lord)	Primary	f	36
647	Eliwood	Primary	t	36
648	Hector (Fire Emblem)	Support	t	36
649	Raven	Primary	t	36
650	Ninian	Support	t	36
651	Karel	Support	t	36
652	Nino	Support	t	36
653	Eirika	Primary	t	36
654	Ephraim	Primary	f	36
655	L'Arachel	Support	t	36
656	Lyon	Primary	t	36
657	Titania	Primary	t	36
658	Soren	Support	t	36
659	Mist	Support	t	36
660	Sothe	Support	t	36
661	Elincia	Primary	t	36
662	Queen Elincia	Primary	f	36
663	Ashnard	Support	t	36
664	Zelgius	Primary	t	36
665	Black Knight	Primary	f	36
666	Micaiah	Primary	f	36
667	Lissa	Support	t	36
668	Lon'qu	Support	t	36
669	Cordelia	Primary	f	36
670	Tharja	Primary	t	36
671	Anna	Master	t	36
672	Gangrel	Primary	t	36
673	Walhart	Support	t	36
674	Owain	Primary	t	36
675	Severa	Primary	t	36
676	Azura	Support	t	36
677	Jakob	Support	t	36
678	Ryoma	Master	t	36
679	Hinoka	Primary	t	36
680	Takumi	Primary	t	36
681	Sakura (Fire Emblem)	Support	t	36
682	Xander	Primary	f	36
683	Camilla	Primary	t	36
684	Leo	Primary	t	36
685	Elise	Support	t	36
686	Garon	Support	t	36
687	Tsubasa Oribe	Primary	t	37
688	Tsubasa Oribe (Carnage Form)	Primary	f	37
689	Mr. Game & Watch	Fighter	f	38
690	Ball	Support	t	38
691	Flagman	Support	t	38
692	Fire	Support	t	38
693	Judge	Support	t	38
694	Manhole	Support	t	38
695	Helmet	Support	f	38
696	Lion	Primary	t	38
697	Parachute	Support	f	38
698	Octopus	Primary	f	38
699	Chef (Game & Watch)	Support	f	38
700	Turtle Bridge	Support	t	38
701	Fire Attack	Primary	t	38
702	Oil Panic	Support	t	38
703	Pit	Fighter	f	39
704	Dark Pit	Fighter	f	39
705	Palutena	Fighter	f	39
706	Pit (Original)	Primary	f	39
707	Centurion	Support	t	39
708	Three Sacred Treasures	Primary	t	39
709	Daybreak	Support	f	39
710	Medusa	Primary	t	39
711	Medusa (Kid Icarus: Uprising)	Primary	f	39
712	Twinbellows	Support	t	39
713	Hewdraw	Primary	t	39
714	Pandora	Primary	t	39
715	Amazon Pandora	Primary	f	39
716	Thanatos	Primary	t	39
717	Hades	Primary	t	39
718	Hades (Final Form)	Primary	f	39
719	Specknose	Primary	t	39
720	Reaper & Reapette	Support	t	39
721	Eggplant Wizard	Support	t	39
722	Pseudo-Palutena	Support	t	39
723	Viridi	Support	t	39
724	Phosphora	Support	f	39
725	Lurchthorn	Primary	t	39
726	Magnus	Primary	t	39
727	Dyntos	Master	t	39
728	Mimicutie	Support	t	39
729	Wario	Fighter	f	40
730	Wario (Overalls)	Fighter	f	41
731	Jimmy T	Primary	f	40
732	Mona	Support	f	40
733	9-Volt & 18-Volt	Support	t	40
734	Dribble & Spitz	Support	t	40
735	Kat & Ana	Master	t	40
736	Dr. Crygor	Primary	t	40
737	Orbulon	Support	t	40
738	Wario-Man	Primary	t	40
739	Ashley	Support	t	40
740	Young Cricket	Support	t	40
741	5-Volt	Primary	t	40
742	5-Volt (Angry)	Primary	f	40
743	Pyoro	Support	t	40
744	Fronks	Support	t	40
745	Captain Syrup	Primary	t	41
746	Princess Shokora	Support	t	41
747	Count Cannoli	Primary	t	41
748	Shake King	Primary	t	41
749	Solid Snake	Fighter	f	42
750	Liquid Snake	Primary	t	42
751	Gray Fox	Primary	t	42
752	Hal Emmerich	Support	t	42
753	Roy Campbell	Support	t	42
754	Meryl Silverburgh	Primary	t	42
755	Mei Ling	Support	t	42
756	Solidus Snake	Primary	t	42
757	Rosemary	Support	t	42
758	Naked Snake	Primary	t	42
759	Big Boss	Primary	f	42
760	The Boss	Primary	t	42
761	EVA	Support	t	42
762	Revolver Ocelot (Metal Gear Solid 3)	Primary	t	42
763	Revolver Ocelot (Metal Gear Solid V)	Primary	f	42
764	Zero (Metal Gear Solid 3)	Support	t	42
765	Raiden	Primary	f	42
766	Kazuhira Miller	Support	t	42
767	Paz Ortega Andrade	Support	t	42
768	Strangelove	Support	t	42
769	Metal Gear REX	Primary	t	42
770	Metal Gear RAY	Primary	t	42
771	Gekko	Support	t	42
772	Metal Gear ZEKE	Primary	t	42
773	Sahelanthropus	Primary	f	42
774	Cardboard Box	Support	f	42
775	Sonic the Hedgehog	Fighter	f	43
776	Dr. Eggman	Primary	t	43
777	Tails	Support	t	43
778	Super Sonic	Primary	t	43
779	Amy	Support	t	43
780	Metal Sonic	Primary	t	43
781	Knuckles	Primary	f	43
782	Chaotix	Primary	t	43
783	Big the Cat	Primary	t	43
784	Gamma	Primary	t	43
785	Chaos	Primary	t	43
786	Chao	Primary	t	43
787	Hero Chao	Primary	f	43
788	Shadow the Hedgehog	Primary	t	43
789	Super Shadow	Primary	f	43
790	Rouge the Bat	Support	t	43
791	Cream & Cheese	Support	t	43
792	Omega	Primary	t	43
793	Blaze the Cat	Support	t	43
794	Jet the Hawk	Support	f	43
795	Silver the Hedgehog	Support	t	43
796	Sonic the Werehog	Support	t	43
797	Infinite	Primary	t	43
798	Olimar	Fighter	f	44
799	Alph	Fighter	f	44
800	Louie	Primary	f	44
801	Charlie	Master	t	44
802	Brittany	Support	t	44
803	Red Pikmin	Support	t	44
804	Blue Pikmin	Support	t	44
805	Yellow Pikmin	Support	t	44
806	White Pikmin	Support	t	44
807	Purple Pikmin	Primary	t	44
808	Winged Pikmin	Support	t	44
809	Rock Pikmin	Primary	t	44
810	Bulborb	Primary	t	44
811	Empress Bulblax	Primary	f	44
812	Emperor Bulblax	Support	t	44
813	Burrowing Snagret	Primary	t	44
814	Plasm Wraith	Primary	f	44
815	Fiery Blowhog	Primary	t	44
816	Smoky Progg	Support	t	44
817	Swooping Snitchbug	Support	t	44
818	Iridescent Glint Beetle	Support	t	44
819	Yellow Wollywog	Support	t	44
820	Peckish Aristocrab	Primary	t	44
821	Mockiwi	Primary	t	44
822	R.O.B.	Fighter	f	45
823	Stack-Up	Support	f	45
824	Gyromite	Support	t	45
825	Villager (Boy)	Fighter	f	46
826	Villager (Girl)	Fighter	f	46
827	Isabelle	Fighter	f	46
828	Tom Nook	Primary	t	46
829	Tom Nook (Nookington's)	Primary	f	46
830	Timmy & Tommy	Master	t	46
831	DJ K.K.	Primary	t	46
832	K.K. Slider	Primary	f	46
833	Resetti	Primary	f	46
834	Don	Primary	t	46
835	Rover	Support	t	46
836	Redd	Support	t	46
837	Gracie	Support	t	46
838	Gulliver	Primary	t	46
839	Pete	Support	f	46
840	Phyllis & Pelly	Support	t	46
841	Copper & Booker	Master	t	46
842	Joan	Support	t	46
843	Katrina	Support	t	46
844	Lloid	Primary	t	46
845	Tortimer	Support	f	46
846	Kapp'n	Support	t	46
847	Kapp'n (Wild World)	Support	t	46
848	Able Sisters	Support	t	46
849	Blathers	Support	t	46
850	Celeste	Support	t	46
851	Harriet	Support	t	46
852	Brewster	Support	t	46
853	Lyle	Support	t	46
854	Kaitlin & Katie	Support	t	46
855	Dr. Shrunk	Support	t	46
856	Frillard	Support	t	46
857	Kicks	Support	t	46
858	Zipper T. Bunny	Primary	t	46
859	Serena	Support	t	46
860	Cyrus & Reese	Support	t	46
861	Leif (Animal Crossing)	Support	t	46
862	Digby	Primary	t	46
863	Lottie	Primary	t	46
864	Mega Man	Fighter	f	47
865	Proto Man	Primary	f	47
866	Bass	Primary	t	47
867	Dr. Light	Support	t	47
868	Roll	Support	t	47
869	Rush	Support	f	47
870	Beat	Support	t	47
871	Auto	Support	t	47
872	Duo	Primary	t	47
873	Dr. Wily	Support	t	47
874	Wily Capsule	Primary	t	47
875	Mettaur	Primary	t	47
876	Cut Man	Primary	t	47
877	Guts Man	Primary	t	47
878	Ice Man	Support	t	47
879	Bomb Man	Support	t	47
880	Fire Man	Primary	t	47
881	Elec Man	Primary	t	47
882	Yellow Devil	Primary	f	47
883	Metal Man	Primary	t	47
884	Air Man	Support	t	47
885	Quick Man	Support	t	47
886	Crash Man	Support	t	47
887	Flash Man	Support	t	47
888	Wood Man	Primary	t	47
889	Hard Man	Support	t	47
890	Top Man	Support	t	47
891	Snake Man	Primary	t	47
892	Spark Man	Support	t	47
893	Shadow Man	Support	t	47
894	Drill Man	Support	f	47
895	Dive Man	Support	t	47
896	Skull Man	Primary	t	47
897	Gravity Man	Master	t	47
898	Napalm Man	Primary	t	47
899	Dark Man 4	Support	t	47
900	Knight Man	Primary	t	47
901	Wind Man	Support	t	47
902	Slash Man	Primary	t	47
903	Sword Man	Support	t	47
904	Galaxy Man	Support	t	47
905	X	Primary	t	48
906	Full Armor X	Primary	f	48
907	Zero (Zero Buster)	Primary	t	48
908	Zero (Z-Saber)	Primary	f	48
909	Axl	Support	t	48
910	Sigma	Primary	t	48
911	MegaMan Volnutt	Primary	t	49
912	Roll Caskett	Support	t	49
913	Tron Bonne	Primary	t	49
914	MegaMan.EXE	Primary	t	50
915	ProtoMan.EXE	Primary	t	50
916	Geo Stelar & Omega-Xis	Primary	t	51
917	Star Force Mega Man	Primary	f	51
918	Mega Man Zero	Primary	t	52
919	Model X	Primary	t	53
920	Model ZX	Primary	f	53
921	Wii Fit Trainer (Female)	Fighter	f	54
922	Wii Fit Trainer (Male)	Fighter	f	54
923	Wii Balance Board	Master	t	54
924	Pet	Primary	f	54
925	Jackknife	Support	t	54
926	Deep Breathing	Support	t	54
927	Sun Salutation	Support	t	54
928	Tree	Support	f	54
929	Dancer	Support	t	54
930	Warrior	Support	f	54
931	Arm & Leg Lift	Support	t	54
932	Little Mac	Fighter	f	55
933	Giga Mac	Primary	t	55
934	Doc Louis	Master	t	55
935	Glass Joe	Primary	t	55
936	Bald Bull	Support	t	55
937	Mr. Sandman	Primary	t	55
938	Bear Hugger	Primary	t	55
939	Great Tiger	Primary	t	55
940	Super Macho Man	Primary	f	55
941	Von Kaiser	Primary	t	55
942	Don Flamenco	Primary	t	55
943	King Hippo	Support	t	55
944	Soda Popinski	Support	t	55
945	Piston Hondo	Support	t	55
946	PAC-MAN	Fighter	f	56
947	Mother Fairy	Support	f	56
948	Ghosts	Primary	t	56
949	TURN-TO-BLUE	Support	t	56
950	Bonus Fruit	Support	t	56
951	Shulk	Fighter	f	57
952	Fiora	Support	t	57
953	Mecha-Fiora	Primary	t	57
954	Reyn	Primary	t	57
955	Sharla	Support	t	57
956	Dunban	Primary	t	57
957	Melia	Primary	t	57
958	Riki (Xenoblade Chronicles)	Master	t	57
959	Mumkhar	Primary	t	57
960	Metal Face	Primary	f	57
961	Elma	Primary	t	57
962	Lin	Support	t	57
963	Lao	Primary	t	57
964	Tatsu	Support	t	57
965	Formula	Support	f	57
966	Rex	Primary	t	57
967	Pyra	Support	t	57
968	Mythra	Support	t	57
969	Nia	Primary	t	57
970	Tora	Primary	t	57
971	Poppi	Support	t	57
972	Morag	Primary	t	57
973	Zeke	Primary	t	57
974	Duck Hunt	Fighter	f	58
975	Wild Gunman	Primary	t	59
976	Gangster, Lady, & Policeman	Support	t	60
977	Ryu	Fighter	f	61
978	Ken	Fighter	f	61
979	E. Honda	Support	f	61
980	Chun-Li (Street Fighter Alpha)	Primary	t	61
981	Chun-Li	Primary	f	61
982	Blanka	Primary	t	61
983	Zangief	Master	t	61
984	Guile	Primary	t	61
985	Dhalsim	Support	f	61
986	Balrog	Support	t	61
987	Vega	Primary	t	61
988	Sagat	Primary	t	61
989	M. Bison	Primary	t	61
990	Cammy	Primary	t	61
991	Fei Long	Support	t	61
992	Dee Jay	Primary	t	61
993	T. Hawk	Primary	t	61
994	Akuma	Primary	t	61
995	Nash	Support	t	61
996	Dan	Primary	t	61
997	Sakura (Street Fighter)	Primary	t	61
998	Gen	Primary	t	61
999	Karin	Primary	t	61
1000	Cody	Primary	t	61
1001	Ibuki	Support	f	61
1002	Yun & Yang	Primary	f	61
1003	Juri	Support	t	61
1004	Cloud	Fighter	f	62
1005	Cloud (Advent Children)	Fighter	f	62
1006	Bayonetta (Bayonetta 2)	Fighter	f	63
1007	Bayonetta (Bayonetta)	Fighter	f	63
1008	Gomorrah	Primary	t	63
1009	Madama Butterfly	Support	t	63
1010	Jeanne	Primary	t	63
1011	Cutie J	Primary	f	63
1012	Rodin	Primary	f	63
1013	Rodin, the Infinite One	Primary	f	63
1014	Luka	Support	t	63
1015	Cereza	Support	t	63
1016	Loki	Support	t	63
1017	Balder	Primary	t	63
1018	Father Balder	Primary	f	63
1019	Masked Lumen	Primary	t	63
1020	Prophet	Primary	t	63
1021	Affinity	Primary	t	63
1022	Inspired	Primary	t	63
1023	Fortitudo	Primary	t	63
1024	Alraune	Support	t	63
1025	Inkling (Girl)	Fighter	f	64
1026	Inkling (Boy)	Fighter	f	64
1027	Inkling Squid	Support	f	64
1028	Judd	Support	f	64
1029	Li'l Judd	Support	t	64
1030	Squid Sisters	Support	t	64
1031	Off the Hook	Support	t	64
1032	Sheldon	Master	t	64
1033	Annie	Support	t	64
1034	Jelonzo	Support	t	64
1035	Crusty Sean	Support	t	64
1036	Spyke	Primary	f	64
1037	Flow	Support	f	64
1038	Jelfonzo	Support	t	64
1039	Bisk	Support	t	64
1040	Murch	Support	t	64
1041	Cap'n Cuttlefish	Master	t	64
1042	Octoling	Primary	t	64
1043	DJ Octavio	Primary	f	64
1044	Octobot King	Primary	f	64
1045	Zapfish	Support	t	64
1046	Great Zapfish	Support	t	64
1047	Octoling Girl & Octoling Boy	Primary	t	64
1048	Octoling Octopus	Support	t	64
1049	Super Sea Snail	Support	f	64
1050	Simon Belmont	Fighter	f	65
1051	Richter Belmont	Fighter	f	65
1052	Trevor C. Belmont	Primary	t	65
1053	Maria Renard	Primary	t	65
1054	Maria Renard (Symphony of the Night)	Primary	f	65
1055	Alucard	Primary	t	65
1056	Reinhardt Schneider	Primary	t	65
1057	Nathan Graves	Primary	t	65
1058	Hugh Baldwin	Primary	t	65
1059	Juste Belmont	Primary	t	65
1060	Yoko Belnades	Support	t	65
1061	Leon Belmont	Primary	t	65
1062	Julius Belmont	Support	t	65
1063	Hector (Castlevania)	Support	t	65
1064	Jonathan Morris	Primary	t	65
1065	Charlotte Aulin	Primary	t	65
1066	Shanoa	Primary	t	65
1067	Gabriel Belmont	Primary	t	65
1068	Medusa Head	Support	t	65
1069	Mummy	Primary	t	65
1070	The Creature & Flea Man	Support	t	65
1071	Death	Support	t	65
1072	Carmilla	Support	t	65
1073	Werewolf	Support	t	65
1074	Shaft	Support	t	65
1075	Dracula	Primary	f	65
1076	Soma Cruz	Primary	f	65
1077	Dracula (2nd Form)	Support	f	65
1078	Kid Dracula	Primary	t	66
1079	Sebastian Tute	Support	t	67
1080	Party Phil	Support	t	68
1081	Dark Emperor	Primary	t	69
1082	Iris Archwell	Primary	t	69
1083	Gold Bone	Primary	t	69
1084	Coraline	Support	t	69
1085	Shinobu	Primary	t	69
1086	Crispin	Support	t	69
1087	Nico Fire	Support	t	69
1088	Plane	Support	f	70
1089	Monita	Support	t	71
1090	Mii Brawler	Fighter	f	72
1091	Mii Swordfighter	Fighter	f	72
1092	Mii Gunner	Fighter	f	72
1093	Sandbag	Support	t	72
1094	Smash Ball	Support	t	72
1095	Master Hand	Primary	f	72
1096	Crazy Hand	Primary	f	72
1097	Giga Bowser	Primary	f	72
1098	Galleom	Primary	f	72
1099	Duon	Primary	t	72
1100	Tabuu	Primary	t	72
1101	Master Giant	Primary	t	72
1102	Master Beast	Primary	t	72
1103	Master Edges	Primary	t	72
1104	Master Core	Primary	f	72
1105	Galeem	Primary	f	72
1106	Dharkon	Primary	f	72
1107	Fighting Alloy Team	Support	t	72
1108	Primid	Primary	t	72
1109	Mite	Support	t	72
1110	Bytans	Primary	t	72
1111	Roturret	Primary	f	72
1112	Shadow Bug	Support	t	72
1113	Subspace Bomb	Support	f	72
1114	Ancient Minister	Primary	t	72
1115	Sheriff	Support	f	73
1116	Pitcher & Batter	Support	t	74
1117	Tennis Player	Support	t	75
1118	Tamagon	Primary	t	76
1119	Devil	Support	t	76
1120	Urban Champion Fighter	Support	t	77
1121	Bubbles	Support	t	78
1122	Unira	Support	t	78
1123	Excitebike	Support	t	79
1124	Balloon Fighter	Support	t	80
1125	Fish	Primary	t	80
1126	Mach Rider	Primary	t	81
1127	Diskun	Support	t	82
1128	Takamaru	Primary	t	83
1129	Volleyball Player	Support	t	84
1130	Donbe & Hikari	Primary	t	85
1131	Donbe & Hikari (Shin Onigashima Kouhen)	Primary	f	85
1132	Hockey Players	Support	t	86
1133	MONSTER	Support	t	87
1134	Tank & Infantry	Support	t	88
1135	Andy	Primary	t	89
1136	Eagle	Primary	t	89
1137	Olaf	Primary	t	89
1138	Ayumi Tachibana	Support	t	90
1139	Goku & Chao	Primary	t	85
1140	Sukapon	Primary	t	91
1141	Yakuman Player	Support	t	92
1142	Commander	Support	t	93
1143	Frog & Snake	Primary	t	94
1144	Prince of Sable	Primary	f	94
1145	Prince Richard	Primary	t	94
1146	Muddy Mole	Support	t	95
1147	Maruhige Shop Owner	Support	t	96
1148	Satoru	Primary	t	96
1149	Dr. Wright	Support	t	97
1150	ST Falcon	Primary	t	98
1151	F-Type	Support	t	99
1152	Tractor Trailer	Support	t	99
1153	Lip	Support	t	100
1154	Dion, Max, & Jack	Primary	t	101
1155	Hakkun	Support	t	102
1156	Girl from Hajimari no Mori	Support	t	103
1157	Harry	Primary	t	104
1158	Ryota Hayami	Support	t	105
1159	Akari Hayami	Support	t	106
1160	Ray Mk II	Primary	t	107
1161	Ray Mk III	Primary	f	107
1162	Flare	Primary	t	107
1163	Bayonette	Support	t	107
1164	Saki Amamiya	Primary	t	108
1165	Isa Jo	Support	t	108
1166	Helirin	Support	f	109
1167	Alessandro Inzaghi	Support	t	110
1168	Isaac	Primary	t	111
1169	Isaac (Dark Dawn)	Primary	f	111
1170	Garet	Primary	t	111
1171	Ivan	Support	t	111
1172	Mia	Primary	t	111
1173	Felix	Primary	t	111
1174	Jenna	Support	t	111
1175	Matthew	Primary	t	111
1176	Magical Vacation Protagonists	Primary	t	112
1177	Putty	Support	t	112
1178	Mokka	Primary	t	112
1179	DeMille	Primary	t	113
1180	Tomatrio	Support	t	113
1181	Starfy	Primary	f	114
1182	Starly	Primary	t	114
1183	Moe	Primary	t	114
1184	Old Man Lobber	Support	t	114
1185	Mermaid	Support	t	114
1186	Mattel	Support	t	114
1187	Cupid	Support	t	115
1188	Li'l Blue	Support	t	116
1189	Yama	Support	t	117
1190	Jill & the Drill Dozer	Support	f	118
1191	Pocket Football Player	Support	t	119
1192	Karate Joe	Primary	t	120
1193	The Wandering Samurai	Primary	f	120
1194	Wandering Samurai (Rhythm Heaven Fever)	Primary	f	120
1195	Sick Beats Doctor	Support	t	120
1196	The Chorus Kids	Primary	t	120
1197	Munchy Monk	Primary	t	120
1198	Reporter & Wrestler	Primary	t	120
1199	Baxter & Forthington	Support	t	120
1200	Sumo Brothers	Primary	t	120
1201	Pig	Support	t	121
1202	Alexandra Roivas	Primary	t	122
1203	Mappo	Primary	t	123
1204	Sagi	Primary	t	124
1205	Milly	Primary	t	124
1206	Chibi-Robo	Primary	t	125
1207	Super Chibi-Robo	Primary	f	125
1208	Telly	Support	t	125
1209	Drake Redcrest	Primary	t	125
1210	Chibi-Tot	Primary	t	125
1211	Barbara the Bat	Primary	f	126
1212	Ashley Robbins	Support	t	127
1213	Hanenbow	Support	f	128
1214	Dr. Kawashima	Primary	t	129
1215	Dr. Kawashima (Concentration Training)	Primary	f	129
1216	Dr. Lobe	Support	t	130
1217	Ouendan	Support	t	131
1218	Ouendan Cheerleaders	Support	t	131
1219	Elite Beat Agents	Support	t	132
1220	Elite Beat Divas	Support	t	132
1221	Satoru Amatsubo	Support	t	133
1222	Warrior Mech Gauss	Primary	t	134
1223	Kyle Hyde	Primary	t	135
1224	Kurikin	Primary	t	136
1225	Hsien	Support	t	137
1226	Magkid	Support	t	138
1227	Aisya	Primary	t	139
1228	Num Diddly	Support	t	140
1229	Idea	Support	t	141
1230	Welt	Primary	t	141
1231	T-Rex	Primary	t	142
1232	Nibbles	Primary	t	142
1233	Glory of Heracles Hero	Primary	t	143
1234	Heracles	Primary	t	143
1235	Chef (Personal Trainer: Cooking)	Support	t	144
1236	Shop Assistant	Support	t	145
1237	Vince	Support	t	146
1238	Looksley	Support	t	147
1239	Prince Saruno	Support	t	148
1240	Mio & Mayu Amakura	Support	t	149
1241	Yuri Kozukata	Support	t	149
1242	Nick	Primary	t	150
1243	Captain Rainbow	Primary	f	150
1244	Raymond Bryce	Primary	t	151
1245	Beetle	Support	f	152
1246	Orville	Primary	t	153
1247	Frey & Freya	Primary	t	154
1248	Ando Kensaku	Support	t	155
1249	Zip	Support	t	156
1250	Zael	Primary	t	157
1251	Calista	Primary	t	157
1252	Aeron	Primary	t	158
1253	Elena	Support	t	158
1254	Toy Poodle	Support	t	159
1255	French Bulldog	Support	t	159
1256	Labrador Retriever	Support	f	159
1257	BlueShark	Support	f	160
1258	Mallo	Primary	t	161
1259	Sakura Samurai	Primary	t	162
1260	Nikki	Support	t	163
1261	Noise	Support	t	164
1262	Dillon	Primary	t	165
1263	Russ	Support	t	165
1264	Shovel Knight	Primary	f	166
1265	Shield Knight	Support	f	166
1266	Plague Knight	Support	t	166
1267	King Knight	Primary	t	166
1268	Specter Knight	Primary	t	166
1269	Culdra	Support	t	167
1270	Goligan	Support	f	167
1271	Allen	Primary	t	167
1272	Tempo	Primary	t	168
1273	Eddy	Support	t	169
1274	Kageshina Kurabe	Primary	t	170
1275	Inuji Darumeshi	Support	t	171
1276	Rusty Slugger	Support	t	172
1277	Arcade Bunny	Support	t	173
1278	Qbby	Support	t	174
1279	Henry Fleming	Support	t	175
1280	Tethu	Primary	t	176
1281	Esna	Support	t	176
1282	Musashi	Primary	t	177
1283	Wonder-Red	Primary	f	178
1284	Wonder-Blue	Primary	t	178
1285	Rayman	Primary	t	179
1286	Clip & Snip	Support	t	180
1287	Spring Man	Primary	t	181
1288	Ribbon Girl	Primary	t	181
1289	Min Min	Primary	t	181
1290	Twintelle	Support	t	181
1291	Ninjara	Support	t	181
1292	Boss Galaga	Support	t	182
1293	Bomberman	Primary	t	183
1294	Akira	Primary	t	184
1295	Rathalos	Support	f	185
1296	Shantae	Primary	t	186
1297	Risky Boots	Support	t	186
1298	Partner Pikachu	Support	t	31
1299	Partner Eevee	Support	t	31
1300	Dice Block	Support	t	1
1301	River Survival	Support	t	1
1302	Golden Dash Mushroom	Support	t	1
1303	Piranha Plant	Fighter	f	1
1304	Joker (Phantom Thief)	Fighter	f	187
1305	Joker (Student)	Fighter	f	187
1306	Phantom Thieves of Hearts	Support	t	187
1307	Igor	Support	t	187
1308	Caroline & Justine	Support	t	187
1309	Morgana	Primary	t	187
1310	Ryuji Sakamoto	Primary	t	187
1311	Ann Takamaki	Primary	t	187
1312	Yusuke Kitagawa	Primary	t	187
1313	Makoto Niijima	Support	t	187
1314	Futaba Sakura	Support	t	187
1315	Haru Okumura	Primary	t	187
1316	Goro Akechi	Support	t	187
1317	Toy-Con Robot	Primary	t	188
1318	Toy-Con Car	Support	t	188
1319	Professor Riggs & Plaise & Lerna	Support	t	188
1320	Toy-Con VR Goggles	Support	t	188
1321	Peachette	Primary	t	1
1322	Link (Link's Awakening)	Primary	t	24
1323	Owl	Support	t	24
1324	Hero (DRAGON QUEST XI S)	Fighter	f	189
1325	Hero (DRAGON QUEST III)	Fighter	f	189
1326	Hero (DRAGON QUEST IV)	Fighter	f	189
1327	Hero (DRAGON QUEST VIII)	Fighter	f	189
1328	Hero's Comrades	Support	t	189
1329	Cetacea	Support	t	189
1330	Slime (Dragon Quest)	Primary	t	189
1331	King Slime	Primary	f	189
1332	Dracky	Support	t	189
1333	Golem	Primary	t	189
1334	Great Sabrecub	Primary	t	189
1335	Great Sabrecat	Primary	f	189
1336	Liquid Metal Slime	Support	t	189
1337	Banjo & Kazooie	Fighter	f	190
1338	Tooty	Support	t	190
1339	Bottles	Primary	t	190
1340	Mumbo Jumbo	Primary	t	190
1341	Jinjos	Primary	t	190
1342	The Mighty Jinjonator	Primary	f	190
1343	Jiggy	Support	t	190
1344	Gruntilda	Support	t	190
1345	Buzzbomb	Support	t	190
1346	Tockles	Support	t	189
1347	Radiant Gleam	Primary	t	191
1348	Kloster (Grief)	Support	t	191
1349	Bullet Walker (Brigadier General)	Primary	t	191
1350	High Line (Guns Empress)	Support	t	191
1351	I-Tetrimino	Primary	t	192
1352	T-Tetrimino	Support	t	192
1353	S-Tetrimino & Z-Tetrimino	Primary	t	192
1354	L-Tetrimino & J-Tetrimino	Support	t	192
1355	O-Tetrimino	Primary	t	192
1356	Terry Bogard	Fighter	f	193
1357	Andy Bogard	Support	t	193
1358	Joe Higashi	Primary	t	193
1359	Kim Kaphwan	Support	t	193
1360	Geese Howard	Support	t	193
1361	Ryo Sakazaki	Primary	t	194
1362	Kyo Kusanagi	Primary	t	195
1363	Iori Yagami	Primary	t	195
1364	Haohmaru	Primary	t	196
1365	Nakoruru	Support	t	196
1366	Athena Asamiya	Support	t	197
1367	Ralf & Clark	Primary	t	198
1368	Zacian & Zamazenta	Primary	t	31
1369	Grookey, Scorbunny, & Sobble	Primary	t	31
1370	Corviknight	Support	t	31
1371	Morpeko	Support	t	31
1372	Wesker	Primary	t	199
1373	Leon	Primary	t	199
1374	Chris	Primary	t	199
1375	Jill	Support	t	199
1376	ASTRAL CHAIN Hero (Female)	Primary	t	200
1377	ASTRAL CHAIN Hero (Male)	Primary	t	200
1378	Kyle	Support	t	200
1379	Lappy	Support	t	200
1380	Byleth (Male)	Fighter	f	36
1381	Byleth (Female)	Fighter	f	36
1382	Edelgard	Primary	t	36
1383	Edelgard - Five Years Later	Primary	f	36
1384	Dimitri (Fire Emblem)	Primary	t	36
1385	Dimitri - Five Years Later (Fire Emblem)	Primary	f	36
1386	Claude	Primary	t	36
1387	Claude - Five Years Later	Primary	f	36
1388	Sothis	Support	t	36
1389	Rhea	Primary	t	36
1390	Seteth	Support	t	36
1391	Dorothea	Support	t	36
1392	Ingrid	Support	t	36
1393	Hilda (Fire Emblem)	Support	t	36
1394	Kunio	Primary	t	201
1395	Riki (River City)	Primary	t	201
1396	Goda	Support	t	201
1397	Ryuichi & Ryuji	Primary	t	201
1398	Cuphead	Primary	t	202
1399	Mugman	Primary	t	202
1400	The Devil (Cuphead)	Support	t	202
1401	King Dice	Support	t	202
1402	Lotus	Primary	t	203
1403	Natah	Primary	f	203
1404	Ring Fit Trainees	Primary	t	204
1405	Dragaux	Primary	t	204
1406	Ring	Support	t	204
1407	Orville & Wilbur	Support	t	46
1408	C.J.	Support	t	46
1409	Flick	Primary	t	46
1410	Daisy Mae	Support	t	46
1411	Duran & Angela	Support	t	205
1412	Kevin & Charlotte	Support	t	205
1413	Hawkeye & Riesz	Support	t	205
1414	Min Min (Fighter)	Fighter	f	181
1415	Master Mummy	Primary	t	181
1416	Mechanica	Support	t	181
1417	Byte & Barq	Primary	t	181
1418	Kid Cobra	Primary	t	181
1419	Helix	Support	t	181
1420	Max Brass	Support	t	181
1421	Alfyn & Therion	Support	t	206
1422	Tressa & Cyrus	Primary	t	206
1423	H'aanit & Ophilia	Support	t	206
1424	Olberic & Primrose	Support	t	206
1425	Peach (Paper Mario: The Origami King)	Support	t	8
1426	Olivia	Support	t	8
1427	King Olly	Primary	t	8
1428	Steve	Fighter	f	207
1429	Alex	Fighter	f	207
1430	Zombie	Primary	t	207
1431	Creeper	Primary	t	207
1432	Skeleton	Support	t	207
1433	Slime (Minecraft)	Support	t	207
1434	Enderman	Primary	t	207
1435	Villager & Iron Golem	Primary	t	207
1436	Ghast	Support	t	207
1437	Piglin	Support	t	207
1438	Ender Dragon	Support	t	207
1439	Sephiroth	Fighter	f	62
1440	Tifa	Primary	t	62
1441	Barret	Primary	t	62
1442	Aerith	Support	t	62
1443	Red XIII	Primary	t	62
1444	Cid	Primary	t	62
1445	Cait Sith	Support	t	62
1446	Yuffie	Support	t	62
1447	Vincent	Primary	t	62
1448	The Turks & Rufus Shinra	Support	t	62
1449	Bahamut ZERO	Support	t	62
1450	Chocobo & Moogle	Primary	t	62
1451	Shiva	Support	t	62
1452	Ifrit	Primary	t	62
1453	Diminutive Guardian	Support	t	24
1454	Impa (Age of Calamity)	Primary	t	24
1455	Master Kohga	Primary	t	24
1456	Seth & Gloria	Primary	t	208
1457	Elvis & Adelle	Support	t	208
1458	Pyra (Fighter)	Fighter	f	57
1459	Mythra (Fighter)	Fighter	f	57
1460	Rex (Master Driver)	Primary	f	57
1461	Lora	Support	t	57
1462	Amalthus	Support	t	57
1463	Jin	Primary	t	57
1464	Malos	Primary	t	57
1465	Pneuma	Support	t	57
1466	Sophia	Primary	t	187
1467	Arthur	Primary	t	209
1468	Palico	Support	t	185
1469	Palamute	Primary	t	185
1470	Magnamalo	Primary	t	185
1471	Fury Bowser	Primary	t	1
1472	Giga Cat Mario	Primary	t	1
1473	Kittens	Support	t	1
1474	Kazuya Mishima	Fighter	f	210
1475	Kazuya Mishima (Coat)	Fighter	f	210
1476	Heihachi Mishima	Primary	t	210
1477	Jin Kazama	Primary	t	210
1478	Devil Jin	Primary	f	210
1479	Kuma & Panda	Support	t	210
1480	Nina Williams	Support	t	210
1481	King & Armor King	Primary	t	210
1482	Ling Xiaoyu	Primary	t	210
1483	Paul Phoenix & Marshall Law	Primary	t	210
1484	Yoshimitsu	Primary	t	210
1485	Jack-7	Primary	t	210
1486	Asuka Kazama	Support	t	210
1487	Razewing Ratha	Primary	t	185
1488	Sakuna	Primary	t	211
1489	Kokorowa	Support	t	211
1490	Tama	Support	t	211
1491	Mario (Mario Golf: Super Rush)	Primary	t	212
1492	Luigi (Mario Golf: Super Rush)	Primary	t	212
1493	Peach (Mario Golf: Super Rush)	Support	t	212
1494	Travis Touchdown	Primary	t	213
1495	Full-Armor Travis (Full Green Mode)	Primary	f	213
1496	FU (Jess-Baptiste VI)	Support	t	213
1497	Samus (Metroid Dread)	Primary	t	25
1498	E.M.M.I.	Primary	t	25
1499	Chozo Soldier	Support	t	25
1500	Sora	Fighter	f	214
1501	Sora (KINGDOM HEARTS II)	Fighter	f	214
1502	Sora (KINGDOM HEARTS 3D [Dream Drop Distance])	Fighter	f	214
1503	Sora (KINGDOM HEARTS III)	Fighter	f	214
1504	Sora (Timeless River)	Fighter	f	214
1505	Riku	Primary	t	214
1506	Kairi	Support	t	214
1507	Roxas	Support	t	214
1508	Axel	Primary	t	214
1509	Xion	Support	t	214
1510	Terra	Primary	t	214
1511	Ventus	Primary	t	214
1512	Aqua	Primary	t	214
1513	Evil Ryu	Primary	t	61
1514	Rauru	Support	t	24
1515	Deep Cut	Primary	t	64
1516	Noah & Mio	Primary	t	215
1517	Oatchi	Support	t	44
1518	The 13 Sentinel Pilots	Primary	t	215
1519	Power Pro-Kun, Aoi Hayakawa, & Mamoru Ikari	Primary	t	216
1520	Zagreus	Primary	t	215
1521	Koraidon & Miraidon	Primary	t	31
1522	Ogerpon	Primary	t	31
1523	Terapagos	Primary	t	31
1524	Sprigatito, Fuecoco, & Quaxly	Support	t	31
1525	Peach & Stella	Primary	t	1
1526	Elephant Mario	Support	t	1
1527	Swordfighter Peach	Primary	t	1
1528	Wonder Flower & Talking Flower	Support	t	1
\.


--
-- Data for Name: spirits_obtain; Type: TABLE DATA; Schema: public; Owner: postgres
--

COPY public.spirits_obtain (spirits_id, method_id) FROM stdin;
3	5
3	7
18	3
19	3
20	1
20	2
21	1
22	1
23	1
23	2
24	4
25	1
26	1
27	1
28	4
29	1
29	2
29	7
30	1
30	2
30	7
31	1
31	7
32	6
33	2
34	1
35	1
35	7
36	1
36	2
36	7
37	1
37	7
38	1
39	1
39	2
40	1
40	2
41	1
41	2
42	6
43	1
43	2
44	1
44	2
45	4
46	1
46	2
47	1
47	2
48	1
48	2
48	7
49	6
50	1
50	3
51	1
51	3
52	4
53	1
53	3
54	6
55	1
55	2
56	6
57	1
58	1
59	1
59	2
60	1
60	2
61	1
61	2
62	1
62	2
63	1
63	2
64	4
65	1
65	3
66	1
66	4
67	1
67	2
68	3
69	1
69	5
70	1
70	4
71	1
71	2
72	1
73	2
74	1
75	1
75	2
76	4
77	1
77	2
78	1
78	4
79	1
79	2
80	1
80	2
81	1
81	5
82	1
82	2
83	3
84	3
85	1
86	1
87	1
88	1
89	1
89	3
90	1
91	1
91	3
92	3
93	4
94	4
95	1
96	6
97	1
97	2
98	1
99	4
100	1
100	2
101	1
102	1
102	3
103	2
103	4
104	2
104	4
105	1
105	2
106	1
107	1
108	1
108	2
109	1
110	1
110	2
111	1
111	3
112	3
113	1
113	2
114	1
114	2
115	1
116	1
116	2
117	1
117	3
118	1
119	1
119	2
120	4
121	1
122	1
123	1
123	2
124	1
125	1
126	3
127	6
128	1
129	1
130	1
130	2
131	1
131	2
132	1
132	2
133	1
137	1
138	1
138	2
139	1
140	2
140	4
141	2
142	1
142	2
143	1
144	1
144	2
145	1
145	4
146	6
147	1
148	1
148	2
149	1
150	1
150	2
151	1
151	2
152	1
152	2
153	1
153	2
154	1
155	1
155	2
156	1
157	1
157	2
158	1
158	2
159	1
159	2
160	1
160	2
161	1
161	5
162	1
162	2
163	4
164	3
165	1
165	2
166	1
167	1
167	3
168	1
168	2
169	3
170	1
170	3
171	1
178	1
178	2
179	1
180	1
180	2
181	1
182	1
183	1
183	2
184	1
184	3
185	1
185	2
186	1
186	3
187	1
187	2
188	1
188	3
189	1
190	6
191	2
192	1
192	2
193	1
193	2
194	1
194	2
195	1
195	2
196	4
197	1
198	2
199	1
199	2
200	4
201	1
201	2
202	1
202	4
203	6
204	1
204	2
205	1
205	2
206	6
207	1
207	2
208	2
208	4
209	3
210	4
211	2
211	4
212	1
212	2
213	1
214	1
215	1
215	3
216	1
216	2
217	1
217	2
218	1
219	1
219	2
220	1
220	2
221	6
222	1
222	2
222	7
223	6
224	1
224	2
225	1
225	5
226	1
226	2
227	2
227	4
228	1
228	2
229	1
229	2
230	4
231	1
232	1
233	1
233	2
234	6
235	1
236	1
236	2
237	2
237	4
238	1
238	2
239	1
239	2
239	7
240	1
240	2
240	7
241	1
241	2
241	7
242	1
242	2
242	7
243	1
243	2
244	1
244	2
244	7
245	1
245	2
245	7
246	1
246	2
247	6
248	3
249	6
250	1
250	5
251	1
251	2
252	1
252	2
253	2
254	1
254	2
255	1
255	2
256	1
256	3
257	2
258	1
258	2
259	6
260	1
260	2
261	1
262	1
263	1
268	5
269	1
269	2
270	4
271	3
272	3
273	6
274	1
274	2
275	1
276	1
276	2
277	1
277	2
277	7
278	1
278	2
279	6
280	3
281	1
282	1
282	2
283	2
284	1
285	1
285	3
286	6
287	1
288	1
288	2
289	1
289	2
290	1
290	2
291	1
291	2
292	1
292	2
293	1
294	1
294	2
295	1
296	3
299	1
299	2
300	6
301	1
302	3
303	1
304	1
305	1
306	1
307	1
308	1
309	1
309	2
310	2
310	4
311	1
312	1
312	2
313	4
314	2
314	4
315	1
316	1
316	2
317	1
318	1
318	2
319	3
320	1
321	1
321	2
322	1
322	2
322	7
326	3
327	1
327	2
328	3
329	1
329	3
330	3
331	1
331	5
332	1
332	2
333	1
334	1
335	1
336	1
336	2
337	1
337	3
338	1
338	2
339	1
339	2
340	1
340	2
341	1
342	6
343	1
343	2
344	1
344	2
345	4
346	1
347	2
348	6
349	1
349	2
350	1
350	2
351	4
352	6
353	4
354	4
355	1
355	2
356	2
356	4
357	4
358	1
358	2
359	1
359	2
360	1
360	2
360	7
361	6
362	1
362	2
363	1
363	2
364	1
364	2
365	1
366	1
366	2
367	6
368	1
369	3
370	1
371	1
371	2
372	1
373	1
373	2
374	1
374	2
375	4
376	1
377	1
377	2
378	1
378	2
379	1
379	2
380	1
381	2
381	4
385	2
385	4
386	2
387	1
387	2
388	1
388	2
389	1
389	2
390	3
391	4
392	1
392	2
393	3
394	1
394	2
395	1
396	1
396	2
397	1
398	1
398	2
399	1
399	2
400	4
401	1
401	2
402	6
403	1
403	2
404	2
404	4
405	1
405	2
406	1
420	1
420	2
421	1
422	1
423	1
424	1
425	1
425	3
426	1
427	1
428	1
429	1
430	1
431	1
432	1
433	1
434	1
434	2
435	1
436	1
437	1
438	1
438	2
439	1
440	2
441	1
442	1
442	2
443	1
443	2
444	1
445	1
445	2
446	1
447	1
448	1
448	2
449	1
450	1
451	6
452	1
452	3
453	1
454	1
454	3
455	1
455	2
456	1
456	2
457	1
457	2
458	1
459	1
459	2
460	1
460	2
461	1
461	2
462	1
463	1
463	2
464	1
464	2
465	1
465	5
466	1
467	4
468	1
468	2
469	1
470	1
471	1
472	1
473	1
474	1
475	1
476	4
477	1
477	2
478	1
479	1
479	2
480	1
481	1
481	2
482	1
482	2
483	1
483	2
484	1
484	5
485	2
485	4
486	1
486	2
487	1
488	1
489	1
489	2
490	1
490	2
491	1
492	1
492	2
493	1
493	2
494	1
494	2
495	1
495	2
496	1
497	6
498	1
498	2
499	6
500	1
501	4
502	1
503	1
504	1
504	2
505	1
506	1
507	1
507	2
508	1
508	2
509	1
510	1
511	1
511	2
512	1
513	6
514	1
515	1
515	5
516	1
516	2
517	1
518	6
519	1
519	2
520	1
520	2
521	1
522	1
523	1
524	1
524	2
525	1
525	2
526	1
527	1
528	1
529	1
530	1
531	1
532	4
533	4
534	1
535	6
536	1
537	1
537	3
538	1
538	2
539	1
539	3
540	1
541	1
541	2
542	1
542	2
543	1
544	1
545	6
546	1
547	6
548	1
549	6
550	1
550	2
551	1
552	1
552	2
553	1
554	1
555	1
555	2
556	1
556	2
557	1
557	2
558	1
558	2
559	1
559	2
560	1
561	1
561	3
562	1
562	2
562	7
565	1
566	1
566	2
567	1
567	2
568	1
568	2
569	1
569	2
570	2
570	4
571	1
571	2
572	1
573	1
573	2
574	1
574	2
575	1
575	2
576	1
576	3
577	4
578	1
578	2
579	1
579	2
580	1
580	2
581	1
582	1
582	2
583	1
584	1
584	2
585	1
586	1
587	4
588	4
589	1
589	5
590	1
590	2
592	2
593	1
593	2
594	4
595	1
595	2
596	1
596	2
597	1
598	1
599	1
600	1
600	2
601	1
602	1
602	2
603	1
603	3
604	1
605	1
605	3
607	1
607	2
608	2
608	4
609	3
614	5
620	1
620	2
621	1
622	1
622	2
623	1
623	3
624	1
624	2
625	1
625	2
626	1
626	2
627	1
627	3
628	1
629	2
629	4
630	2
630	4
630	7
631	6
632	1
632	2
633	1
633	2
634	6
635	1
635	2
636	1
637	1
637	2
637	7
638	6
639	1
640	1
641	1
641	2
642	1
642	2
643	1
644	1
644	2
645	1
646	6
647	1
648	1
648	4
649	1
650	1
650	3
651	1
652	1
653	1
654	4
655	1
656	1
656	2
657	1
658	1
658	2
659	1
659	2
660	1
660	2
661	1
661	2
662	6
663	1
663	2
664	1
665	6
666	4
667	1
667	2
668	1
668	2
669	4
670	1
670	2
671	2
672	1
673	1
673	2
674	1
675	1
676	1
676	2
677	1
677	2
678	2
679	1
679	3
680	1
680	2
681	1
681	2
682	4
683	1
683	2
684	1
685	1
685	2
686	1
686	2
687	1
687	2
688	6
690	1
690	2
691	1
691	5
692	1
692	3
693	1
693	2
694	1
694	3
695	3
696	1
696	5
697	3
698	4
699	4
700	1
700	3
701	1
702	1
702	2
706	4
707	1
707	2
708	1
708	2
709	5
710	1
710	2
711	6
712	2
712	4
713	2
713	4
714	1
714	2
715	6
716	1
716	2
717	1
718	6
719	1
720	2
720	4
721	2
721	4
722	1
723	2
723	4
724	4
725	1
726	1
726	2
727	2
728	1
728	2
731	4
732	4
733	1
733	2
734	1
735	2
736	1
736	2
737	1
737	2
738	1
739	2
739	4
740	1
741	1
742	6
743	1
743	2
744	1
745	1
746	1
747	1
748	1
750	1
751	2
751	4
752	1
752	2
753	1
753	2
754	1
755	1
756	1
757	1
758	1
758	2
759	6
760	1
760	2
761	1
762	1
762	2
763	6
764	1
764	5
765	4
766	1
767	1
768	1
768	2
769	2
769	4
770	1
770	2
771	1
771	3
772	1
772	3
773	6
774	2
774	3
776	2
776	4
777	1
777	2
777	4
778	1
779	1
779	2
780	1
780	2
781	4
782	1
782	2
783	1
784	1
785	1
785	2
786	1
786	2
787	6
788	1
789	6
790	1
790	2
791	1
791	2
792	1
793	1
793	2
794	4
795	1
795	2
796	1
796	4
797	1
797	2
800	4
801	2
802	1
802	2
803	1
803	2
803	7
804	1
804	7
805	1
805	2
805	7
806	1
806	3
807	1
807	2
808	1
808	2
808	7
809	1
809	7
810	1
810	2
811	6
812	1
812	2
813	1
813	4
814	4
815	1
816	1
816	2
817	1
817	2
818	1
818	2
819	1
819	2
820	1
821	1
823	3
824	1
828	1
828	4
828	7
829	6
830	2
830	7
831	1
831	4
831	7
832	6
833	4
833	7
834	1
834	2
835	1
835	2
835	7
836	1
836	2
837	1
838	1
839	4
840	1
840	4
841	2
842	1
842	2
843	1
843	2
844	1
844	2
845	4
846	1
846	2
846	7
847	1
847	2
848	1
848	7
849	1
849	4
849	7
850	1
850	2
850	7
851	1
851	2
852	1
852	2
853	1
854	1
854	2
855	1
856	1
857	1
857	7
858	1
859	1
860	1
860	2
860	7
861	1
861	2
862	1
862	2
862	7
863	1
863	7
865	4
866	1
867	1
867	2
868	1
869	4
870	1
870	3
871	1
871	2
872	1
873	1
873	2
874	1
874	3
875	1
875	2
876	1
877	1
877	2
878	1
879	1
879	2
880	1
881	1
881	2
882	4
883	1
884	1
885	1
885	2
886	1
887	1
888	1
888	2
889	1
890	1
890	2
891	1
891	2
892	1
893	1
893	2
894	3
895	1
895	2
896	1
896	2
897	2
898	1
898	3
899	1
900	1
900	2
901	1
901	2
902	1
902	2
903	1
904	1
904	2
905	1
905	2
906	6
907	1
907	2
908	6
909	1
909	2
910	1
910	2
911	1
911	2
912	1
912	2
913	1
913	2
914	1
914	2
915	1
915	2
916	1
916	5
917	6
918	1
919	1
919	2
920	6
923	2
924	3
925	1
926	1
926	2
927	1
928	4
929	1
930	4
931	1
933	1
933	2
934	2
935	1
936	1
937	1
937	2
938	1
938	5
939	1
940	4
941	1
942	1
943	1
943	2
944	1
945	1
945	2
947	4
948	1
949	1
950	1
950	2
952	1
952	2
953	1
953	2
954	1
954	2
955	1
956	2
956	4
957	1
957	2
958	2
959	1
959	2
960	6
961	1
961	5
962	1
963	1
964	1
965	4
966	1
966	2
967	1
967	3
968	1
968	2
969	1
970	1
970	2
971	1
971	3
971	4
972	1
972	2
973	1
975	1
975	2
976	1
976	2
979	4
980	1
980	2
981	6
982	1
982	2
983	2
984	2
984	4
985	4
986	1
986	2
987	1
987	2
988	1
988	2
989	2
989	4
990	1
990	2
991	1
991	2
992	1
993	1
994	1
994	2
995	1
995	2
996	1
996	2
997	1
998	1
998	2
999	1
999	5
1000	1
1001	4
1002	4
1003	1
1003	2
1005	5
1008	1
1008	2
1009	2
1009	4
1010	1
1010	2
1011	6
1012	4
1013	6
1014	1
1015	1
1016	1
1016	2
1017	1
1017	2
1018	6
1019	1
1019	5
1020	1
1020	2
1021	1
1021	2
1022	1
1022	2
1023	1
1023	2
1024	1
1026	5
1027	4
1028	4
1029	1
1029	3
1030	1
1030	4
1030	7
1031	1
1031	2
1031	7
1032	2
1033	1
1033	2
1034	1
1035	1
1035	2
1036	4
1037	4
1038	1
1038	5
1039	1
1040	1
1040	2
1041	2
1042	1
1042	2
1043	4
1044	6
1045	1
1045	2
1046	1
1046	2
1047	1
1047	2
1047	7
1048	1
1048	2
1048	7
1049	3
1052	1
1052	2
1053	1
1053	2
1054	6
1055	1
1055	2
1056	1
1056	3
1057	1
1057	2
1058	1
1058	2
1059	1
1059	2
1060	1
1060	5
1061	1
1061	2
1062	1
1062	4
1063	1
1064	1
1064	3
1065	1
1065	2
1066	1
1066	2
1067	1
1067	2
1068	1
1068	2
1069	1
1069	2
1070	1
1070	2
1071	1
1071	2
1072	1
1073	1
1073	2
1074	1
1075	2
1076	6
1077	2
1078	1
1078	2
1079	1
1079	2
1080	1
1081	2
1081	4
1082	1
1083	2
1083	4
1084	1
1084	2
1085	1
1085	2
1086	1
1087	1
1087	2
1088	3
1089	2
1089	4
1093	1
1093	5
1094	1
1094	5
1095	2
1096	2
1097	2
1098	2
1099	1
1099	2
1100	1
1100	2
1101	1
1101	2
1102	1
1103	1
1104	4
1105	2
1106	2
1107	1
1108	1
1108	2
1109	1
1109	2
1110	1
1111	3
1112	1
1112	3
1113	3
1114	1
1114	2
1115	2
1115	4
1116	1
1117	1
1118	1
1119	1
1119	2
1120	1
1120	2
1121	1
1121	2
1122	1
1123	1
1123	2
1124	1
1124	2
1125	1
1125	2
1126	1
1126	2
1127	1
1127	2
1128	1
1128	3
1129	1
1130	1
1130	2
1131	6
1132	1
1133	1
1134	1
1134	3
1135	1
1135	2
1136	1
1137	1
1138	1
1139	1
1140	1
1141	1
1141	5
1142	1
1143	2
1143	4
1144	6
1145	1
1145	2
1146	1
1146	2
1147	1
1147	2
1148	1
1149	1
1149	5
1150	1
1150	3
1151	1
1152	1
1152	2
1153	1
1153	2
1154	1
1155	1
1156	1
1156	2
1157	1
1158	1
1158	2
1159	1
1159	2
1160	1
1160	2
1161	6
1162	1
1163	1
1164	1
1165	1
1166	3
1167	1
1168	2
1168	4
1169	6
1170	1
1171	1
1171	3
1172	1
1173	1
1173	2
1174	1
1174	3
1175	1
1175	2
1176	1
1176	2
1177	1
1177	5
1178	1
1178	3
1179	1
1180	1
1180	3
1181	4
1182	1
1182	2
1183	1
1184	1
1184	2
1185	1
1185	2
1186	1
1187	1
1187	2
1188	1
1189	1
1189	2
1190	4
1191	1
1191	2
1192	1
1192	2
1193	4
1194	6
1195	1
1196	1
1196	2
1197	1
1198	1
1198	2
1199	1
1199	2
1200	1
1201	1
1201	5
1202	1
1203	1
1203	5
1204	1
1205	1
1206	1
1206	2
1206	7
1207	6
1208	1
1209	1
1210	1
1211	4
1212	1
1212	2
1213	3
1214	1
1215	6
1216	1
1217	1
1218	1
1218	2
1219	1
1220	1
1221	1
1222	1
1223	1
1223	2
1224	1
1225	1
1226	1
1227	1
1227	2
1228	1
1229	1
1230	1
1231	1
1231	2
1232	1
1232	2
1233	1
1234	1
1234	2
1235	1
1236	1
1237	1
1237	2
1238	1
1239	1
1240	1
1240	2
1241	1
1241	2
1242	1
1242	2
1243	6
1244	1
1244	2
1245	3
1246	1
1246	3
1247	1
1247	2
1248	1
1249	1
1250	1
1250	2
1251	1
1251	2
1252	1
1253	1
1253	2
1254	1
1255	1
1256	3
1257	3
1258	1
1258	2
1259	1
1260	1
1260	2
1261	1
1262	1
1262	4
1263	1
1263	2
1264	3
1264	7
1265	3
1266	1
1266	7
1267	1
1267	7
1268	1
1268	2
1268	7
1269	1
1269	2
1270	3
1271	1
1271	2
1272	1
1273	1
1273	2
1274	1
1275	1
1276	1
1277	1
1278	1
1278	3
1278	7
1279	1
1279	3
1280	1
1280	2
1281	1
1281	2
1282	1
1283	4
1284	1
1284	3
1285	1
1285	2
1286	1
1286	5
1287	1
1287	2
1288	1
1288	4
1289	1
1289	2
1290	1
1290	2
1291	1
1291	4
1292	2
1292	4
1293	1
1293	2
1294	1
1294	2
1295	2
1296	1
1296	2
1297	1
1297	2
1298	1
1298	8
1299	1
1299	8
1300	1
1301	1
1302	1
1306	1
1307	1
1308	1
1309	1
1310	1
1311	1
1312	1
1313	1
1314	1
1315	1
1316	1
1317	1
1318	1
1319	1
1320	1
1321	1
1322	1
1323	1
1328	1
1329	1
1330	1
1331	6
1332	1
1333	1
1334	1
1335	6
1336	1
1338	1
1339	1
1340	1
1341	1
1342	6
1343	1
1344	1
1345	1
1346	1
1346	8
1347	1
1348	1
1349	1
1350	1
1351	1
1352	1
1353	1
1354	1
1355	1
1357	1
1358	1
1359	1
1360	1
1361	1
1362	1
1363	1
1364	1
1365	1
1366	1
1367	1
1368	1
1369	1
1370	1
1371	1
1372	1
1373	1
1374	1
1375	1
1376	1
1377	1
1378	1
1379	1
1382	1
1383	6
1384	1
1385	6
1386	1
1387	6
1388	1
1389	1
1390	1
1391	1
1392	1
1393	1
1394	1
1395	1
1396	1
1397	1
1398	1
1399	1
1400	1
1401	1
1402	1
1403	6
1404	1
1405	1
1406	1
1407	1
1408	1
1409	1
1410	1
1411	1
1412	1
1413	1
1415	1
1416	1
1417	1
1418	1
1419	1
1420	1
1421	1
1422	1
1423	1
1424	1
1425	1
1426	1
1427	1
1430	1
1431	1
1432	1
1433	1
1434	1
1435	1
1436	1
1437	1
1438	1
1440	1
1441	1
1442	1
1443	1
1444	1
1445	1
1446	1
1447	1
1448	1
1449	1
1450	1
1451	1
1452	1
1453	1
1454	1
1455	1
1456	1
1457	1
1460	6
1461	1
1462	1
1463	1
1464	1
1465	1
1466	1
1466	8
1467	1
1467	8
1468	1
1469	1
1470	1
1471	1
1472	1
1473	1
1476	1
1477	1
1478	6
1479	1
1480	1
1481	1
1482	1
1483	1
1484	1
1485	1
1486	1
1487	1
1487	8
1488	1
1489	1
1490	1
1491	1
1492	1
1493	1
1494	1
1495	6
1496	1
1497	1
1497	7
1498	1
1498	7
1499	1
1505	1
1506	1
1507	1
1508	1
1509	1
1510	1
1511	1
1512	1
1513	1
1514	1
1515	1
1516	1
1517	1
1518	1
1519	1
1520	1
1521	1
1522	1
1523	1
1524	1
1525	1
1526	1
1527	1
1528	1
\.


--
-- Data for Name: support_spirits; Type: TABLE DATA; Schema: public; Owner: postgres
--

COPY public.support_spirits (spirits_id, slot_cost) FROM stdin;
18	1
19	1
20	2
22	1
23	1
24	3
25	1
26	1
27	1
29	2
34	1
37	1
44	1
50	1
52	2
58	2
60	1
62	1
64	1
67	1
68	2
69	1
71	1
72	1
74	2
75	1
76	1
77	1
78	1
79	2
80	1
82	1
83	1
84	1
85	1
86	1
87	1
89	2
92	1
102	1
103	1
108	1
111	1
113	1
114	1
116	1
117	1
118	1
119	1
120	2
121	2
122	1
123	1
128	1
132	1
133	1
142	1
143	1
144	1
148	1
152	2
153	1
154	1
155	2
156	1
157	1
158	1
164	1
168	1
169	1
182	2
184	1
186	1
187	2
188	1
192	1
194	2
195	1
196	1
197	1
199	1
201	2
209	1
210	2
211	1
212	1
213	1
214	1
215	1
216	1
217	1
218	1
219	2
225	1
227	1
231	1
235	1
238	2
239	1
241	1
245	2
250	2
251	2
252	1
254	1
256	1
260	1
263	1
269	1
271	2
276	1
277	2
280	2
284	2
289	1
290	1
292	2
293	1
295	1
302	2
303	1
306	1
307	1
308	1
309	1
310	1
312	1
313	2
314	1
315	2
317	1
318	1
319	1
320	1
326	1
327	2
328	2
329	1
330	2
331	1
332	1
333	1
334	1
337	1
338	1
349	1
350	2
358	1
359	1
363	1
368	2
369	1
370	1
371	1
373	1
376	2
377	1
378	2
381	1
385	1
388	1
390	2
391	1
392	2
393	1
394	1
396	1
399	1
403	2
404	1
424	1
425	1
427	1
428	2
430	1
431	1
432	1
433	1
434	1
435	2
436	1
442	1
443	1
444	1
445	1
448	1
449	1
452	1
456	1
457	2
458	1
461	1
465	1
467	1
469	1
470	1
471	1
472	1
473	1
474	2
481	2
485	2
486	3
488	1
489	1
491	1
495	2
501	2
503	1
507	2
511	2
515	2
516	1
520	1
523	1
526	1
527	1
531	1
536	2
539	1
540	1
541	1
550	2
553	1
555	1
559	2
560	2
561	2
562	2
566	2
573	2
576	2
577	1
578	1
579	1
582	2
587	1
595	2
597	1
599	1
605	1
607	1
608	2
609	1
623	1
625	1
626	1
628	1
632	1
635	1
636	1
640	1
648	2
650	1
651	1
652	1
655	1
658	1
659	2
660	1
663	1
667	1
668	1
673	2
676	2
677	1
681	2
685	2
686	1
690	1
691	1
692	2
693	1
694	1
695	1
697	1
699	2
700	1
702	2
707	1
709	1
712	2
720	1
721	2
722	1
723	1
724	2
728	1
732	1
733	2
734	1
737	2
739	2
740	1
743	1
744	1
746	1
752	1
753	2
755	1
757	1
761	1
764	2
766	1
767	1
768	1
771	1
774	1
777	1
779	1
790	1
791	1
793	2
794	1
795	1
796	1
802	2
803	1
804	1
805	2
806	1
808	1
812	2
816	1
817	1
818	2
819	1
823	1
824	1
835	2
836	1
837	1
839	2
840	1
842	1
843	2
845	2
846	1
847	1
848	1
849	2
850	1
851	1
852	1
853	1
854	2
855	1
856	1
857	2
859	1
860	3
861	1
867	2
868	2
869	1
870	1
871	2
873	2
878	1
879	1
884	2
885	1
886	1
887	2
889	1
890	2
892	2
893	1
894	1
895	2
899	1
901	2
903	1
904	1
909	1
912	1
925	1
926	1
927	2
928	2
929	1
930	1
931	1
936	1
943	1
944	1
945	1
947	2
949	1
950	1
952	1
955	1
962	1
964	1
965	2
967	1
968	2
971	1
976	1
979	1
985	2
986	1
991	1
995	1
1001	1
1003	1
1009	3
1014	1
1015	1
1016	2
1024	1
1027	1
1028	3
1029	2
1030	2
1031	1
1033	1
1034	1
1035	1
1037	1
1038	1
1039	1
1040	2
1045	1
1046	2
1048	1
1049	1
1060	1
1062	1
1063	1
1068	1
1070	1
1071	2
1072	1
1073	1
1074	1
1077	2
1079	2
1080	1
1084	1
1086	1
1087	1
1088	1
1089	2
1093	1
1094	2
1107	1
1109	1
1112	1
1113	1
1115	1
1116	1
1117	1
1119	2
1120	1
1121	2
1122	1
1123	1
1124	1
1127	2
1129	1
1132	1
1133	1
1134	2
1138	1
1141	1
1142	1
1146	1
1147	1
1149	3
1151	1
1152	1
1153	1
1155	1
1156	1
1158	1
1159	1
1163	2
1165	1
1166	2
1167	1
1171	1
1174	1
1177	2
1180	1
1184	1
1185	1
1186	1
1187	1
1188	1
1189	1
1190	1
1191	1
1195	1
1199	1
1201	1
1208	2
1212	2
1213	1
1216	1
1217	1
1218	1
1219	1
1220	1
1221	1
1225	1
1226	1
1228	1
1229	1
1235	2
1236	1
1237	1
1238	1
1239	1
1240	1
1241	1
1245	1
1248	1
1249	2
1253	1
1254	1
1255	1
1256	1
1257	2
1260	1
1261	1
1263	1
1265	2
1266	1
1269	2
1270	1
1273	1
1275	1
1276	1
1277	1
1278	3
1279	1
1281	2
1286	1
1290	1
1291	1
1292	1
1295	1
1297	1
1298	1
1299	2
1300	1
1301	1
1302	2
1306	1
1307	2
1308	2
1313	1
1314	1
1316	1
1318	1
1319	1
1320	2
1323	2
1328	2
1329	2
1332	1
1336	1
1338	1
1343	1
1344	3
1345	1
1346	2
1348	2
1350	1
1352	2
1354	2
1357	1
1359	1
1360	3
1365	1
1366	2
1370	1
1371	1
1375	1
1378	1
1379	1
1388	3
1390	1
1391	1
1392	1
1393	1
1396	2
1400	2
1401	1
1406	1
1407	1
1408	1
1410	1
1411	2
1412	2
1413	1
1416	2
1419	1
1420	3
1421	2
1423	2
1424	2
1425	1
1426	1
1432	1
1433	1
1436	1
1437	1
1438	3
1442	2
1445	1
1446	1
1448	1
1449	2
1451	2
1453	1
1457	1
1461	1
1462	2
1465	2
1468	1
1473	1
1479	1
1480	1
1486	1
1489	1
1490	1
1493	1
1496	1
1499	1
1506	1
1507	3
1509	1
1514	1
1517	1
1524	1
1526	2
1528	1
\.


--
-- Name: ability ability_pkey; Type: CONSTRAINT; Schema: public; Owner: postgres
--

ALTER TABLE ONLY public.ability
    ADD CONSTRAINT ability_pkey PRIMARY KEY (ability_id);


--
-- Name: equipable_spirits equipable_spirits_pkey; Type: CONSTRAINT; Schema: public; Owner: postgres
--

ALTER TABLE ONLY public.equipable_spirits
    ADD CONSTRAINT equipable_spirits_pkey PRIMARY KEY (spirits_id);


--
-- Name: fighter_spirits fighter_spirits_pkey; Type: CONSTRAINT; Schema: public; Owner: postgres
--

ALTER TABLE ONLY public.fighter_spirits
    ADD CONSTRAINT fighter_spirits_pkey PRIMARY KEY (spirits_id);


--
-- Name: master_spirits master_spirits_pkey; Type: CONSTRAINT; Schema: public; Owner: postgres
--

ALTER TABLE ONLY public.master_spirits
    ADD CONSTRAINT master_spirits_pkey PRIMARY KEY (spirits_id);


--
-- Name: obtaining_method obtaining_method_pkey; Type: CONSTRAINT; Schema: public; Owner: postgres
--

ALTER TABLE ONLY public.obtaining_method
    ADD CONSTRAINT obtaining_method_pkey PRIMARY KEY (method_id);


--
-- Name: primary_spirits primary_spirits_pkey; Type: CONSTRAINT; Schema: public; Owner: postgres
--

ALTER TABLE ONLY public.primary_spirits
    ADD CONSTRAINT primary_spirits_pkey PRIMARY KEY (spirits_id);


--
-- Name: series series_pkey; Type: CONSTRAINT; Schema: public; Owner: postgres
--

ALTER TABLE ONLY public.series
    ADD CONSTRAINT series_pkey PRIMARY KEY (series_id);


--
-- Name: spirits_obtain spirits_obtain_pkey; Type: CONSTRAINT; Schema: public; Owner: postgres
--

ALTER TABLE ONLY public.spirits_obtain
    ADD CONSTRAINT spirits_obtain_pkey PRIMARY KEY (spirits_id, method_id);


--
-- Name: spirits spirits_pkey; Type: CONSTRAINT; Schema: public; Owner: postgres
--

ALTER TABLE ONLY public.spirits
    ADD CONSTRAINT spirits_pkey PRIMARY KEY (spirits_id);


--
-- Name: support_spirits support_spirits_pkey; Type: CONSTRAINT; Schema: public; Owner: postgres
--

ALTER TABLE ONLY public.support_spirits
    ADD CONSTRAINT support_spirits_pkey PRIMARY KEY (spirits_id);


--
-- Name: spirits trg_insert_equipable_and_subtype; Type: TRIGGER; Schema: public; Owner: postgres
--

CREATE TRIGGER trg_insert_equipable_and_subtype AFTER INSERT ON public.spirits FOR EACH ROW EXECUTE FUNCTION public.insert_equipable_and_subtype();


--
-- Name: equipable_spirits equipable_spirits_ability_id_fkey; Type: FK CONSTRAINT; Schema: public; Owner: postgres
--

ALTER TABLE ONLY public.equipable_spirits
    ADD CONSTRAINT equipable_spirits_ability_id_fkey FOREIGN KEY (ability_id) REFERENCES public.ability(ability_id);


--
-- Name: equipable_spirits equipable_spirits_spirits_id_fkey; Type: FK CONSTRAINT; Schema: public; Owner: postgres
--

ALTER TABLE ONLY public.equipable_spirits
    ADD CONSTRAINT equipable_spirits_spirits_id_fkey FOREIGN KEY (spirits_id) REFERENCES public.spirits(spirits_id) ON DELETE CASCADE;


--
-- Name: fighter_spirits fighter_spirits_spirits_id_fkey; Type: FK CONSTRAINT; Schema: public; Owner: postgres
--

ALTER TABLE ONLY public.fighter_spirits
    ADD CONSTRAINT fighter_spirits_spirits_id_fkey FOREIGN KEY (spirits_id) REFERENCES public.spirits(spirits_id);


--
-- Name: master_spirits master_spirits_spirits_id_fkey; Type: FK CONSTRAINT; Schema: public; Owner: postgres
--

ALTER TABLE ONLY public.master_spirits
    ADD CONSTRAINT master_spirits_spirits_id_fkey FOREIGN KEY (spirits_id) REFERENCES public.spirits(spirits_id);


--
-- Name: primary_spirits primary_spirits_spirits_id_fkey; Type: FK CONSTRAINT; Schema: public; Owner: postgres
--

ALTER TABLE ONLY public.primary_spirits
    ADD CONSTRAINT primary_spirits_spirits_id_fkey FOREIGN KEY (spirits_id) REFERENCES public.equipable_spirits(spirits_id) ON DELETE CASCADE;


--
-- Name: spirits_obtain spirits_obtain_method_id_fkey; Type: FK CONSTRAINT; Schema: public; Owner: postgres
--

ALTER TABLE ONLY public.spirits_obtain
    ADD CONSTRAINT spirits_obtain_method_id_fkey FOREIGN KEY (method_id) REFERENCES public.obtaining_method(method_id);


--
-- Name: spirits_obtain spirits_obtain_spirits_id_fkey; Type: FK CONSTRAINT; Schema: public; Owner: postgres
--

ALTER TABLE ONLY public.spirits_obtain
    ADD CONSTRAINT spirits_obtain_spirits_id_fkey FOREIGN KEY (spirits_id) REFERENCES public.spirits(spirits_id) ON DELETE CASCADE;


--
-- Name: spirits spirits_series_id_fkey; Type: FK CONSTRAINT; Schema: public; Owner: postgres
--

ALTER TABLE ONLY public.spirits
    ADD CONSTRAINT spirits_series_id_fkey FOREIGN KEY (series_id) REFERENCES public.series(series_id);


--
-- Name: support_spirits support_spirits_spirits_id_fkey; Type: FK CONSTRAINT; Schema: public; Owner: postgres
--

ALTER TABLE ONLY public.support_spirits
    ADD CONSTRAINT support_spirits_spirits_id_fkey FOREIGN KEY (spirits_id) REFERENCES public.equipable_spirits(spirits_id) ON DELETE CASCADE;


--
-- PostgreSQL database dump complete
--

