-- MySQL dump 10.13  Distrib 9.2.0, for macos14.7 (arm64)
--
-- Host: localhost    Database: seleksi_lab_basdat_warehouse_new
-- ------------------------------------------------------
-- Server version	9.2.0

/*!40101 SET @OLD_CHARACTER_SET_CLIENT=@@CHARACTER_SET_CLIENT */;
/*!40101 SET @OLD_CHARACTER_SET_RESULTS=@@CHARACTER_SET_RESULTS */;
/*!40101 SET @OLD_COLLATION_CONNECTION=@@COLLATION_CONNECTION */;
/*!50503 SET NAMES utf8mb4 */;
/*!40103 SET @OLD_TIME_ZONE=@@TIME_ZONE */;
/*!40103 SET TIME_ZONE='+00:00' */;
/*!40014 SET @OLD_UNIQUE_CHECKS=@@UNIQUE_CHECKS, UNIQUE_CHECKS=0 */;
/*!40014 SET @OLD_FOREIGN_KEY_CHECKS=@@FOREIGN_KEY_CHECKS, FOREIGN_KEY_CHECKS=0 */;
/*!40101 SET @OLD_SQL_MODE=@@SQL_MODE, SQL_MODE='NO_AUTO_VALUE_ON_ZERO' */;
/*!40111 SET @OLD_SQL_NOTES=@@SQL_NOTES, SQL_NOTES=0 */;

--
-- Table structure for table `dim_community`
--

DROP TABLE IF EXISTS `dim_community`;
/*!40101 SET @saved_cs_client     = @@character_set_client */;
/*!50503 SET character_set_client = utf8mb4 */;
CREATE TABLE `dim_community` (
  `community_id` int NOT NULL,
  `community_name` varchar(255) DEFAULT NULL,
  `member` int DEFAULT NULL,
  PRIMARY KEY (`community_id`)
) ENGINE=InnoDB DEFAULT CHARSET=utf8mb4 COLLATE=utf8mb4_0900_ai_ci;
/*!40101 SET character_set_client = @saved_cs_client */;

--
-- Dumping data for table `dim_community`
--

LOCK TABLES `dim_community` WRITE;
/*!40000 ALTER TABLE `dim_community` DISABLE KEYS */;
INSERT INTO `dim_community` VALUES (1,'Dropping a Banger',166000),(2,'studio arsenic',81000),(3,'Frontman\'s Squid Gang',55000),(4,'Century Survivors',201000),(5,'Project Championship',441),(6,'Three Piggys!',68000),(7,'@silky_dev',0),(8,'Bad Skeleton',107000),(9,'@TXYW1',0),(10,'Current x Blackstar',2000000),(11,'Your Pet!',311000),(12,'Minimalist colors',19000),(13,'junkcels',42000),(14,'@logitech101',0),(15,'Bank of Robloxia',24000),(16,'Volleyball Game Group',2000000),(17,'@haz3mn',0),(18,'larvae studios',154000),(19,'MY FISH FRIEND',1000000),(20,'Gold Rush Games',947000),(21,'redifi',2000000),(22,'Out of Blox',58000),(23,'@iDracius',0),(24,'UnspokenWords',38000),(25,'Taco Dev',151000),(26,'@HooHaughYahaa',0),(27,'BestBunny',8000000),(28,'@antilaarr',0),(29,'Cartoon Network Games',106),(30,'Daybreaker',279000),(31,'goog.',15000),(32,'Promise Development',8466),(33,'@Hungerkid200',0),(34,'Select an Image from Your Computer Studios',37000),(35,'Whirlpool Studio',564000),(36,'Lottus Studio',4747),(37,'ColdWorld Visuals',85000),(38,'다양한 음식점들',328000),(39,'SL2 Games',63000),(40,'MetaPlay Games',1000000),(41,'1v2 Studios',1000000),(42,'Cryptid Horror',91000),(43,'@Spawted',0),(44,'@MiniToon',0),(45,'Grogulation Studios',7263),(46,'MiaoMeoHome',2000000),(47,'What A Nice Tree',2379),(48,'Devolty Games',1000000),(49,'@CheechSC',0),(50,'InfinityInteractive',3000000),(51,'I make random games',633000),(52,'@Onett',0),(53,'ΞGO',1000000),(54,'@bruceywayne',0),(55,'Town of Deermont',35000),(56,'NMD Community',26000),(57,'Exply Studios',1000000),(58,'blu\'s buds',1000000),(59,'@8DSK',0),(60,'@seriif',0),(61,'StyLiS Studios',901000),(62,'DIG Development',139000),(63,'Zaku\'s Games',81000),(64,'Badimo',3000000),(65,'Current.',12000000),(66,'Tiny Wheels',6335),(67,'@xendatro',0),(68,'Lazy Dog Developer Group',2000000),(69,'@gojy41',0),(70,'Baery Entertainment',2607),(71,'Fyer Studios',6787),(72,'Byteonix',3000000),(73,'Cup_Family',113000),(74,'aesthetic obbys',11000),(75,'Emergency Hamburg',682000),(76,'The Random Developers!',5070),(77,'Dreadworks Studio',256000),(78,'God Bless Zak 5',2000000),(79,'Hexagon Development Community',3000000),(80,'wrldstar ent',493000),(81,'Whimco',29000),(82,'cadictt productions',36000),(83,'Step by step.',8293),(84,'@Smellysuperfart',0),(85,'Chesapeake Studios',99000),(86,'RoVSRG',4675),(87,'Dualpoint Interactive',161000),(88,'Gir Laboratory',1963),(89,'PlayPixel',221000),(90,'Doge Cloud',190000),(91,'JumpROPE!',687000),(92,'LankyDevs',69000),(93,'AoTR [PI]',1000000),(94,'Freshly Shopping UK',308000),(95,'STUDIO 04',11000),(96,'Rawblocky',165000),(97,'MIKETING Studios',348000),(98,'Golden Crusted Steak Studios',0),(99,'@Huk779',0),(100,'Super super funny games',4789),(101,'Hoii :P',120000),(102,'boring box',18000),(103,'Digital Piano Org.',79000),(104,'CONECORP',12000),(105,'@rtdfhfs124',0),(106,'Crimson Exit',8256),(107,'Fat Car Studios',57000),(108,'Fissy Games',93000),(109,'Krabby Krew',2000000),(110,'Firebrand Games',79),(111,'| Flipping Frogs |',691000),(112,'ZO by Voldex',851000),(113,'YUМ',6000000),(114,'JJ Game Creations',75000),(115,'EOM STUDIO',2000000),(116,'sol\'s studio',9000000),(117,'arashiyama',1000000),(118,'specil studios Deluxe',9166),(119,'Rock Fort Lines',31000),(120,'Wiggity.',24000000),(121,'SpinMaster',93000),(122,'SplashDev',209000),(123,'Bridge Entertainment',20000),(124,'Swansa X Peaceful Play',2000000),(125,'Bob\'s Supermarket',381000),(126,'Weapon Kingdom',1000000),(127,'Paradoxum Games',5000000),(128,'Police Roleplay Community',1000000),(129,'Checho\'s Deltarune RP',21000),(130,'Mousetrap Studios',462000),(131,'EscapeLovers',6372),(132,'THEAM STUDIOS',1000000),(133,'@itsMuneeeb',0),(134,'New ProjectR',415000),(135,'Shoeless Studios',225000),(136,'Yielding Arts',18000000),(137,'Lake County Stables',109000),(138,'Ming\'s Pick',338000),(139,'Nomo Falls',453000),(140,'wunmo',1000000),(141,'Old A Bizarre Day Community',4089),(142,'Garden Quiz',70000),(143,'@REALW0WSTAR',0),(144,'King x Matty',62000),(145,'@LINDON55',0),(146,'Tze\'s Shenanigans',1000000),(147,'Cookie’s basement :)',17000),(148,'Majas Studio',532),(149,'Sors Studio',114000),(150,'[B:S] ALS Team',2000000),(151,'BERSERK DRIFT 2 Group',19000),(152,'Do Huge Games',247000),(153,'Grandma\'s Favourite Games',1000000),(154,'Hug Playworks',451000),(155,'Railway Engineering Studios',54000),(156,'@johnpcps',0),(157,'Survival Odyssey',65000),(158,'Ezra\'s Troll Towers',37000),(159,'Akio.gg',35000),(160,'Budget Gaming',91000),(161,'FORTLINE Productions',235000),(162,'Rumble Studios',10000000),(163,'Brainrot Evolution',4000000),(164,'@NickPatella',0),(165,'@Ma1e',0),(166,'Forsaken Dev Team',1000000),(167,'Copyrend\'s Community',1000000),(168,'MAD STUDIO',258000),(169,'Sea King Games',1000000),(170,'Martial Arts Inc',36000),(171,'@edgarevaristo',0),(172,'FLOPTROPICANZ',100000),(173,'Magic Box Games',579000),(174,'Redcliff City RP',449000),(175,'Fishing League',213000),(176,'Studio Serenity',1000000),(177,'Game Thing',91000),(178,'Ready, set, more!',2000000);
/*!40000 ALTER TABLE `dim_community` ENABLE KEYS */;
UNLOCK TABLES;

--
-- Table structure for table `dim_country`
--

DROP TABLE IF EXISTS `dim_country`;
/*!40101 SET @saved_cs_client     = @@character_set_client */;
/*!50503 SET character_set_client = utf8mb4 */;
CREATE TABLE `dim_country` (
  `country_id` int NOT NULL,
  `country` varchar(100) DEFAULT NULL,
  PRIMARY KEY (`country_id`)
) ENGINE=InnoDB DEFAULT CHARSET=utf8mb4 COLLATE=utf8mb4_0900_ai_ci;
/*!40101 SET character_set_client = @saved_cs_client */;

--
-- Dumping data for table `dim_country`
--

LOCK TABLES `dim_country` WRITE;
/*!40000 ALTER TABLE `dim_country` DISABLE KEYS */;
/*!40000 ALTER TABLE `dim_country` ENABLE KEYS */;
UNLOCK TABLES;

--
-- Table structure for table `dim_date`
--

DROP TABLE IF EXISTS `dim_date`;
/*!40101 SET @saved_cs_client     = @@character_set_client */;
/*!50503 SET character_set_client = utf8mb4 */;
CREATE TABLE `dim_date` (
  `date` date NOT NULL,
  `day` int DEFAULT NULL,
  `month` int DEFAULT NULL,
  `quarter` int DEFAULT NULL,
  `semester` int DEFAULT NULL,
  `year` int DEFAULT NULL,
  PRIMARY KEY (`date`)
) ENGINE=InnoDB DEFAULT CHARSET=utf8mb4 COLLATE=utf8mb4_0900_ai_ci;
/*!40101 SET character_set_client = @saved_cs_client */;

--
-- Dumping data for table `dim_date`
--

LOCK TABLES `dim_date` WRITE;
/*!40000 ALTER TABLE `dim_date` DISABLE KEYS */;
INSERT INTO `dim_date` VALUES ('2025-08-08',8,8,3,2,2025);
/*!40000 ALTER TABLE `dim_date` ENABLE KEYS */;
UNLOCK TABLES;

--
-- Table structure for table `dim_game`
--

DROP TABLE IF EXISTS `dim_game`;
/*!40101 SET @saved_cs_client     = @@character_set_client */;
/*!50503 SET character_set_client = utf8mb4 */;
CREATE TABLE `dim_game` (
  `game_id` bigint NOT NULL,
  `title` varchar(255) DEFAULT NULL,
  `date_created` date DEFAULT NULL,
  `last_updated` date DEFAULT NULL,
  `genre_id` int DEFAULT NULL,
  `url` text,
  `community_id` int DEFAULT NULL,
  PRIMARY KEY (`game_id`),
  KEY `genre_id` (`genre_id`),
  KEY `community_id` (`community_id`),
  CONSTRAINT `dim_game_ibfk_1` FOREIGN KEY (`genre_id`) REFERENCES `dim_genre` (`genre_id`),
  CONSTRAINT `dim_game_ibfk_2` FOREIGN KEY (`community_id`) REFERENCES `dim_community` (`community_id`)
) ENGINE=InnoDB DEFAULT CHARSET=utf8mb4 COLLATE=utf8mb4_0900_ai_ci;
/*!40101 SET character_set_client = @saved_cs_client */;

--
-- Dumping data for table `dim_game`
--

LOCK TABLES `dim_game` WRITE;
/*!40000 ALTER TABLE `dim_game` DISABLE KEYS */;
INSERT INTO `dim_game` VALUES (45659278,'PARTY.exe','2011-02-06','2025-07-29',5,'https://www.roblox.com/games/45659278/PARTY-exe?appliedFilters=device%253Dcomputer%252Cage%253Dall%252Ccountry%253Dall&discoverPageSessionInfo=01c05573-f673-4a65-9599-7527054a25ec&gameSetTargetId=652&gameSetTypeId=23&isAd=false&nativeAdData=&numberOfLoadedTiles=78&page=gamesPage&placeId=45659278&playContext=gamesPage&position=21&sortPos=16&universeId=2988214',59),(71315343,'[GOLDEN] Dragon Ball Rage','2012-01-30','2025-08-05',11,'https://www.roblox.com/games/71315343/Dragon-Ball-Rage?appliedFilters=device%253Dcomputer%252Cage%253Dall%252Ccountry%253Dall&discoverPageSessionInfo=01c05573-f673-4a65-9599-7527054a25ec&gameSetTargetId=658&gameSetTypeId=23&isAd=false&nativeAdData=&numberOfLoadedTiles=73&page=gamesPage&placeId=71315343&playContext=gamesPage&position=71&sortPos=12&universeId=98929893',23),(131679415,'ROBLOX At War 4','2013-10-05','2025-08-06',7,'https://www.roblox.com/games/131679415/ROBLOX-At-War-4?appliedFilters=device%253Dcomputer%252Cage%253Dall%252Ccountry%253Dall&discoverPageSessionInfo=01c05573-f673-4a65-9599-7527054a25ec&gameSetTargetId=660&gameSetTypeId=23&isAd=false&nativeAdData=&numberOfLoadedTiles=52&page=gamesPage&placeId=131679415&playContext=gamesPage&position=40&sortPos=14&universeId=44532244',33),(137877687,'RoCitizens','2013-12-06','2025-08-04',13,'https://www.roblox.com/games/137877687/RoCitizens?appliedFilters=device%253Dcomputer%252Cage%253Dall%252Ccountry%253Dall&discoverPageSessionInfo=01c05573-f673-4a65-9599-7527054a25ec&gameSetTargetId=673&gameSetTypeId=23&isAd=false&nativeAdData=&numberOfLoadedTiles=90&page=gamesPage&placeId=137877687&playContext=gamesPage&position=55&sortPos=11&universeId=63951305',110),(233727153,'Piano Keyboard v1.1','2015-04-04','2025-03-06',15,'https://www.roblox.com/games/233727153/Piano-Keyboard-v1-1?discoverPageSessionInfo=01c05573-f673-4a65-9599-7527054a25ec&gameSetTargetId=668&gameSetTypeId=23&isAd=false&nativeAdData=&numberOfLoadedTiles=58&page=gamesPage&placeId=233727153&playContext=gamesPage&position=56&sortPos=9&universeId=100169684',164),(292439477,'Phantom Forces','2015-08-31','2025-08-07',7,'https://www.roblox.com/games/292439477/Belgian-National-Day-Phantom-Forces?appliedFilters=device%253Dcomputer%252Cage%253Dall%252Ccountry%253Dall&discoverPageSessionInfo=01c05573-f673-4a65-9599-7527054a25ec&gameSetTargetId=660&gameSetTypeId=23&isAd=false&nativeAdData=&numberOfLoadedTiles=52&page=gamesPage&placeId=292439477&playContext=gamesPage&position=18&sortPos=14&universeId=113491250',61),(299659045,'test place','2015-09-21','2025-08-07',7,'https://www.roblox.com/games/299659045/test-place?appliedFilters=device%253Dcomputer%252Cage%253Dall%252Ccountry%253Dall&discoverPageSessionInfo=01c05573-f673-4a65-9599-7527054a25ec&gameSetTargetId=660&gameSetTypeId=23&isAd=false&nativeAdData=&numberOfLoadedTiles=52&page=gamesPage&placeId=299659045&playContext=gamesPage&position=20&sortPos=14&universeId=115272207',61),(381674682,'Wheres the Baby','2016-03-13','2020-12-20',1,'https://www.roblox.com/games/381674682/Wheres-the-Baby?appliedFilters=device%253Dcomputer%252Cage%253Dall%252Ccountry%253Dall&discoverPageSessionInfo=01c05573-f673-4a65-9599-7527054a25ec&gameSetTargetId=656&gameSetTypeId=23&isAd=false&nativeAdData=&numberOfLoadedTiles=82&page=gamesPage&placeId=381674682&playContext=gamesPage&position=66&sortPos=19&universeId=143384880',84),(404729070,'TreeLands Legacy','2016-04-25','2022-07-30',8,'https://www.roblox.com/games/404729070/TreeLands-Legacy?discoverPageSessionInfo=01c05573-f673-4a65-9599-7527054a25ec&gameSetTargetId=669&gameSetTypeId=23&isAd=false&nativeAdData=&numberOfLoadedTiles=62&page=gamesPage&placeId=404729070&playContext=gamesPage&position=44&sortPos=7&universeId=152631806',108),(601239270,'Mint Tycoon [BETA]','2017-01-05','2024-07-21',8,'https://www.roblox.com/games/601239270/Mint-Tycoon-BETA?discoverPageSessionInfo=01c05573-f673-4a65-9599-7527054a25ec&gameSetTargetId=669&gameSetTypeId=23&isAd=false&nativeAdData=&numberOfLoadedTiles=62&page=gamesPage&placeId=601239270&playContext=gamesPage&position=34&sortPos=7&universeId=242453665',15),(606849621,'Jailbreak','2017-01-06','2025-08-08',6,'https://www.roblox.com/games/606849621/Jailbreak?appliedFilters=device%253Dcomputer%252Cage%253Dall%252Ccountry%253Dall&discoverPageSessionInfo=01c05573-f673-4a65-9599-7527054a25ec&gameSetTargetId=223&gameSetTypeId=23&isAd=false&nativeAdData=&numberOfLoadedTiles=90&page=gamesPage&placeId=606849621&playContext=gamesPage&position=38&sortPos=10&universeId=245662005',64),(662417684,'LUCKY BLOCKS Battlegrounds','2017-02-19','2025-04-17',6,'https://www.roblox.com/games/662417684/LUCKY-BLOCKS-Battlegrounds?appliedFilters=device%253Dcomputer%252Cage%253Dall%252Ccountry%253Dall&discoverPageSessionInfo=01c05573-f673-4a65-9599-7527054a25ec&gameSetTargetId=651&gameSetTypeId=23&isAd=false&nativeAdData=&numberOfLoadedTiles=74&page=gamesPage&placeId=662417684&playContext=gamesPage&position=21&sortPos=15&universeId=279565647',7),(845649531,'Would You Rather..','2017-05-31','2025-06-20',1,'https://www.roblox.com/games/845649531/Would-You-Rather?appliedFilters=device%253Dcomputer%252Cage%253Dall%252Ccountry%253Dall&discoverPageSessionInfo=01c05573-f673-4a65-9599-7527054a25ec&gameSetTargetId=656&gameSetTypeId=23&isAd=false&nativeAdData=&numberOfLoadedTiles=82&page=gamesPage&placeId=845649531&playContext=gamesPage&position=63&sortPos=19&universeId=350059755',176),(863266079,'Apocalypse Rising 2','2017-06-11','2025-08-07',6,'https://www.roblox.com/games/863266079/Apocalypse-Rising-2?appliedFilters=device%253Dcomputer%252Cage%253Dall%252Ccountry%253Dall&discoverPageSessionInfo=01c05573-f673-4a65-9599-7527054a25ec&gameSetTargetId=238&gameSetTypeId=23&isAd=false&nativeAdData=&numberOfLoadedTiles=87&page=gamesPage&placeId=863266079&playContext=gamesPage&position=22&sortPos=1&universeId=358276974',87),(1537690962,'Bee Swarm Simulator','2018-03-21','2025-07-01',8,'https://www.roblox.com/games/1537690962/Bee-Swarm-Simulator?appliedFilters=device%253Dcomputer%252Cage%253Dall%252Ccountry%253Dall&discoverPageSessionInfo=01c05573-f673-4a65-9599-7527054a25ec&gameSetTargetId=223&gameSetTypeId=23&isAd=false&nativeAdData=&numberOfLoadedTiles=90&page=gamesPage&placeId=1537690962&playContext=gamesPage&position=50&sortPos=10&universeId=601130232',52),(2534724415,'Emergency Response Liberty County','2018-11-01','2025-08-03',13,'https://www.roblox.com/games/2534724415/Emergency-Response-Liberty-County?appliedFilters=device%253Dcomputer%252Cage%253Dall%252Ccountry%253Dall&discoverPageSessionInfo=01c05573-f673-4a65-9599-7527054a25ec&gameSetTargetId=237&gameSetTypeId=23&isAd=false&nativeAdData=&numberOfLoadedTiles=80&page=gamesPage&placeId=2534724415&playContext=gamesPage&position=57&sortPos=5&universeId=903807016',128),(2797140616,'Itty Bitty Railway [DUAL TRAINS]','2019-01-30','2025-07-29',8,'https://www.roblox.com/games/2797140616/Itty-Bitty-Railway-DUAL-TRAINS?discoverPageSessionInfo=01c05573-f673-4a65-9599-7527054a25ec&gameSetTargetId=669&gameSetTypeId=23&isAd=false&nativeAdData=&numberOfLoadedTiles=62&page=gamesPage&placeId=2797140616&playContext=gamesPage&position=16&sortPos=7&universeId=1012352727',25),(2872154782,'Chechos Deltarune RP','2019-02-19','2025-07-25',13,'https://www.roblox.com/games/2872154782/Chechos-Deltarune-RP?appliedFilters=device%253Dcomputer%252Cage%253Dall%252Ccountry%253Dall&discoverPageSessionInfo=01c05573-f673-4a65-9599-7527054a25ec&gameSetTargetId=659&gameSetTypeId=23&isAd=false&nativeAdData=&numberOfLoadedTiles=91&page=gamesPage&placeId=2872154782&playContext=gamesPage&position=55&sortPos=21&universeId=1039663363',NULL),(2913303231,'Obby Creator','2019-03-02','2025-05-20',8,'https://www.roblox.com/games/2913303231/Obby-Creator?appliedFilters=device%253Dcomputer%252Cage%253Dall%252Ccountry%253Dall&discoverPageSessionInfo=01c05573-f673-4a65-9599-7527054a25ec&gameSetTargetId=222&gameSetTypeId=23&isAd=false&nativeAdData=&numberOfLoadedTiles=70&page=gamesPage&placeId=2913303231&playContext=gamesPage&position=37&sortPos=4&universeId=1053132402',35),(3260590327,'Tower Defense Simulator   [NEW TOWER]','2019-06-05','2025-08-07',12,'https://www.roblox.com/games/3260590327/PVP-Tower-Defense-Simulator?appliedFilters=device%253Dcomputer%252Cage%253Dall%252Ccountry%253Dall&discoverPageSessionInfo=01c05573-f673-4a65-9599-7527054a25ec&gameSetTargetId=223&gameSetTypeId=23&isAd=false&nativeAdData=&numberOfLoadedTiles=90&page=gamesPage&placeId=3260590327&playContext=gamesPage&position=60&sortPos=10&universeId=1176784616',127),(4520749081,'[UPD 9] King Legacy','2019-12-17','2025-08-05',11,'https://www.roblox.com/games/4520749081/UPD-9-King-Legacy?appliedFilters=device%253Dcomputer%252Cage%253Dall%252Ccountry%253Dall&discoverPageSessionInfo=01c05573-f673-4a65-9599-7527054a25ec&gameSetTargetId=238&gameSetTypeId=23&isAd=false&nativeAdData=&numberOfLoadedTiles=87&page=gamesPage&placeId=4520749081&playContext=gamesPage&position=16&sortPos=1&universeId=1451439645',169),(4577486879,'MM2 Duels','2020-01-06','2025-04-05',6,'https://www.roblox.com/games/4577486879/MM2-Duels?appliedFilters=device%253Dcomputer%252Cage%253Dall%252Ccountry%253Dall&discoverPageSessionInfo=01c05573-f673-4a65-9599-7527054a25ec&gameSetTargetId=651&gameSetTypeId=23&isAd=false&nativeAdData=&numberOfLoadedTiles=74&page=gamesPage&placeId=4577486879&playContext=gamesPage&position=32&sortPos=15&universeId=1487374608',NULL),(4623386862,'Piggy [SPARKY SKIN]','2020-01-23','2025-08-08',3,'https://www.roblox.com/games/4623386862/Piggy-SPARKY-SKIN?appliedFilters=device%253Dcomputer%252Cage%253Dall%252Ccountry%253Dall&discoverPageSessionInfo=01c05573-f673-4a65-9599-7527054a25ec&gameSetTargetId=223&gameSetTypeId=23&isAd=false&nativeAdData=&numberOfLoadedTiles=90&page=gamesPage&placeId=4623386862&playContext=gamesPage&position=57&sortPos=10&universeId=1516533665',44),(4629209674,'RO-Scale Sandbox','2020-01-25','2025-07-05',8,'https://www.roblox.com/games/4629209674/RO-Scale-Sandbox?appliedFilters=device%253Dcomputer%252Cage%253Dall%252Ccountry%253Dall&discoverPageSessionInfo=01c05573-f673-4a65-9599-7527054a25ec&gameSetTargetId=237&gameSetTypeId=23&isAd=false&nativeAdData=&numberOfLoadedTiles=80&page=gamesPage&placeId=4629209674&playContext=gamesPage&position=31&sortPos=5&universeId=1520491885',119),(4640354700,'Ben 10 Super Hero Time','2020-01-29','2025-08-06',6,'https://www.roblox.com/games/4640354700/Ben-10-Super-Hero-Time?appliedFilters=device%253Dcomputer%252Cage%253Dall%252Ccountry%253Dall&discoverPageSessionInfo=01c05573-f673-4a65-9599-7527054a25ec&gameSetTargetId=651&gameSetTypeId=23&isAd=false&nativeAdData=&numberOfLoadedTiles=74&page=gamesPage&placeId=4640354700&playContext=gamesPage&position=37&sortPos=15&universeId=1527252839',29),(4651779470,'RECOIL','2020-02-02','2023-10-15',7,'https://www.roblox.com/games/4651779470/RECOIL?appliedFilters=device%253Dcomputer%252Cage%253Dall%252Ccountry%253Dall&discoverPageSessionInfo=01c05573-f673-4a65-9599-7527054a25ec&gameSetTargetId=660&gameSetTypeId=23&isAd=false&nativeAdData=&numberOfLoadedTiles=52&page=gamesPage&placeId=4651779470&playContext=gamesPage&position=22&sortPos=14&universeId=1534453623',8),(4936591712,'SPLASH  Skate  Music','2020-04-24','2025-08-08',4,'https://www.roblox.com/games/4936591712/SPLASH-Skate-Music?appliedFilters=device%253Dcomputer%252Cage%253Dall%252Ccountry%253Dall&discoverPageSessionInfo=01c05573-f673-4a65-9599-7527054a25ec&gameSetTargetId=664&gameSetTypeId=23&isAd=false&nativeAdData=&numberOfLoadedTiles=90&page=gamesPage&placeId=4936591712&playContext=gamesPage&position=78&sortPos=13&universeId=1692631458',122),(5098630929,'Tiny Wheels','2020-05-28','2025-08-06',4,'https://www.roblox.com/games/5098630929/Tiny-Wheels?appliedFilters=device%253Dcomputer%252Cage%253Dall%252Ccountry%253Dall&discoverPageSessionInfo=01c05573-f673-4a65-9599-7527054a25ec&gameSetTargetId=664&gameSetTypeId=23&isAd=false&nativeAdData=&numberOfLoadedTiles=90&page=gamesPage&placeId=5098630929&playContext=gamesPage&position=28&sortPos=13&universeId=1766958151',66),(5656754541,'World Tower Defense [ARDUOUS REWORK]','2020-09-06','2025-08-07',12,'https://www.roblox.com/games/5656754541/World-Tower-Defense-1-16?appliedFilters=device%253Dcomputer%252Cage%253Dall%252Ccountry%253Dall&discoverPageSessionInfo=01c05573-f673-4a65-9599-7527054a25ec&gameSetTargetId=237&gameSetTypeId=23&isAd=false&nativeAdData=&numberOfLoadedTiles=80&page=gamesPage&placeId=5656754541&playContext=gamesPage&position=71&sortPos=5&universeId=1990050272',34),(5683833663,'Ragdoll Engine','2020-09-12','2025-08-06',8,'https://www.roblox.com/games/5683833663/Ragdoll-Engine?appliedFilters=device%253Dcomputer%252Cage%253Dall%252Ccountry%253Dall&discoverPageSessionInfo=01c05573-f673-4a65-9599-7527054a25ec&gameSetTargetId=222&gameSetTypeId=23&isAd=false&nativeAdData=&numberOfLoadedTiles=70&page=gamesPage&placeId=5683833663&playContext=gamesPage&position=49&sortPos=4&universeId=2007050448',72),(6206310576,'Old A Bizarre Day','2021-01-08','2025-08-08',6,'https://www.roblox.com/games/6206310576/TRADING-Old-A-Bizarre-Day?appliedFilters=device%253Dcomputer%252Cage%253Dall%252Ccountry%253Dall&discoverPageSessionInfo=01c05573-f673-4a65-9599-7527054a25ec&gameSetTargetId=651&gameSetTypeId=23&isAd=false&nativeAdData=&numberOfLoadedTiles=74&page=gamesPage&placeId=6206310576&playContext=gamesPage&position=17&sortPos=15&universeId=2275514399',141),(6430630495,'Korean BBQ Restaurant [Preparing for a remake...]','2021-02-22','2025-08-04',13,'https://www.roblox.com/games/6430630495/Korean-BBQ-Restaurant-Preparing-for-a-remake?appliedFilters=device%253Dcomputer%252Cage%253Dall%252Ccountry%253Dall&discoverPageSessionInfo=01c05573-f673-4a65-9599-7527054a25ec&gameSetTargetId=659&gameSetTypeId=23&isAd=false&nativeAdData=&numberOfLoadedTiles=91&page=gamesPage&placeId=6430630495&playContext=gamesPage&position=48&sortPos=21&universeId=2394934836',38),(6589412525,'Rail Frenzy','2021-03-31','2025-05-01',1,'https://www.roblox.com/games/6589412525/Rail-Frenzy?appliedFilters=device%253Dcomputer%252Cage%253Dall%252Ccountry%253Dall&discoverPageSessionInfo=01c05573-f673-4a65-9599-7527054a25ec&gameSetTargetId=656&gameSetTypeId=23&isAd=false&nativeAdData=&numberOfLoadedTiles=82&page=gamesPage&placeId=6589412525&playContext=gamesPage&position=67&sortPos=19&universeId=2480517375',22),(6678877691,'ZO SAMURAI SWORD FIGHTING','2021-04-14','2025-07-12',6,'https://www.roblox.com/games/6678877691/ZO-SAMURAI-SWORD-FIGHTING?appliedFilters=device%253Dcomputer%252Cage%253Dall%252Ccountry%253Dall&discoverPageSessionInfo=01c05573-f673-4a65-9599-7527054a25ec&gameSetTargetId=222&gameSetTypeId=23&isAd=false&nativeAdData=&numberOfLoadedTiles=70&page=gamesPage&placeId=6678877691&playContext=gamesPage&position=45&sortPos=4&universeId=2516044547',112),(6722921118,'Color Book','2021-04-25','2025-07-21',1,'https://www.roblox.com/games/6722921118/Color-Book?appliedFilters=device%253Dcomputer%252Cage%253Dall%252Ccountry%253Dall&discoverPageSessionInfo=01c05573-f673-4a65-9599-7527054a25ec&gameSetTargetId=656&gameSetTypeId=23&isAd=false&nativeAdData=&numberOfLoadedTiles=82&page=gamesPage&placeId=6722921118&playContext=gamesPage&position=60&sortPos=19&universeId=2541236151',145),(6855783063,'[0.9.2]Batman Gotham Stories','2021-05-24','2025-04-06',14,'https://www.roblox.com/games/6855783063/0-9-2-Batman-Gotham-Stories?discoverPageSessionInfo=01c05573-f673-4a65-9599-7527054a25ec&gameSetTargetId=669&gameSetTypeId=23&isAd=false&nativeAdData=&numberOfLoadedTiles=62&page=gamesPage&placeId=6855783063&playContext=gamesPage&position=42&sortPos=7&universeId=2610672811',54),(6953291455,'Eating Simulator','2021-06-14','2025-08-02',8,'https://www.roblox.com/games/6953291455/Eating-Simulator?discoverPageSessionInfo=01c05573-f673-4a65-9599-7527054a25ec&gameSetTargetId=670&gameSetTypeId=23&isAd=false&nativeAdData=&numberOfLoadedTiles=98&page=gamesPage&placeId=6953291455&playContext=gamesPage&position=76&sortPos=8&universeId=2663599422',113),(7041939546,'Catalog Avatar Creator','2021-07-04','2025-08-08',16,'https://www.roblox.com/games/7041939546/Catalog-Avatar-Creator?appliedFilters=device%253Dcomputer%252Cage%253Dall%252Ccountry%253Dall&discoverPageSessionInfo=01c05573-f673-4a65-9599-7527054a25ec&gameSetTargetId=237&gameSetTypeId=23&isAd=false&nativeAdData=&numberOfLoadedTiles=80&page=gamesPage&placeId=7041939546&playContext=gamesPage&position=61&sortPos=5&universeId=2711375305',133),(7052580219,'Truck Testing Remaster','2021-07-06','2025-07-31',8,'https://www.roblox.com/games/7052580219/Truck-Testing-Remaster?appliedFilters=device%253Dcomputer%252Cage%253Dall%252Ccountry%253Dall&discoverPageSessionInfo=01c05573-f673-4a65-9599-7527054a25ec&gameSetTargetId=662&gameSetTypeId=23&isAd=false&nativeAdData=&numberOfLoadedTiles=97&page=gamesPage&placeId=7052580219&playContext=gamesPage&position=86&sortPos=23&universeId=2717209656',171),(7180042682,'[ UPD] Military Tycoon','2021-07-31','2025-08-08',8,'https://www.roblox.com/games/7180042682/UPD-Military-Tycoon?appliedFilters=device%253Dcomputer%252Cage%253Dall%252Ccountry%253Dall&discoverPageSessionInfo=01c05573-f673-4a65-9599-7527054a25ec&gameSetTargetId=241&gameSetTypeId=23&isAd=false&nativeAdData=&numberOfLoadedTiles=86&page=gamesPage&placeId=7180042682&playContext=gamesPage&position=57&sortPos=6&universeId=2788648141',50),(7554888362,'[SKY SQUID] Squid Game X','2021-09-25','2025-08-03',1,'https://www.roblox.com/games/7554888362/SKY-SQUID-Squid-Game-X?appliedFilters=device%253Dcomputer%252Cage%253Dall%252Ccountry%253Dall&discoverPageSessionInfo=01c05573-f673-4a65-9599-7527054a25ec&gameSetTargetId=241&gameSetTypeId=23&isAd=false&nativeAdData=&numberOfLoadedTiles=86&page=gamesPage&placeId=7554888362&playContext=gamesPage&position=56&sortPos=6&universeId=2936053166',21),(7577961216,'(Testing) Squid Game X','2021-09-27','2025-08-08',1,'https://www.roblox.com/games/7577961216/Testing-Squid-Game-X?appliedFilters=device%253Dcomputer%252Cage%253Dall%252Ccountry%253Dall&discoverPageSessionInfo=01c05573-f673-4a65-9599-7527054a25ec&gameSetTargetId=656&gameSetTypeId=23&isAd=false&nativeAdData=&numberOfLoadedTiles=82&page=gamesPage&placeId=7577961216&playContext=gamesPage&position=61&sortPos=19&universeId=2943850166',21),(7711635737,'Emergency Hamburg','2021-10-11','2025-07-23',13,'https://www.roblox.com/games/7711635737/Emergency-Hamburg?discoverPageSessionInfo=01c05573-f673-4a65-9599-7527054a25ec&gameSetTargetId=671&gameSetTypeId=23&isAd=false&nativeAdData=&numberOfLoadedTiles=92&page=gamesPage&placeId=7711635737&playContext=gamesPage&position=31&sortPos=3&universeId=2992873140',75),(8369888266,'Redcliff City RP','2021-12-27','2025-07-30',13,'https://www.roblox.com/games/8369888266/Redcliff-City-RP?appliedFilters=device%253Dcomputer%252Cage%253Dall%252Ccountry%253Dall&discoverPageSessionInfo=01c05573-f673-4a65-9599-7527054a25ec&gameSetTargetId=222&gameSetTypeId=23&isAd=false&nativeAdData=&numberOfLoadedTiles=70&page=gamesPage&placeId=8369888266&playContext=gamesPage&position=9&sortPos=4&universeId=3204175584',174),(8571687919,'LOCOfficial','2022-01-18','2025-07-25',12,'https://www.roblox.com/games/8571687919/LOCOfficial?appliedFilters=device%253Dcomputer%252Cage%253Dall%252Ccountry%253Dall&discoverPageSessionInfo=01c05573-f673-4a65-9599-7527054a25ec&gameSetTargetId=238&gameSetTypeId=23&isAd=false&nativeAdData=&numberOfLoadedTiles=87&page=gamesPage&placeId=8571687919&playContext=gamesPage&position=46&sortPos=1&universeId=3267012194',96),(8737602449,'PLS DONATE','2022-02-05','2025-08-04',10,'https://www.roblox.com/games/8737602449/PLS-DONATE?appliedFilters=device%253Dcomputer%252Cage%253Dall%252Ccountry%253Dall&discoverPageSessionInfo=01c05573-f673-4a65-9599-7527054a25ec&gameSetTargetId=223&gameSetTypeId=23&isAd=false&nativeAdData=&numberOfLoadedTiles=90&page=gamesPage&placeId=8737602449&playContext=gamesPage&position=21&sortPos=10&universeId=3317679266',17),(8848607186,'Digital Piano','2022-02-17','2025-04-28',15,'https://www.roblox.com/games/8848607186/Digital-Piano?appliedFilters=device%253Dcomputer%252Cage%253Dall%252Ccountry%253Dall&discoverPageSessionInfo=01c05573-f673-4a65-9599-7527054a25ec&gameSetTargetId=654&gameSetTypeId=23&isAd=false&nativeAdData=&numberOfLoadedTiles=33&page=gamesPage&placeId=8848607186&playContext=gamesPage&position=6&sortPos=17&universeId=3349588628',103),(8876147780,'Freshly Shopping Thorngate Park Store','2022-02-20','2025-08-07',13,'https://www.roblox.com/games/8876147780/Freshly-Shopping-Thorngate-Park-Store?appliedFilters=device%253Dcomputer%252Cage%253Dall%252Ccountry%253Dall&discoverPageSessionInfo=01c05573-f673-4a65-9599-7527054a25ec&gameSetTargetId=659&gameSetTypeId=23&isAd=false&nativeAdData=&numberOfLoadedTiles=91&page=gamesPage&placeId=8876147780&playContext=gamesPage&position=22&sortPos=21&universeId=3357087159',94),(9051087354,'rosumania 7.50.1  Music  Rhythm','2022-03-09','2025-07-30',6,'https://www.roblox.com/games/9051087354/rosu-mania-7-50-1-Music-Rhythm?discoverPageSessionInfo=01c05573-f673-4a65-9599-7527054a25ec&gameSetTargetId=668&gameSetTypeId=23&isAd=false&nativeAdData=&numberOfLoadedTiles=58&page=gamesPage&placeId=9051087354&playContext=gamesPage&position=30&sortPos=9&universeId=3405992067',86),(9391468976,'[CURSED PARTNERS] Jujutsu Shenanigans','2022-04-17','2025-07-26',6,'https://www.roblox.com/games/9391468976/CURSED-PARTNERS-Jujutsu-Shenanigans?appliedFilters=device%253Dcomputer%252Cage%253Dall%252Ccountry%253Dall&discoverPageSessionInfo=01c05573-f673-4a65-9599-7527054a25ec&gameSetTargetId=241&gameSetTypeId=23&isAd=false&nativeAdData=&numberOfLoadedTiles=86&page=gamesPage&placeId=9391468976&playContext=gamesPage&position=76&sortPos=6&universeId=3508322461',NULL),(9665612064,'[TRAILBLAZERS] FUT 25','2022-05-19','2025-08-04',4,'https://www.roblox.com/games/9665612064/TRAILBLAZERS-FUT-25?appliedFilters=device%253Dcomputer%252Cage%253Dall%252Ccountry%253Dall&discoverPageSessionInfo=01c05573-f673-4a65-9599-7527054a25ec&gameSetTargetId=664&gameSetTypeId=23&isAd=false&nativeAdData=&numberOfLoadedTiles=90&page=gamesPage&placeId=9665612064&playContext=gamesPage&position=2&sortPos=13&universeId=3590268018',143),(9872472334,'Evade','2022-06-11','2025-08-07',3,'https://www.roblox.com/games/9872472334/Evade-PLUSHIE?discoverPageSessionInfo=01c05573-f673-4a65-9599-7527054a25ec&gameSetTargetId=671&gameSetTypeId=23&isAd=false&nativeAdData=&numberOfLoadedTiles=92&page=gamesPage&placeId=9872472334&playContext=gamesPage&position=20&sortPos=3&universeId=3647333358',79),(10001065412,'Colors in Question','2022-06-23','2025-07-04',9,'https://www.roblox.com/games/10001065412/Colors-in-Question?appliedFilters=device%253Dcomputer%252Cage%253Dall%252Ccountry%253Dall&discoverPageSessionInfo=01c05573-f673-4a65-9599-7527054a25ec&gameSetTargetId=657&gameSetTypeId=23&isAd=false&nativeAdData=&numberOfLoadedTiles=30&page=gamesPage&placeId=10001065412&playContext=gamesPage&position=21&sortPos=20&universeId=3684063910',106),(10449761463,'The Strongest Battlegrounds','2022-08-02','2025-07-27',6,'https://www.roblox.com/games/10449761463/The-Strongest-Battlegrounds?appliedFilters=device%253Dcomputer%252Cage%253Dall%252Ccountry%253Dall&discoverPageSessionInfo=01c05573-f673-4a65-9599-7527054a25ec&gameSetTargetId=237&gameSetTypeId=23&isAd=false&nativeAdData=&numberOfLoadedTiles=80&page=gamesPage&placeId=10449761463&playContext=gamesPage&position=15&sortPos=5&universeId=3808081382',136),(10962282214,'[ALPHA] Rail Sim Universe Pre-Release','2022-09-20','2025-08-05',8,'https://www.roblox.com/games/10962282214/ALPHA-Rail-Sim-Universe-Pre-Release?discoverPageSessionInfo=01c05573-f673-4a65-9599-7527054a25ec&gameSetTargetId=669&gameSetTypeId=23&isAd=false&nativeAdData=&numberOfLoadedTiles=62&page=gamesPage&placeId=10962282214&playContext=gamesPage&position=15&sortPos=7&universeId=3951824888',155),(11276071411,'[] NPC or DIE [RECODE]','2022-10-15','2025-08-06',3,'https://www.roblox.com/games/11276071411/RECODE-NPC-or-DIE?appliedFilters=device%253Dcomputer%252Cage%253Dall%252Ccountry%253Dall&discoverPageSessionInfo=01c05573-f673-4a65-9599-7527054a25ec&gameSetTargetId=673&gameSetTypeId=23&isAd=false&nativeAdData=&numberOfLoadedTiles=90&page=gamesPage&placeId=11276071411&playContext=gamesPage&position=11&sortPos=11&universeId=4019583467',117),(12135640403,'Anime Dungeon Fighters[Demon Slayer]','2023-01-13','2025-08-01',11,'https://www.roblox.com/games/12135640403/Anime-Dungeon-Fighters-Demon-Slayer?appliedFilters=device%253Dcomputer%252Cage%253Dall%252Ccountry%253Dall&discoverPageSessionInfo=01c05573-f673-4a65-9599-7527054a25ec&gameSetTargetId=658&gameSetTypeId=23&isAd=false&nativeAdData=&numberOfLoadedTiles=73&page=gamesPage&placeId=12135640403&playContext=gamesPage&position=22&sortPos=12&universeId=4280744785',27),(12338455185,'Resort Tycoon 2','2023-02-01','2025-06-15',8,'https://www.roblox.com/games/12338455185/Resort-Tycoon-2?discoverPageSessionInfo=01c05573-f673-4a65-9599-7527054a25ec&gameSetTargetId=670&gameSetTypeId=23&isAd=false&nativeAdData=&numberOfLoadedTiles=98&page=gamesPage&placeId=12338455185&playContext=gamesPage&position=75&sortPos=8&universeId=4343544885',NULL),(12397515839,'Silly Simon Says','2023-02-06','2025-08-08',1,'https://www.roblox.com/games/12397515839/Silly-Simon-Says?appliedFilters=device%253Dcomputer%252Cage%253Dall%252Ccountry%253Dall&discoverPageSessionInfo=01c05573-f673-4a65-9599-7527054a25ec&gameSetTargetId=656&gameSetTypeId=23&isAd=false&nativeAdData=&numberOfLoadedTiles=82&page=gamesPage&placeId=12397515839&playContext=gamesPage&position=55&sortPos=19&universeId=4362587875',139),(12407250267,'[NEW] Keys  Season 24','2023-02-07','2025-07-31',3,'https://www.roblox.com/games/12407250267/NEW-Keys-Season-23?discoverPageSessionInfo=01c05573-f673-4a65-9599-7527054a25ec&gameSetTargetId=671&gameSetTypeId=23&isAd=false&nativeAdData=&numberOfLoadedTiles=92&page=gamesPage&placeId=12407250267&playContext=gamesPage&position=72&sortPos=3&universeId=4365819446',30),(12886143095,'[ UPD 64  Event] Anime Last Stand','2023-03-25','2025-08-07',12,'https://www.roblox.com/games/12886143095/UPD-62-Anime-Last-Stand?discoverPageSessionInfo=01c05573-f673-4a65-9599-7527054a25ec&gameSetTargetId=670&gameSetTypeId=23&isAd=false&nativeAdData=&numberOfLoadedTiles=98&page=gamesPage&placeId=12886143095&playContext=gamesPage&position=89&sortPos=8&universeId=4509896324',150),(12986400307,'[Level Event][Star]Sword Warriors','2023-04-03','2025-08-04',8,'https://www.roblox.com/games/12986400307/2nd-Event-Free-Titan-Sword-Warriors?discoverPageSessionInfo=01c05573-f673-4a65-9599-7527054a25ec&gameSetTargetId=670&gameSetTypeId=23&isAd=false&nativeAdData=&numberOfLoadedTiles=98&page=gamesPage&placeId=12986400307&playContext=gamesPage&position=92&sortPos=8&universeId=4540494160',46),(13379208636,'Attack on Titan Revolution','2023-05-08','2025-07-30',11,'https://www.roblox.com/games/13379208636/Attack-on-Titan-Revolution?discoverPageSessionInfo=01c05573-f673-4a65-9599-7527054a25ec&gameSetTargetId=670&gameSetTypeId=23&isAd=false&nativeAdData=&numberOfLoadedTiles=98&page=gamesPage&placeId=13379208636&playContext=gamesPage&position=85&sortPos=8&universeId=4658598196',93),(13521186297,'Hot Pot Restaurant','2023-05-23','2025-02-06',13,'https://www.roblox.com/games/13521186297/Hot-Pot-Restaurant?appliedFilters=device%253Dcomputer%252Cage%253Dall%252Ccountry%253Dall&discoverPageSessionInfo=01c05573-f673-4a65-9599-7527054a25ec&gameSetTargetId=659&gameSetTypeId=23&isAd=false&nativeAdData=&numberOfLoadedTiles=91&page=gamesPage&placeId=13521186297&playContext=gamesPage&position=31&sortPos=21&universeId=4701326804',156),(14419907512,'Zombie game [upd3]','2023-08-13','2025-01-23',6,'https://www.roblox.com/games/14419907512/Zombie-game-upd3?appliedFilters=device%253Dcomputer%252Cage%253Dall%252Ccountry%253Dall&discoverPageSessionInfo=01c05573-f673-4a65-9599-7527054a25ec&gameSetTargetId=651&gameSetTypeId=23&isAd=false&nativeAdData=&numberOfLoadedTiles=74&page=gamesPage&placeId=14419907512&playContext=gamesPage&position=20&sortPos=15&universeId=4982226076',51),(14895218677,'PAWS Pet Hospital','2023-09-27','2025-07-13',13,'https://www.roblox.com/games/14895218677/PAWS-Pet-Hospital?appliedFilters=device%253Dcomputer%252Cage%253Dall%252Ccountry%253Dall&discoverPageSessionInfo=01c05573-f673-4a65-9599-7527054a25ec&gameSetTargetId=659&gameSetTypeId=23&isAd=false&nativeAdData=&numberOfLoadedTiles=91&page=gamesPage&placeId=14895218677&playContext=gamesPage&position=29&sortPos=21&universeId=5131771588',132),(14970015233,'Watermelon GO [Fruit Game]','2023-10-05','2025-07-18',9,'https://www.roblox.com/games/14970015233/Watermelon-GO-Fruit-Game?appliedFilters=device%253Dcomputer%252Cage%253Dall%252Ccountry%253Dall&discoverPageSessionInfo=01c05573-f673-4a65-9599-7527054a25ec&gameSetTargetId=657&gameSetTypeId=23&isAd=false&nativeAdData=&numberOfLoadedTiles=30&page=gamesPage&placeId=14970015233&playContext=gamesPage&position=9&sortPos=20&universeId=5156590883',159),(15133985014,'[GAGAMARU] Freestyle Football','2023-10-22','2025-08-06',4,'https://www.roblox.com/games/15133985014/GAGAMARU-Freestyle-Football?appliedFilters=device%253Dcomputer%252Cage%253Dall%252Ccountry%253Dall&discoverPageSessionInfo=01c05573-f673-4a65-9599-7527054a25ec&gameSetTargetId=237&gameSetTypeId=23&isAd=false&nativeAdData=&numberOfLoadedTiles=80&page=gamesPage&placeId=15133985014&playContext=gamesPage&position=32&sortPos=5&universeId=5215846239',32),(15180042075,'Fruit Game','2023-10-27','2024-12-21',9,'https://www.roblox.com/games/15180042075/Fruit-Game?appliedFilters=device%253Dcomputer%252Cage%253Dall%252Ccountry%253Dall&discoverPageSessionInfo=01c05573-f673-4a65-9599-7527054a25ec&gameSetTargetId=657&gameSetTypeId=23&isAd=false&nativeAdData=&numberOfLoadedTiles=30&page=gamesPage&placeId=15180042075&playContext=gamesPage&position=22&sortPos=20&universeId=5232746563',14),(15313073197,'Anime Combats Simulator','2023-11-10','2025-08-04',8,'https://www.roblox.com/games/15313073197/Anime-Combats-Simulator?discoverPageSessionInfo=01c05573-f673-4a65-9599-7527054a25ec&gameSetTargetId=670&gameSetTypeId=23&isAd=false&nativeAdData=&numberOfLoadedTiles=98&page=gamesPage&placeId=15313073197&playContext=gamesPage&position=29&sortPos=8&universeId=5281426065',124),(15532962292,'Sols RNG [ Fishing Beta  ]','2023-12-03','2025-08-07',8,'https://www.roblox.com/games/15532962292/Sols-RNG-Sand-Worm?appliedFilters=device%253Dcomputer%252Cage%253Dall%252Ccountry%253Dall&discoverPageSessionInfo=01c05573-f673-4a65-9599-7527054a25ec&gameSetTargetId=237&gameSetTypeId=23&isAd=false&nativeAdData=&numberOfLoadedTiles=80&page=gamesPage&placeId=15532962292&playContext=gamesPage&position=14&sortPos=5&universeId=5361032378',NULL),(15583100726,'Basketball Stars 3','2023-12-09','2025-08-07',4,'https://www.roblox.com/games/15583100726/Basketball-Stars-3?appliedFilters=device%253Dcomputer%252Cage%253Dall%252Ccountry%253Dall&discoverPageSessionInfo=01c05573-f673-4a65-9599-7527054a25ec&gameSetTargetId=664&gameSetTypeId=23&isAd=false&nativeAdData=&numberOfLoadedTiles=90&page=gamesPage&placeId=15583100726&playContext=gamesPage&position=89&sortPos=13&universeId=5379950946',165),(15685372384,'[UPD] UNORTHODOX ACCOUNTING','2023-12-20','2025-08-03',7,'https://www.roblox.com/games/15685372384/UNORTHODOX-ACCOUNTING?appliedFilters=device%253Dcomputer%252Cage%253Dall%252Ccountry%253Dall&discoverPageSessionInfo=01c05573-f673-4a65-9599-7527054a25ec&gameSetTargetId=660&gameSetTypeId=23&isAd=false&nativeAdData=&numberOfLoadedTiles=52&page=gamesPage&placeId=15685372384&playContext=gamesPage&position=21&sortPos=14&universeId=5418349743',31),(15715250396,'LankyBox Concert ULTIMATE','2023-12-23','2025-08-08',15,'https://www.roblox.com/games/15715250396/LankyBox-Concert-LIVE?discoverPageSessionInfo=01c05573-f673-4a65-9599-7527054a25ec&gameSetTargetId=668&gameSetTypeId=23&isAd=false&nativeAdData=&numberOfLoadedTiles=58&page=gamesPage&placeId=15715250396&playContext=gamesPage&position=14&sortPos=9&universeId=5429414398',92),(15743235834,'Order Up','2023-12-25','2025-07-19',1,'https://www.roblox.com/games/15743235834/Order-Up?appliedFilters=device%253Dcomputer%252Cage%253Dall%252Ccountry%253Dall&discoverPageSessionInfo=01c05573-f673-4a65-9599-7527054a25ec&gameSetTargetId=656&gameSetTypeId=23&isAd=false&nativeAdData=&numberOfLoadedTiles=82&page=gamesPage&placeId=15743235834&playContext=gamesPage&position=20&sortPos=19&universeId=5440357767',9),(16087546880,'Survive The Zombies The Killers','2024-01-23','2025-07-29',7,'https://www.roblox.com/games/16087546880/Survive-The-Zombies-The-Killers?appliedFilters=device%253Dcomputer%252Cage%253Dall%252Ccountry%253Dall&discoverPageSessionInfo=01c05573-f673-4a65-9599-7527054a25ec&gameSetTargetId=660&gameSetTypeId=23&isAd=false&nativeAdData=&numberOfLoadedTiles=52&page=gamesPage&placeId=16087546880&playContext=gamesPage&position=5&sortPos=14&universeId=5560226875',144),(16181108359,'Which friend do you save','2024-01-31','2025-06-04',1,'https://www.roblox.com/games/16181108359/Which-friend-do-you-save?appliedFilters=device%253Dcomputer%252Cage%253Dall%252Ccountry%253Dall&discoverPageSessionInfo=01c05573-f673-4a65-9599-7527054a25ec&gameSetTargetId=656&gameSetTypeId=23&isAd=false&nativeAdData=&numberOfLoadedTiles=82&page=gamesPage&placeId=16181108359&playContext=gamesPage&position=79&sortPos=19&universeId=5588721964',12),(16343978644,'Escape Room Academy','2024-02-12','2025-07-17',9,'https://www.roblox.com/games/16343978644/Escape-Room-Academy?appliedFilters=device%253Dcomputer%252Cage%253Dall%252Ccountry%253Dall&discoverPageSessionInfo=01c05573-f673-4a65-9599-7527054a25ec&gameSetTargetId=657&gameSetTypeId=23&isAd=false&nativeAdData=&numberOfLoadedTiles=30&page=gamesPage&placeId=16343978644&playContext=gamesPage&position=16&sortPos=20&universeId=5637228071',67),(16648064928,'Audio Controller','2024-03-07','2025-08-07',15,'https://www.roblox.com/games/16648064928/Audio-Controller?discoverPageSessionInfo=01c05573-f673-4a65-9599-7527054a25ec&gameSetTargetId=668&gameSetTypeId=23&isAd=false&nativeAdData=&numberOfLoadedTiles=58&page=gamesPage&placeId=16648064928&playContext=gamesPage&position=13&sortPos=9&universeId=5726732822',99),(16864008714,'CNA Simulator','2024-03-25','2025-08-08',8,'https://www.roblox.com/games/16864008714/CNA-Simulator?appliedFilters=device%253Dcomputer%252Cage%253Dall%252Ccountry%253Dall&discoverPageSessionInfo=01c05573-f673-4a65-9599-7527054a25ec&gameSetTargetId=659&gameSetTypeId=23&isAd=false&nativeAdData=&numberOfLoadedTiles=91&page=gamesPage&placeId=16864008714&playContext=gamesPage&position=75&sortPos=21&universeId=5794311181',69),(16981421605,'Reborn As Swordsman','2024-04-02','2025-08-07',8,'https://www.roblox.com/games/16981421605/Reborn-As-Swordsman?discoverPageSessionInfo=01c05573-f673-4a65-9599-7527054a25ec&gameSetTargetId=670&gameSetTypeId=23&isAd=false&nativeAdData=&numberOfLoadedTiles=98&page=gamesPage&placeId=16981421605&playContext=gamesPage&position=96&sortPos=8&universeId=5827120940',126),(16991287194,'[RECODE] something evil will happen','2024-04-03','2025-08-04',3,'https://www.roblox.com/games/16991287194/RECODE-something-evil-will-happen?appliedFilters=device%253Dcomputer%252Cage%253Dall%252Ccountry%253Dall&discoverPageSessionInfo=01c05573-f673-4a65-9599-7527054a25ec&gameSetTargetId=222&gameSetTypeId=23&isAd=false&nativeAdData=&numberOfLoadedTiles=70&page=gamesPage&placeId=16991287194&playContext=gamesPage&position=26&sortPos=4&universeId=5829613337',18),(17192092512,'Deermont [RP]','2024-04-19','2025-07-08',13,'https://www.roblox.com/games/17192092512/Deermont-RP?appliedFilters=device%253Dcomputer%252Cage%253Dall%252Ccountry%253Dall&discoverPageSessionInfo=01c05573-f673-4a65-9599-7527054a25ec&gameSetTargetId=659&gameSetTypeId=23&isAd=false&nativeAdData=&numberOfLoadedTiles=91&page=gamesPage&placeId=17192092512&playContext=gamesPage&position=34&sortPos=21&universeId=5887211857',55),(17439875687,'','2024-05-10','2025-08-07',8,'https://www.roblox.com/games/17439875687/Low-Club-REDEASED-2-0-NEW-MAP?discoverPageSessionInfo=01c05573-f673-4a65-9599-7527054a25ec&gameSetTargetId=668&gameSetTypeId=23&isAd=false&nativeAdData=&numberOfLoadedTiles=58&page=gamesPage&placeId=17439875687&playContext=gamesPage&position=10&sortPos=9&universeId=5968213228',49),(17450551531,'[Trading] Gym League','2024-05-11','2025-08-05',8,'https://www.roblox.com/games/17450551531/UPD-Gym-League?appliedFilters=device%253Dcomputer%252Cage%253Dall%252Ccountry%253Dall&discoverPageSessionInfo=01c05573-f673-4a65-9599-7527054a25ec&gameSetTargetId=673&gameSetTypeId=23&isAd=false&nativeAdData=&numberOfLoadedTiles=90&page=gamesPage&placeId=17450551531&playContext=gamesPage&position=34&sortPos=11&universeId=5972059550',41),(17487086188,'void fishing','2024-05-14','2025-06-28',8,'https://www.roblox.com/games/17487086188/void-fishing?discoverPageSessionInfo=01c05573-f673-4a65-9599-7527054a25ec&gameSetTargetId=670&gameSetTypeId=23&isAd=false&nativeAdData=&numberOfLoadedTiles=98&page=gamesPage&placeId=17487086188&playContext=gamesPage&position=1&sortPos=8&universeId=5985126622',140),(17670743999,'[UPD] Cake Off','2024-05-31','2025-08-05',1,'https://www.roblox.com/games/17670743999/UPD-Cake-Off?appliedFilters=device%253Dcomputer%252Cage%253Dall%252Ccountry%253Dall&discoverPageSessionInfo=01c05573-f673-4a65-9599-7527054a25ec&gameSetTargetId=656&gameSetTypeId=23&isAd=false&nativeAdData=&numberOfLoadedTiles=82&page=gamesPage&placeId=17670743999&playContext=gamesPage&position=21&sortPos=19&universeId=6052033819',NULL),(17788997511,'Fatal Combat','2024-06-09','2025-08-06',6,'https://www.roblox.com/games/17788997511/Fatal-Combat?appliedFilters=device%253Dcomputer%252Cage%253Dall%252Ccountry%253Dall&discoverPageSessionInfo=01c05573-f673-4a65-9599-7527054a25ec&gameSetTargetId=651&gameSetTypeId=23&isAd=false&nativeAdData=&numberOfLoadedTiles=74&page=gamesPage&placeId=17788997511&playContext=gamesPage&position=39&sortPos=15&universeId=6094102038',170),(17844293708,'Project Escape Room [MULTIPLAYER]','2024-06-13','2025-08-04',9,'https://www.roblox.com/games/17844293708/Project-Escape-Room-NEW-MAP?appliedFilters=device%253Dcomputer%252Cage%253Dall%252Ccountry%253Dall&discoverPageSessionInfo=01c05573-f673-4a65-9599-7527054a25ec&gameSetTargetId=657&gameSetTypeId=23&isAd=false&nativeAdData=&numberOfLoadedTiles=30&page=gamesPage&placeId=17844293708&playContext=gamesPage&position=5&sortPos=20&universeId=6113928308',60),(18238180555,'Superstar Racers','2024-06-28','2025-08-08',4,'https://www.roblox.com/games/18238180555/Superstar-Racers?appliedFilters=device%253Dcomputer%252Cage%253Dall%252Ccountry%253Dall&discoverPageSessionInfo=01c05573-f673-4a65-9599-7527054a25ec&gameSetTargetId=664&gameSetTypeId=23&isAd=false&nativeAdData=&numberOfLoadedTiles=90&page=gamesPage&placeId=18238180555&playContext=gamesPage&position=9&sortPos=13&universeId=6182655829',104),(18432975025,'Short Horror Games','2024-07-11','2025-08-05',5,'https://www.roblox.com/games/18432975025/Short-Horror-Games?appliedFilters=device%253Dcomputer%252Cage%253Dall%252Ccountry%253Dall&discoverPageSessionInfo=01c05573-f673-4a65-9599-7527054a25ec&gameSetTargetId=652&gameSetTypeId=23&isAd=false&nativeAdData=&numberOfLoadedTiles=78&page=gamesPage&placeId=18432975025&playContext=gamesPage&position=67&sortPos=16&universeId=6247557414',42),(18565120308,'Dont Shatter [2 Player Obby]','2024-07-20','2025-06-20',2,'https://www.roblox.com/games/18565120308/Dont-Shatter-2-Player-Obby?discoverPageSessionInfo=01c05573-f673-4a65-9599-7527054a25ec&gameSetTargetId=670&gameSetTypeId=23&isAd=false&nativeAdData=&numberOfLoadedTiles=98&page=gamesPage&placeId=18565120308&playContext=gamesPage&position=93&sortPos=8&universeId=6290175032',NULL),(18629053284,'[EVENT] Survival Odyssey','2024-07-24','2025-08-08',11,'https://www.roblox.com/games/18629053284/Survival-Odyssey?appliedFilters=device%253Dcomputer%252Cage%253Dall%252Ccountry%253Dall&discoverPageSessionInfo=01c05573-f673-4a65-9599-7527054a25ec&gameSetTargetId=658&gameSetTypeId=23&isAd=false&nativeAdData=&numberOfLoadedTiles=73&page=gamesPage&placeId=18629053284&playContext=gamesPage&position=39&sortPos=12&universeId=6312044888',157),(18649596490,'[RELAPSE] Are you lonely','2024-07-25','2025-08-07',10,'https://www.roblox.com/games/18649596490/RELAPSE-Are-you-lonely?appliedFilters=device%253Dcomputer%252Cage%253Dall%252Ccountry%253Dall&discoverPageSessionInfo=01c05573-f673-4a65-9599-7527054a25ec&gameSetTargetId=222&gameSetTypeId=23&isAd=false&nativeAdData=&numberOfLoadedTiles=70&page=gamesPage&placeId=18649596490&playContext=gamesPage&position=39&sortPos=4&universeId=6318887244',24),(18687417158,'[NOLI] Forsaken','2024-07-28','2025-08-08',3,'https://www.roblox.com/games/18687417158/NOLI-Forsaken?discoverPageSessionInfo=01c05573-f673-4a65-9599-7527054a25ec&gameSetTargetId=671&gameSetTypeId=23&isAd=false&nativeAdData=&numberOfLoadedTiles=92&page=gamesPage&placeId=18687417158&playContext=gamesPage&position=5&sortPos=3&universeId=6331902150',166),(18934709778,'A Long Road - BETA','2024-08-13','2025-07-30',5,'https://www.roblox.com/games/18934709778/CAR-A-Long-Road-BETA?appliedFilters=device%253Dcomputer%252Cage%253Dall%252Ccountry%253Dall&discoverPageSessionInfo=01c05573-f673-4a65-9599-7527054a25ec&gameSetTargetId=652&gameSetTypeId=23&isAd=false&nativeAdData=&numberOfLoadedTiles=78&page=gamesPage&placeId=18934709778&playContext=gamesPage&position=25&sortPos=16&universeId=6413074235',101),(70767845851256,'EXILED','2024-08-31','2025-07-15',5,'https://www.roblox.com/games/70767845851256/EXILED?appliedFilters=device%253Dcomputer%252Cage%253Dall%252Ccountry%253Dall&discoverPageSessionInfo=01c05573-f673-4a65-9599-7527054a25ec&gameSetTargetId=652&gameSetTypeId=23&isAd=false&nativeAdData=&numberOfLoadedTiles=78&page=gamesPage&placeId=70767845851256&playContext=gamesPage&position=63&sortPos=16&universeId=6489669774',77),(71412777087552,'Chicken Jockey [2 Player Obby]','2025-04-16','2025-06-25',2,'https://www.roblox.com/games/71412777087552/Chicken-Jockey-2-Player-Obby?appliedFilters=device%253Dcomputer%252Cage%253Dall%252Ccountry%253Dall&discoverPageSessionInfo=01c05573-f673-4a65-9599-7527054a25ec&gameSetTargetId=655&gameSetTypeId=23&isAd=false&nativeAdData=&numberOfLoadedTiles=95&page=gamesPage&placeId=71412777087552&playContext=gamesPage&position=78&sortPos=18&universeId=7546135071',89),(72212564918217,'Steal A Fish','2025-06-14','2025-08-07',8,'https://www.roblox.com/games/72212564918217/UPD-Steal-A-Fish?appliedFilters=device%253Dcomputer%252Cage%253Dall%252Ccountry%253Dall&discoverPageSessionInfo=01c05573-f673-4a65-9599-7527054a25ec&gameSetTargetId=241&gameSetTypeId=23&isAd=false&nativeAdData=&numberOfLoadedTiles=86&page=gamesPage&placeId=72212564918217&playContext=gamesPage&position=41&sortPos=6&universeId=7907828295',19),(72829404259339,'[  SAO] Anime Rangers X','2024-12-06','2025-08-05',12,'https://www.roblox.com/games/72829404259339/TYBW-2-QOL-Anime-Rangers-X?appliedFilters=device%253Dcomputer%252Cage%253Dall%252Ccountry%253Dall&discoverPageSessionInfo=01c05573-f673-4a65-9599-7527054a25ec&gameSetTargetId=237&gameSetTypeId=23&isAd=false&nativeAdData=&numberOfLoadedTiles=80&page=gamesPage&placeId=72829404259339&playContext=gamesPage&position=13&sortPos=5&universeId=6884266247',68),(73260369529980,'1000000 Jump Rope [SQUID GAME SEASON 3]','2025-07-05','2025-07-24',2,'https://www.roblox.com/games/73260369529980/1-000-000-Jump-Rope-SQUID-GAME-SEASON-3?appliedFilters=device%253Dcomputer%252Cage%253Dall%252Ccountry%253Dall&discoverPageSessionInfo=01c05573-f673-4a65-9599-7527054a25ec&gameSetTargetId=655&gameSetTypeId=23&isAd=false&nativeAdData=&numberOfLoadedTiles=95&page=gamesPage&placeId=73260369529980&playContext=gamesPage&position=80&sortPos=18&universeId=8076774031',123),(73808553296106,'The Diner','2025-01-08','2025-08-06',8,'https://www.roblox.com/games/73808553296106/The-Diner?appliedFilters=device%253Dcomputer%252Cage%253Dall%252Ccountry%253Dall&discoverPageSessionInfo=01c05573-f673-4a65-9599-7527054a25ec&gameSetTargetId=662&gameSetTypeId=23&isAd=false&nativeAdData=&numberOfLoadedTiles=97&page=gamesPage&placeId=73808553296106&playContext=gamesPage&position=27&sortPos=23&universeId=7056703874',45),(73956553001240,'[UPD] Volleyball Legends','2024-12-17','2025-08-07',4,'https://www.roblox.com/games/73956553001240/Volleyball-Legends?discoverPageSessionInfo=01c05573-f673-4a65-9599-7527054a25ec&gameSetTargetId=671&gameSetTypeId=23&isAd=false&nativeAdData=&numberOfLoadedTiles=92&page=gamesPage&placeId=73956553001240&playContext=gamesPage&position=21&sortPos=3&universeId=6931042565',16),(74399004053401,'Pull Hair Tower','2025-06-25','2025-08-07',2,'https://www.roblox.com/games/74399004053401/Pull-Hair-Tower?appliedFilters=device%253Dcomputer%252Cage%253Dall%252Ccountry%253Dall&discoverPageSessionInfo=01c05573-f673-4a65-9599-7527054a25ec&gameSetTargetId=655&gameSetTypeId=23&isAd=false&nativeAdData=&numberOfLoadedTiles=95&page=gamesPage&placeId=74399004053401&playContext=gamesPage&position=10&sortPos=18&universeId=7995420236',172),(75139493550474,'Squid Game Troll Tower','2025-06-14','2025-08-03',2,'https://www.roblox.com/games/75139493550474/Squid-Game-Troll-Tower?discoverPageSessionInfo=01c05573-f673-4a65-9599-7527054a25ec&gameSetTargetId=671&gameSetTypeId=23&isAd=false&nativeAdData=&numberOfLoadedTiles=92&page=gamesPage&placeId=75139493550474&playContext=gamesPage&position=70&sortPos=3&universeId=7912886575',78),(75178747054941,'EQuest Testing [PERSONALITIES]','2025-06-15','2025-08-07',13,'https://www.roblox.com/games/75178747054941/EQuest-Testing-PERSONALITIES?appliedFilters=device%253Dcomputer%252Cage%253Dall%252Ccountry%253Dall&discoverPageSessionInfo=01c05573-f673-4a65-9599-7527054a25ec&gameSetTargetId=659&gameSetTypeId=23&isAd=false&nativeAdData=&numberOfLoadedTiles=91&page=gamesPage&placeId=75178747054941&playContext=gamesPage&position=86&sortPos=21&universeId=7921879545',137),(78486942226809,'Sapling [Achieve  Emote]','2025-04-18','2025-08-06',8,'https://www.roblox.com/games/78486942226809/Sapling-Fields-Flora?appliedFilters=device%253Dcomputer%252Cage%253Dall%252Ccountry%253Dall&discoverPageSessionInfo=01c05573-f673-4a65-9599-7527054a25ec&gameSetTargetId=662&gameSetTypeId=23&isAd=false&nativeAdData=&numberOfLoadedTiles=97&page=gamesPage&placeId=78486942226809&playContext=gamesPage&position=14&sortPos=23&universeId=7558198287',47),(79368456802742,'IQ Rooms [Room90]','2025-04-08','2025-08-07',9,'https://www.roblox.com/games/79368456802742/IQ-Rooms-Room79?appliedFilters=device%253Dcomputer%252Cage%253Dall%252Ccountry%253Dall&discoverPageSessionInfo=01c05573-f673-4a65-9599-7527054a25ec&gameSetTargetId=657&gameSetTypeId=23&isAd=false&nativeAdData=&numberOfLoadedTiles=30&page=gamesPage&placeId=79368456802742&playContext=gamesPage&position=29&sortPos=20&universeId=7506737869',121),(79546208627805,'99 Nights in the Forest  [ SNOW BIOME]','2025-03-04','2025-08-05',3,'https://www.roblox.com/games/79546208627805/99-Nights-in-the-Forest-ALIENS?appliedFilters=device%253Dcomputer%252Cage%253Dall%252Ccountry%253Dall&discoverPageSessionInfo=01c05573-f673-4a65-9599-7527054a25ec&gameSetTargetId=238&gameSetTypeId=23&isAd=false&nativeAdData=&numberOfLoadedTiles=87&page=gamesPage&placeId=79546208627805&playContext=gamesPage&position=0&sortPos=1&universeId=7326934954',NULL),(79657240466394,'Container RNG','2025-05-15','2025-08-07',8,'https://www.roblox.com/games/79657240466394/Container-RNG?appliedFilters=device%253Dcomputer%252Cage%253Dall%252Ccountry%253Dall&discoverPageSessionInfo=01c05573-f673-4a65-9599-7527054a25ec&gameSetTargetId=239&gameSetTypeId=23&isAd=false&nativeAdData=&numberOfLoadedTiles=42&page=gamesPage&placeId=79657240466394&playContext=gamesPage&position=38&sortPos=2&universeId=7703544118',57),(80085043174485,'Project Corsa','2025-05-14','2025-08-07',4,'https://www.roblox.com/games/80085043174485/Project-Corsa?appliedFilters=device%253Dcomputer%252Cage%253Dall%252Ccountry%253Dall&discoverPageSessionInfo=01c05573-f673-4a65-9599-7527054a25ec&gameSetTargetId=664&gameSetTypeId=23&isAd=false&nativeAdData=&numberOfLoadedTiles=90&page=gamesPage&placeId=80085043174485&playContext=gamesPage&position=30&sortPos=13&universeId=7702815023',28),(80316691895873,'Blade League','2024-12-08','2025-03-21',4,'https://www.roblox.com/games/80316691895873/Blade-League?appliedFilters=device%253Dcomputer%252Cage%253Dall%252Ccountry%253Dall&discoverPageSessionInfo=01c05573-f673-4a65-9599-7527054a25ec&gameSetTargetId=664&gameSetTypeId=23&isAd=false&nativeAdData=&numberOfLoadedTiles=90&page=gamesPage&placeId=80316691895873&playContext=gamesPage&position=52&sortPos=13&universeId=6894451805',120),(80989280669685,'[] Steal a Huge Planet','2025-06-12','2025-08-02',8,'https://www.roblox.com/games/80989280669685/Steal-a-Huge-Planet-MYSTERY-Planet?appliedFilters=device%253Dcomputer%252Cage%253Dall%252Ccountry%253Dall&discoverPageSessionInfo=01c05573-f673-4a65-9599-7527054a25ec&gameSetTargetId=662&gameSetTypeId=23&isAd=false&nativeAdData=&numberOfLoadedTiles=97&page=gamesPage&placeId=80989280669685&playContext=gamesPage&position=69&sortPos=23&universeId=7897422375',152),(81072337989394,'[UPD] Tennis Zero','2025-05-21','2025-08-08',4,'https://www.roblox.com/games/81072337989394/RELEASE-Tennis-Zero?appliedFilters=device%253Dcomputer%252Cage%253Dall%252Ccountry%253Dall&discoverPageSessionInfo=01c05573-f673-4a65-9599-7527054a25ec&gameSetTargetId=241&gameSetTypeId=23&isAd=false&nativeAdData=&numberOfLoadedTiles=86&page=gamesPage&placeId=81072337989394&playContext=gamesPage&position=33&sortPos=6&universeId=7744159391',10),(81239378558719,'Hide the body','2025-06-02','2025-08-08',12,'https://www.roblox.com/games/81239378558719/Hide-the-body?appliedFilters=device%253Dcomputer%252Cage%253Dall%252Ccountry%253Dall&discoverPageSessionInfo=01c05573-f673-4a65-9599-7527054a25ec&gameSetTargetId=238&gameSetTypeId=23&isAd=false&nativeAdData=&numberOfLoadedTiles=87&page=gamesPage&placeId=81239378558719&playContext=gamesPage&position=2&sortPos=1&universeId=7823137182',90),(81968724698850,'[UPD] Fish and Fight','2025-06-16','2025-08-07',8,'https://www.roblox.com/games/81968724698850/Fish-and-Fight?appliedFilters=device%253Dcomputer%252Cage%253Dall%252Ccountry%253Dall&discoverPageSessionInfo=01c05573-f673-4a65-9599-7527054a25ec&gameSetTargetId=238&gameSetTypeId=23&isAd=false&nativeAdData=&numberOfLoadedTiles=87&page=gamesPage&placeId=81968724698850&playContext=gamesPage&position=27&sortPos=1&universeId=7926427431',175),(82434557832176,'Pick A Food','2024-11-22','2024-12-01',1,'https://www.roblox.com/games/82434557832176/Pick-A-Food?appliedFilters=device%253Dcomputer%252Cage%253Dall%252Ccountry%253Dall&discoverPageSessionInfo=01c05573-f673-4a65-9599-7527054a25ec&gameSetTargetId=656&gameSetTypeId=23&isAd=false&nativeAdData=&numberOfLoadedTiles=82&page=gamesPage&placeId=82434557832176&playContext=gamesPage&position=31&sortPos=19&universeId=6826136419',NULL),(83273735730446,'Toy Store Simulator [UPD]','2025-05-29','2025-08-07',8,'https://www.roblox.com/games/83273735730446/Toy-Store-Simulator?appliedFilters=device%253Dcomputer%252Cage%253Dall%252Ccountry%253Dall&discoverPageSessionInfo=01c05573-f673-4a65-9599-7527054a25ec&gameSetTargetId=662&gameSetTypeId=23&isAd=false&nativeAdData=&numberOfLoadedTiles=97&page=gamesPage&placeId=83273735730446&playContext=gamesPage&position=73&sortPos=23&universeId=7795202327',173),(83942919686609,'[] Build a Scam Empire','2025-05-04','2025-08-07',8,'https://www.roblox.com/games/83942919686609/Build-a-Scam-Empire?appliedFilters=device%253Dcomputer%252Cage%253Dall%252Ccountry%253Dall&discoverPageSessionInfo=01c05573-f673-4a65-9599-7527054a25ec&gameSetTargetId=673&gameSetTypeId=23&isAd=false&nativeAdData=&numberOfLoadedTiles=90&page=gamesPage&placeId=83942919686609&playContext=gamesPage&position=37&sortPos=11&universeId=7640282930',40),(85896571713843,'2X Bubble Gum Simulator INFINITY','2024-09-03','2025-08-04',8,'https://www.roblox.com/games/85896571713843/Bubble-Gum-Simulator-INFINITY?appliedFilters=device%253Dcomputer%252Cage%253Dall%252Ccountry%253Dall&discoverPageSessionInfo=01c05573-f673-4a65-9599-7527054a25ec&gameSetTargetId=673&gameSetTypeId=23&isAd=false&nativeAdData=&numberOfLoadedTiles=90&page=gamesPage&placeId=85896571713843&playContext=gamesPage&position=46&sortPos=11&universeId=6504986360',162),(87212636993817,'Blue Lock RNG','2025-06-18','2025-08-02',8,'https://www.roblox.com/games/87212636993817/Blue-Lock-RNG?appliedFilters=device%253Dcomputer%252Cage%253Dall%252Ccountry%253Dall&discoverPageSessionInfo=01c05573-f673-4a65-9599-7527054a25ec&gameSetTargetId=662&gameSetTypeId=23&isAd=false&nativeAdData=&numberOfLoadedTiles=97&page=gamesPage&placeId=87212636993817&playContext=gamesPage&position=72&sortPos=23&universeId=7943036770',70),(88021617698822,'Invisible Troll Tower','2025-06-24','2025-07-21',2,'https://www.roblox.com/games/88021617698822/Invisible-Troll-Tower?appliedFilters=device%253Dcomputer%252Cage%253Dall%252Ccountry%253Dall&discoverPageSessionInfo=01c05573-f673-4a65-9599-7527054a25ec&gameSetTargetId=655&gameSetTypeId=23&isAd=false&nativeAdData=&numberOfLoadedTiles=95&page=gamesPage&placeId=88021617698822&playContext=gamesPage&position=33&sortPos=18&universeId=7983687809',97),(88282708812651,'be a gubby (bumper cars  fixed spleef)','2025-05-10','2025-08-04',13,'https://www.roblox.com/games/88282708812651/be-a-gubby-THE-LONG-AWAITED-HUMAN-UPDATE-IS-HERE?appliedFilters=device%253Dcomputer%252Cage%253Dall%252Ccountry%253Dall&discoverPageSessionInfo=01c05573-f673-4a65-9599-7527054a25ec&gameSetTargetId=659&gameSetTypeId=23&isAd=false&nativeAdData=&numberOfLoadedTiles=91&page=gamesPage&placeId=88282708812651&playContext=gamesPage&position=46&sortPos=21&universeId=7669979046',43),(90462358603255,'[PART 2] Anime Eternal','2025-06-10','2025-08-07',8,'https://www.roblox.com/games/90462358603255/PART-2-Anime-Eternal?appliedFilters=device%253Dcomputer%252Cage%253Dall%252Ccountry%253Dall&discoverPageSessionInfo=01c05573-f673-4a65-9599-7527054a25ec&gameSetTargetId=239&gameSetTypeId=23&isAd=false&nativeAdData=&numberOfLoadedTiles=42&page=gamesPage&placeId=90462358603255&playContext=gamesPage&position=41&sortPos=2&universeId=7882829745',134),(92044060392057,'Dead Sewers[Event][Alpha]','2025-05-12','2025-08-01',5,'https://www.roblox.com/games/92044060392057/Dead-Sewers-Summer-Alpha?appliedFilters=device%253Dcomputer%252Cage%253Dall%252Ccountry%253Dall&discoverPageSessionInfo=01c05573-f673-4a65-9599-7527054a25ec&gameSetTargetId=673&gameSetTypeId=23&isAd=false&nativeAdData=&numberOfLoadedTiles=90&page=gamesPage&placeId=92044060392057&playContext=gamesPage&position=49&sortPos=11&universeId=7690412163',6),(93557410403539,'Noobs Must Die','2025-04-10','2025-07-26',11,'https://www.roblox.com/games/93557410403539/Noobs-Must-Die?appliedFilters=device%253Dcomputer%252Cage%253Dall%252Ccountry%253Dall&discoverPageSessionInfo=01c05573-f673-4a65-9599-7527054a25ec&gameSetTargetId=658&gameSetTypeId=23&isAd=false&nativeAdData=&numberOfLoadedTiles=73&page=gamesPage&placeId=93557410403539&playContext=gamesPage&position=16&sortPos=12&universeId=7516718402',56),(93729973089151,'Mindlock Escape Room','2025-03-30','2025-08-07',9,'https://www.roblox.com/games/93729973089151/Mindlock-Escape-Room?appliedFilters=device%253Dcomputer%252Cage%253Dall%252Ccountry%253Dall&discoverPageSessionInfo=01c05573-f673-4a65-9599-7527054a25ec&gameSetTargetId=657&gameSetTypeId=23&isAd=false&nativeAdData=&numberOfLoadedTiles=30&page=gamesPage&placeId=93729973089151&playContext=gamesPage&position=4&sortPos=20&universeId=7455943862',147),(95293629233276,'Super Mega Papa Obby','2025-07-04','2025-08-08',2,'https://www.roblox.com/games/95293629233276/Super-Mega-Papa-Obby-BETA?appliedFilters=device%253Dcomputer%252Cage%253Dall%252Ccountry%253Dall&discoverPageSessionInfo=01c05573-f673-4a65-9599-7527054a25ec&gameSetTargetId=655&gameSetTypeId=23&isAd=false&nativeAdData=&numberOfLoadedTiles=95&page=gamesPage&placeId=95293629233276&playContext=gamesPage&position=7&sortPos=18&universeId=8064917023',105),(96490671161699,'[UPD] FNAF Battlegrounds','2024-11-17','2025-08-06',6,'https://www.roblox.com/games/96490671161699/FNAF-Battlegrounds-2?appliedFilters=device%253Dcomputer%252Cage%253Dall%252Ccountry%253Dall&discoverPageSessionInfo=01c05573-f673-4a65-9599-7527054a25ec&gameSetTargetId=651&gameSetTypeId=23&isAd=false&nativeAdData=&numberOfLoadedTiles=74&page=gamesPage&placeId=96490671161699&playContext=gamesPage&position=43&sortPos=15&universeId=6807582030',NULL),(99342262733194,'Randomizer Redux','2024-11-01','2025-08-07',7,'https://www.roblox.com/games/99342262733194/Randomizer-Redux?appliedFilters=device%253Dcomputer%252Cage%253Dall%252Ccountry%253Dall&discoverPageSessionInfo=01c05573-f673-4a65-9599-7527054a25ec&gameSetTargetId=660&gameSetTypeId=23&isAd=false&nativeAdData=&numberOfLoadedTiles=52&page=gamesPage&placeId=99342262733194&playContext=gamesPage&position=16&sortPos=14&universeId=6745933496',76),(100039707794702,'[WIP 007N7] Untitled Forsaken Engine','2025-03-15','2025-08-07',6,'https://www.roblox.com/games/100039707794702/the-upd-before-noli-Untitled-Forsaken-Engine?appliedFilters=device%253Dcomputer%252Cage%253Dall%252Ccountry%253Dall&discoverPageSessionInfo=01c05573-f673-4a65-9599-7527054a25ec&gameSetTargetId=237&gameSetTypeId=23&isAd=false&nativeAdData=&numberOfLoadedTiles=80&page=gamesPage&placeId=100039707794702&playContext=gamesPage&position=72&sortPos=5&universeId=7378605382',26),(100400297022629,'[Slayer] DUEL Warriors','2024-10-30','2025-08-07',6,'https://www.roblox.com/games/100400297022629/Slayer-DUEL-Warriors?appliedFilters=device%253Dcomputer%252Cage%253Dall%252Ccountry%253Dall&discoverPageSessionInfo=01c05573-f673-4a65-9599-7527054a25ec&gameSetTargetId=651&gameSetTypeId=23&isAd=false&nativeAdData=&numberOfLoadedTiles=74&page=gamesPage&placeId=100400297022629&playContext=gamesPage&position=69&sortPos=15&universeId=6736482454',115),(101403552776844,'[UPDATE] Jetpack Rush','2025-06-12','2025-07-30',2,'https://www.roblox.com/games/101403552776844/SALES-Jetpack-Rush?appliedFilters=device%253Dcomputer%252Cage%253Dall%252Ccountry%253Dall&discoverPageSessionInfo=01c05573-f673-4a65-9599-7527054a25ec&gameSetTargetId=655&gameSetTypeId=23&isAd=false&nativeAdData=&numberOfLoadedTiles=95&page=gamesPage&placeId=101403552776844&playContext=gamesPage&position=70&sortPos=18&universeId=7897603620',83),(101419624822516,'Bridge Builders','2025-04-26','2025-08-04',1,'https://www.roblox.com/games/101419624822516/Bridge-Builders?appliedFilters=device%253Dcomputer%252Cage%253Dall%252Ccountry%253Dall&discoverPageSessionInfo=01c05573-f673-4a65-9599-7527054a25ec&gameSetTargetId=656&gameSetTypeId=23&isAd=false&nativeAdData=&numberOfLoadedTiles=82&page=gamesPage&placeId=101419624822516&playContext=gamesPage&position=19&sortPos=19&universeId=7597641221',12),(102335515580864,'will be back soon','2025-05-25','2025-08-07',2,'https://www.roblox.com/games/102335515580864/UPD-Steal-A-Pet?appliedFilters=device%253Dcomputer%252Cage%253Dall%252Ccountry%253Dall&discoverPageSessionInfo=01c05573-f673-4a65-9599-7527054a25ec&gameSetTargetId=655&gameSetTypeId=23&isAd=false&nativeAdData=&numberOfLoadedTiles=95&page=gamesPage&placeId=102335515580864&playContext=gamesPage&position=12&sortPos=18&universeId=7772563946',73),(103120571981776,'climb a mountain','2024-12-01','2025-08-08',5,'https://www.roblox.com/games/103120571981776/climb-a-mountain?appliedFilters=device%253Dcomputer%252Cage%253Dall%252Ccountry%253Dall&discoverPageSessionInfo=01c05573-f673-4a65-9599-7527054a25ec&gameSetTargetId=652&gameSetTypeId=23&isAd=false&nativeAdData=&numberOfLoadedTiles=78&page=gamesPage&placeId=103120571981776&playContext=gamesPage&position=13&sortPos=16&universeId=6862548805',102),(103138144891239,'Minds Fall - Survival','2024-12-11','2025-05-16',3,'https://www.roblox.com/games/103138144891239/Minds-Fall-Survival?appliedFilters=device%253Dcomputer%252Cage%253Dall%252Ccountry%253Dall&discoverPageSessionInfo=01c05573-f673-4a65-9599-7527054a25ec&gameSetTargetId=238&gameSetTypeId=23&isAd=false&nativeAdData=&numberOfLoadedTiles=87&page=gamesPage&placeId=103138144891239&playContext=gamesPage&position=48&sortPos=1&universeId=6904570042',4),(104937784445732,'Squid Game 3 [Final Games]','2025-06-04','2025-07-21',1,'https://www.roblox.com/games/104937784445732/Squid-Game-3-Final-Games?appliedFilters=device%253Dcomputer%252Cage%253Dall%252Ccountry%253Dall&discoverPageSessionInfo=01c05573-f673-4a65-9599-7527054a25ec&gameSetTargetId=656&gameSetTypeId=23&isAd=false&nativeAdData=&numberOfLoadedTiles=82&page=gamesPage&placeId=104937784445732&playContext=gamesPage&position=11&sortPos=19&universeId=7837861170',NULL),(105938112304055,'Lucky Block Tower','2025-06-18','2025-08-08',2,'https://www.roblox.com/games/105938112304055/Brainrot-Lucky-Block-Tower?appliedFilters=device%253Dcomputer%252Cage%253Dall%252Ccountry%253Dall&discoverPageSessionInfo=01c05573-f673-4a65-9599-7527054a25ec&gameSetTargetId=238&gameSetTypeId=23&isAd=false&nativeAdData=&numberOfLoadedTiles=87&page=gamesPage&placeId=105938112304055&playContext=gamesPage&position=30&sortPos=1&universeId=7938272070',48),(107727386530697,'Noob Mayhem','2025-05-29','2025-08-08',11,'https://www.roblox.com/games/107727386530697/Noob-Mayhem?appliedFilters=device%253Dcomputer%252Cage%253Dall%252Ccountry%253Dall&discoverPageSessionInfo=01c05573-f673-4a65-9599-7527054a25ec&gameSetTargetId=673&gameSetTypeId=23&isAd=false&nativeAdData=&numberOfLoadedTiles=90&page=gamesPage&placeId=107727386530697&playContext=gamesPage&position=81&sortPos=11&universeId=7794218964',177),(108003034980758,'[] Tied Together','2024-10-10','2025-08-02',2,'https://www.roblox.com/games/108003034980758/Tied-Together?appliedFilters=device%253Dcomputer%252Cage%253Dall%252Ccountry%253Dall&discoverPageSessionInfo=01c05573-f673-4a65-9599-7527054a25ec&gameSetTargetId=655&gameSetTypeId=23&isAd=false&nativeAdData=&numberOfLoadedTiles=95&page=gamesPage&placeId=108003034980758&playContext=gamesPage&position=39&sortPos=18&universeId=6655970630',81),(109599487501571,'[] Better Show','2025-05-20','2025-07-15',1,'https://www.roblox.com/games/109599487501571/Better-Show?appliedFilters=device%253Dcomputer%252Cage%253Dall%252Ccountry%253Dall&discoverPageSessionInfo=01c05573-f673-4a65-9599-7527054a25ec&gameSetTargetId=656&gameSetTypeId=23&isAd=false&nativeAdData=&numberOfLoadedTiles=82&page=gamesPage&placeId=109599487501571&playContext=gamesPage&position=13&sortPos=19&universeId=7733613102',80),(110072078315694,'[] Grow a Garden Quiz','2025-06-24','2025-08-08',1,'https://www.roblox.com/games/110072078315694/Grow-a-Garden-Quiz?appliedFilters=device%253Dcomputer%252Cage%253Dall%252Ccountry%253Dall&discoverPageSessionInfo=01c05573-f673-4a65-9599-7527054a25ec&gameSetTargetId=656&gameSetTypeId=23&isAd=false&nativeAdData=&numberOfLoadedTiles=82&page=gamesPage&placeId=110072078315694&playContext=gamesPage&position=1&sortPos=19&universeId=7984427658',36),(110814051639689,'Oath of Office Political Simulator','2024-09-02','2025-08-02',13,'https://www.roblox.com/games/110814051639689/Oath-of-Office-Political-Simulator?appliedFilters=device%253Dcomputer%252Cage%253Dall%252Ccountry%253Dall&discoverPageSessionInfo=01c05573-f673-4a65-9599-7527054a25ec&gameSetTargetId=659&gameSetTypeId=23&isAd=false&nativeAdData=&numberOfLoadedTiles=91&page=gamesPage&placeId=110814051639689&playContext=gamesPage&position=11&sortPos=21&universeId=6500116207',85),(111269821236707,'South London  [UPD]','2025-06-29','2025-08-08',6,'https://www.roblox.com/games/111269821236707/FREE-GUNS-South-London?appliedFilters=device%253Dcomputer%252Cage%253Dall%252Ccountry%253Dall&discoverPageSessionInfo=01c05573-f673-4a65-9599-7527054a25ec&gameSetTargetId=651&gameSetTypeId=23&isAd=false&nativeAdData=&numberOfLoadedTiles=74&page=gamesPage&placeId=111269821236707&playContext=gamesPage&position=3&sortPos=15&universeId=8029270163',39),(111989938562194,'Brainrot Evolution','2025-03-05','2025-08-08',8,'https://www.roblox.com/games/111989938562194/Brainrot-Evolution?discoverPageSessionInfo=01c05573-f673-4a65-9599-7527054a25ec&gameSetTargetId=671&gameSetTypeId=23&isAd=false&nativeAdData=&numberOfLoadedTiles=92&page=gamesPage&placeId=111989938562194&playContext=gamesPage&position=19&sortPos=3&universeId=7332711118',163),(112279762578792,'Mines','2025-03-25','2025-08-05',8,'https://www.roblox.com/games/112279762578792/Mines?discoverPageSessionInfo=01c05573-f673-4a65-9599-7527054a25ec&gameSetTargetId=670&gameSetTypeId=23&isAd=false&nativeAdData=&numberOfLoadedTiles=98&page=gamesPage&placeId=112279762578792&playContext=gamesPage&position=14&sortPos=8&universeId=7432254268',20),(112401682618370,'[ Content Deleted ]','2025-07-04','2025-07-24',8,'https://www.roblox.com/games/112401682618370/Steal-Thaaa-Brainrot-Modded?appliedFilters=device%253Dcomputer%252Cage%253Dall%252Ccountry%253Dall&discoverPageSessionInfo=01c05573-f673-4a65-9599-7527054a25ec&gameSetTargetId=239&gameSetTypeId=23&isAd=false&nativeAdData=&numberOfLoadedTiles=42&page=gamesPage&placeId=112401682618370&playContext=gamesPage&position=10&sortPos=2&universeId=8069861680',98),(113506071094099,'[] SHARP','2025-06-25','2025-08-01',7,'https://www.roblox.com/games/113506071094099/SHARP?appliedFilters=device%253Dcomputer%252Cage%253Dall%252Ccountry%253Dall&discoverPageSessionInfo=01c05573-f673-4a65-9599-7527054a25ec&gameSetTargetId=239&gameSetTypeId=23&isAd=false&nativeAdData=&numberOfLoadedTiles=42&page=gamesPage&placeId=113506071094099&playContext=gamesPage&position=31&sortPos=2&universeId=7996365376',168),(114291906728616,'POLY-Z Zombie RNGCrates Pets Survival','2025-02-11','2025-08-08',7,'https://www.roblox.com/games/114291906728616/POLY-Z-RNG-Zombie-Survival?appliedFilters=device%253Dcomputer%252Cage%253Dall%252Ccountry%253Dall&discoverPageSessionInfo=01c05573-f673-4a65-9599-7527054a25ec&gameSetTargetId=660&gameSetTypeId=23&isAd=false&nativeAdData=&numberOfLoadedTiles=52&page=gamesPage&placeId=114291906728616&playContext=gamesPage&position=12&sortPos=14&universeId=7229464493',95),(115170712422892,'[MEGA] Butterfly Tycoon','2025-02-15','2025-07-27',8,'https://www.roblox.com/games/115170712422892/MEGA-Butterfly-Tycoon?appliedFilters=device%253Dcomputer%252Cage%253Dall%252Ccountry%253Dall&discoverPageSessionInfo=01c05573-f673-4a65-9599-7527054a25ec&gameSetTargetId=239&gameSetTypeId=23&isAd=false&nativeAdData=&numberOfLoadedTiles=42&page=gamesPage&placeId=115170712422892&playContext=gamesPage&position=24&sortPos=2&universeId=7245520408',71),(115338810233057,'[HARD] Zombie Tower','2025-05-08','2025-08-01',2,'https://www.roblox.com/games/115338810233057/CLASSES-Zombie-Tower?appliedFilters=device%253Dcomputer%252Cage%253Dall%252Ccountry%253Dall&discoverPageSessionInfo=01c05573-f673-4a65-9599-7527054a25ec&gameSetTargetId=223&gameSetTypeId=23&isAd=false&nativeAdData=&numberOfLoadedTiles=90&page=gamesPage&placeId=115338810233057&playContext=gamesPage&position=39&sortPos=10&universeId=7661577083',114),(119397264543214,'Lucky Gear Tower []','2025-07-06','2025-08-04',2,'https://www.roblox.com/games/119397264543214/Lucky-Gear-Tower?appliedFilters=device%253Dcomputer%252Cage%253Dall%252Ccountry%253Dall&discoverPageSessionInfo=01c05573-f673-4a65-9599-7527054a25ec&gameSetTargetId=655&gameSetTypeId=23&isAd=false&nativeAdData=&numberOfLoadedTiles=95&page=gamesPage&placeId=119397264543214&playContext=gamesPage&position=68&sortPos=18&universeId=8089683668',149),(121047268788549,'Formula 1998 Championship Edition','2024-10-14','2025-07-19',4,'https://www.roblox.com/games/121047268788549/Formula-1998-Championship-Edition?appliedFilters=device%253Dcomputer%252Cage%253Dall%252Ccountry%253Dall&discoverPageSessionInfo=01c05573-f673-4a65-9599-7527054a25ec&gameSetTargetId=664&gameSetTypeId=23&isAd=false&nativeAdData=&numberOfLoadedTiles=90&page=gamesPage&placeId=121047268788549&playContext=gamesPage&position=40&sortPos=13&universeId=6673367088',5),(121807678075780,'Steal To Be Rich','2025-05-26','2025-08-02',8,'https://www.roblox.com/games/121807678075780/Steal-Junk?appliedFilters=device%253Dcomputer%252Cage%253Dall%252Ccountry%253Dall&discoverPageSessionInfo=01c05573-f673-4a65-9599-7527054a25ec&gameSetTargetId=662&gameSetTypeId=23&isAd=false&nativeAdData=&numberOfLoadedTiles=97&page=gamesPage&placeId=121807678075780&playContext=gamesPage&position=96&sortPos=23&universeId=7778459210',13),(122142945178411,'UGC Easy Glass Bridge Obby','2025-02-21','2025-08-06',2,'https://www.roblox.com/games/122142945178411/UGC-Easy-Glass-Bridge-Obby?appliedFilters=device%253Dcomputer%252Cage%253Dall%252Ccountry%253Dall&discoverPageSessionInfo=01c05573-f673-4a65-9599-7527054a25ec&gameSetTargetId=655&gameSetTypeId=23&isAd=false&nativeAdData=&numberOfLoadedTiles=95&page=gamesPage&placeId=122142945178411&playContext=gamesPage&position=88&sortPos=18&universeId=7272113094',74),(123662243100680,'[] SpongeBob Tower Defense','2024-09-24','2025-08-08',12,'https://www.roblox.com/games/123662243100680/SpongeBob-Tower-Defense?discoverPageSessionInfo=01c05573-f673-4a65-9599-7527054a25ec&gameSetTargetId=670&gameSetTypeId=23&isAd=false&nativeAdData=&numberOfLoadedTiles=98&page=gamesPage&placeId=123662243100680&playContext=gamesPage&position=3&sortPos=8&universeId=6594435384',109),(123741668193208,'The 1000000 Jump Rope','2025-07-06','2025-08-06',2,'https://www.roblox.com/games/123741668193208/The-1-000-000-Jump-Rope?appliedFilters=device%253Dcomputer%252Cage%253Dall%252Ccountry%253Dall&discoverPageSessionInfo=01c05573-f673-4a65-9599-7527054a25ec&gameSetTargetId=239&gameSetTypeId=23&isAd=false&nativeAdData=&numberOfLoadedTiles=42&page=gamesPage&placeId=123741668193208&playContext=gamesPage&position=8&sortPos=2&universeId=8081472583',91),(124823937850563,'','2025-02-07','2025-08-07',4,'https://www.roblox.com/games/124823937850563/BERSERK-DRIFT-2?appliedFilters=device%253Dcomputer%252Cage%253Dall%252Ccountry%253Dall&discoverPageSessionInfo=01c05573-f673-4a65-9599-7527054a25ec&gameSetTargetId=664&gameSetTypeId=23&isAd=false&nativeAdData=&numberOfLoadedTiles=90&page=gamesPage&placeId=124823937850563&playContext=gamesPage&position=36&sortPos=13&universeId=7207944727',151),(125790795579287,'Incredible Blox','2024-12-27','2025-08-08',15,'https://www.roblox.com/games/125790795579287/Incredible-Blox?appliedFilters=device%253Dcomputer%252Cage%253Dall%252Ccountry%253Dall&discoverPageSessionInfo=01c05573-f673-4a65-9599-7527054a25ec&gameSetTargetId=654&gameSetTypeId=23&isAd=false&nativeAdData=&numberOfLoadedTiles=33&page=gamesPage&placeId=125790795579287&playContext=gamesPage&position=12&sortPos=17&universeId=6983536246',118),(126244816328678,'[DRILLS] DIG','2025-02-09','2025-08-08',8,'https://www.roblox.com/games/126244816328678/2X-Luck-DIG?appliedFilters=device%253Dcomputer%252Cage%253Dall%252Ccountry%253Dall&discoverPageSessionInfo=01c05573-f673-4a65-9599-7527054a25ec&gameSetTargetId=241&gameSetTypeId=23&isAd=false&nativeAdData=&numberOfLoadedTiles=86&page=gamesPage&placeId=126244816328678&playContext=gamesPage&position=82&sortPos=6&universeId=7218065222',62),(127757919932453,'Labubu [HORROR]','2025-05-10','2025-06-10',5,'https://www.roblox.com/games/127757919932453/Labubu-HORROR?appliedFilters=device%253Dcomputer%252Cage%253Dall%252Ccountry%253Dall&discoverPageSessionInfo=01c05573-f673-4a65-9599-7527054a25ec&gameSetTargetId=652&gameSetTypeId=23&isAd=false&nativeAdData=&numberOfLoadedTiles=78&page=gamesPage&placeId=127757919932453&playContext=gamesPage&position=56&sortPos=16&universeId=7675956997',107),(129121878966543,'Hug or Pass  [OUTFITS]','2025-05-31','2025-08-06',1,'https://www.roblox.com/games/129121878966543/Hug-or-Pass-BOOTHS?discoverPageSessionInfo=01c05573-f673-4a65-9599-7527054a25ec&gameSetTargetId=671&gameSetTypeId=23&isAd=false&nativeAdData=&numberOfLoadedTiles=92&page=gamesPage&placeId=129121878966543&playContext=gamesPage&position=79&sortPos=3&universeId=7812923977',154),(129134935332234,'[SUMMER] - Grow a Garden Quiz','2025-05-11','2025-08-06',1,'https://www.roblox.com/games/129134935332234/SUMMER-Grow-a-Garden-Quiz?appliedFilters=device%253Dcomputer%252Cage%253Dall%252Ccountry%253Dall&discoverPageSessionInfo=01c05573-f673-4a65-9599-7527054a25ec&gameSetTargetId=656&gameSetTypeId=23&isAd=false&nativeAdData=&numberOfLoadedTiles=82&page=gamesPage&placeId=129134935332234&playContext=gamesPage&position=23&sortPos=19&universeId=7685972663',142),(130739873848552,'Basketball Zero','2025-01-03','2025-08-07',4,'https://www.roblox.com/games/130739873848552/UPD-Basketball-Zero?appliedFilters=device%253Dcomputer%252Cage%253Dall%252Ccountry%253Dall&discoverPageSessionInfo=01c05573-f673-4a65-9599-7527054a25ec&gameSetTargetId=241&gameSetTypeId=23&isAd=false&nativeAdData=&numberOfLoadedTiles=86&page=gamesPage&placeId=130739873848552&playContext=gamesPage&position=32&sortPos=6&universeId=7028566528',65),(131145970478334,'Fight in a Streamer University','2025-05-24','2025-08-08',6,'https://www.roblox.com/games/131145970478334/UPD-Fight-in-Streamer-University?appliedFilters=device%253Dcomputer%252Cage%253Dall%252Ccountry%253Dall&discoverPageSessionInfo=01c05573-f673-4a65-9599-7527054a25ec&gameSetTargetId=651&gameSetTypeId=23&isAd=false&nativeAdData=&numberOfLoadedTiles=74&page=gamesPage&placeId=131145970478334&playContext=gamesPage&position=23&sortPos=15&universeId=7761516673',37),(131783066284968,'Feed Your Pet','2025-05-07','2025-08-07',8,'https://www.roblox.com/games/131783066284968/Feed-Your-Pet?appliedFilters=device%253Dcomputer%252Cage%253Dall%252Ccountry%253Dall&discoverPageSessionInfo=01c05573-f673-4a65-9599-7527054a25ec&gameSetTargetId=241&gameSetTypeId=23&isAd=false&nativeAdData=&numberOfLoadedTiles=86&page=gamesPage&placeId=131783066284968&playContext=gamesPage&position=64&sortPos=6&universeId=7658839393',11),(132586479415502,'Webbed [2 Player Obby]','2025-03-12','2025-08-08',2,'https://www.roblox.com/games/132586479415502/Webbed-2-Player-Obby?appliedFilters=device%253Dcomputer%252Cage%253Dall%252Ccountry%253Dall&discoverPageSessionInfo=01c05573-f673-4a65-9599-7527054a25ec&gameSetTargetId=223&gameSetTypeId=23&isAd=false&nativeAdData=&numberOfLoadedTiles=90&page=gamesPage&placeId=132586479415502&playContext=gamesPage&position=34&sortPos=10&universeId=7364297396',2),(134697928735986,'FREE FIRE Ilha de treinamento','2025-02-19','2025-08-04',7,'https://www.roblox.com/games/134697928735986/Sakura-Pass-FREE-FIRE-Ilha-de-treinamento?appliedFilters=device%253Dcomputer%252Cage%253Dall%252Ccountry%253Dall&discoverPageSessionInfo=01c05573-f673-4a65-9599-7527054a25ec&gameSetTargetId=660&gameSetTypeId=23&isAd=false&nativeAdData=&numberOfLoadedTiles=52&page=gamesPage&placeId=134697928735986&playContext=gamesPage&position=14&sortPos=14&universeId=7264117105',100),(135071635394677,'Simple Guns [FFA]','2025-05-29','2025-08-07',7,'https://www.roblox.com/games/135071635394677/Simple-Guns-FFA?appliedFilters=device%253Dcomputer%252Cage%253Dall%252Ccountry%253Dall&discoverPageSessionInfo=01c05573-f673-4a65-9599-7527054a25ec&gameSetTargetId=660&gameSetTypeId=23&isAd=false&nativeAdData=&numberOfLoadedTiles=52&page=gamesPage&placeId=135071635394677&playContext=gamesPage&position=4&sortPos=14&universeId=7797566941',82),(135526982947902,'FORTLITE','2024-12-17','2025-07-18',7,'https://www.roblox.com/games/135526982947902/FORTLITE?appliedFilters=device%253Dcomputer%252Cage%253Dall%252Ccountry%253Dall&discoverPageSessionInfo=01c05573-f673-4a65-9599-7527054a25ec&gameSetTargetId=660&gameSetTypeId=23&isAd=false&nativeAdData=&numberOfLoadedTiles=52&page=gamesPage&placeId=135526982947902&playContext=gamesPage&position=44&sortPos=14&universeId=6929888880',161),(135864053284092,'ESCAPE ROOM Deluxe Edition [BETA]','2025-05-16','2025-08-08',9,'https://www.roblox.com/games/135864053284092/ESCAPE-ROOM-Deluxe-Edition-BETA?appliedFilters=device%253Dcomputer%252Cage%253Dall%252Ccountry%253Dall&discoverPageSessionInfo=01c05573-f673-4a65-9599-7527054a25ec&gameSetTargetId=657&gameSetTypeId=23&isAd=false&nativeAdData=&numberOfLoadedTiles=30&page=gamesPage&placeId=135864053284092&playContext=gamesPage&position=28&sortPos=20&universeId=7709793220',131),(136180334926832,'Antariksa Expedition','2025-07-01','2025-07-18',5,'https://www.roblox.com/games/136180334926832/Antariksa-Expedition?appliedFilters=device%253Dcomputer%252Cage%253Dall%252Ccountry%253Dall&discoverPageSessionInfo=01c05573-f673-4a65-9599-7527054a25ec&gameSetTargetId=652&gameSetTypeId=23&isAd=false&nativeAdData=&numberOfLoadedTiles=78&page=gamesPage&placeId=136180334926832&playContext=gamesPage&position=15&sortPos=16&universeId=8038511396',148),(136999450205609,'Matematika Tower','2025-06-30','2025-08-04',2,'https://www.roblox.com/games/136999450205609/Matematika-Tower?appliedFilters=device%253Dcomputer%252Cage%253Dall%252Ccountry%253Dall&discoverPageSessionInfo=01c05573-f673-4a65-9599-7527054a25ec&gameSetTargetId=655&gameSetTypeId=23&isAd=false&nativeAdData=&numberOfLoadedTiles=95&page=gamesPage&placeId=136999450205609&playContext=gamesPage&position=59&sortPos=18&universeId=8035745255',NULL),(137167142636546,'[] Steal a Freddy','2025-06-12','2025-08-02',8,'https://www.roblox.com/games/137167142636546/Steal-a-Freddy?appliedFilters=device%253Dcomputer%252Cage%253Dall%252Ccountry%253Dall&discoverPageSessionInfo=01c05573-f673-4a65-9599-7527054a25ec&gameSetTargetId=222&gameSetTypeId=23&isAd=false&nativeAdData=&numberOfLoadedTiles=70&page=gamesPage&placeId=137167142636546&playContext=gamesPage&position=47&sortPos=4&universeId=7896337643',130),(137628283909891,'[AIKU] Goalbound','2024-12-16','2025-08-08',4,'https://www.roblox.com/games/137628283909891/YUKIMIYA-Goalbound?discoverPageSessionInfo=01c05573-f673-4a65-9599-7527054a25ec&gameSetTargetId=670&gameSetTypeId=23&isAd=false&nativeAdData=&numberOfLoadedTiles=98&page=gamesPage&placeId=137628283909891&playContext=gamesPage&position=11&sortPos=8&universeId=6925303818',53),(137634669639110,'Find The Labubu [127]','2025-06-22','2025-07-31',5,'https://www.roblox.com/games/137634669639110/Find-The-Labubu-127?appliedFilters=device%253Dcomputer%252Cage%253Dall%252Ccountry%253Dall&discoverPageSessionInfo=01c05573-f673-4a65-9599-7527054a25ec&gameSetTargetId=652&gameSetTypeId=23&isAd=false&nativeAdData=&numberOfLoadedTiles=78&page=gamesPage&placeId=137634669639110&playContext=gamesPage&position=27&sortPos=16&universeId=7975097812',135),(137708409245293,'[NEWSCENE]Wally West Simulator Speed Unleashed','2025-06-19','2025-08-07',8,'https://www.roblox.com/games/137708409245293/NEWSCENE-Wally-West-Simulator-Speed-Unleashed?appliedFilters=device%253Dcomputer%252Cage%253Dall%252Ccountry%253Dall&discoverPageSessionInfo=01c05573-f673-4a65-9599-7527054a25ec&gameSetTargetId=662&gameSetTypeId=23&isAd=false&nativeAdData=&numberOfLoadedTiles=97&page=gamesPage&placeId=137708409245293&playContext=gamesPage&position=53&sortPos=23&universeId=7950003836',88),(137821247265040,'Troll Ghost Player Tower','2025-06-07','2025-07-31',2,'https://www.roblox.com/games/137821247265040/Troll-Ghost-Player-Tower?appliedFilters=device%253Dcomputer%252Cage%253Dall%252Ccountry%253Dall&discoverPageSessionInfo=01c05573-f673-4a65-9599-7527054a25ec&gameSetTargetId=655&gameSetTypeId=23&isAd=false&nativeAdData=&numberOfLoadedTiles=95&page=gamesPage&placeId=137821247265040&playContext=gamesPage&position=28&sortPos=18&universeId=7855982925',NULL),(137925884276740,'[] Build A Plane','2025-06-02','2025-08-06',8,'https://www.roblox.com/games/137925884276740/Build-A-Plane?appliedFilters=device%253Dcomputer%252Cage%253Dall%252Ccountry%253Dall&discoverPageSessionInfo=01c05573-f673-4a65-9599-7527054a25ec&gameSetTargetId=223&gameSetTypeId=23&isAd=false&nativeAdData=&numberOfLoadedTiles=90&page=gamesPage&placeId=137925884276740&playContext=gamesPage&position=30&sortPos=10&universeId=7822444776',160),(139233844569220,'[] ZOO or OOF','2025-05-27','2025-08-06',1,'https://www.roblox.com/games/139233844569220/ZOO-or-OOF?appliedFilters=device%253Dcomputer%252Cage%253Dall%252Ccountry%253Dall&discoverPageSessionInfo=01c05573-f673-4a65-9599-7527054a25ec&gameSetTargetId=238&gameSetTypeId=23&isAd=false&nativeAdData=&numberOfLoadedTiles=87&page=gamesPage&placeId=139233844569220&playContext=gamesPage&position=77&sortPos=1&universeId=7785400752',1);
/*!40000 ALTER TABLE `dim_game` ENABLE KEYS */;
UNLOCK TABLES;

--
-- Table structure for table `dim_game_per_country`
--

DROP TABLE IF EXISTS `dim_game_per_country`;
/*!40101 SET @saved_cs_client     = @@character_set_client */;
/*!50503 SET character_set_client = utf8mb4 */;
CREATE TABLE `dim_game_per_country` (
  `country_id` int NOT NULL,
  `game_id` bigint NOT NULL,
  PRIMARY KEY (`country_id`,`game_id`),
  KEY `game_id` (`game_id`),
  CONSTRAINT `dim_game_per_country_ibfk_1` FOREIGN KEY (`country_id`) REFERENCES `dim_country` (`country_id`),
  CONSTRAINT `dim_game_per_country_ibfk_2` FOREIGN KEY (`game_id`) REFERENCES `dim_game` (`game_id`)
) ENGINE=InnoDB DEFAULT CHARSET=utf8mb4 COLLATE=utf8mb4_0900_ai_ci;
/*!40101 SET character_set_client = @saved_cs_client */;

--
-- Dumping data for table `dim_game_per_country`
--

LOCK TABLES `dim_game_per_country` WRITE;
/*!40000 ALTER TABLE `dim_game_per_country` DISABLE KEYS */;
/*!40000 ALTER TABLE `dim_game_per_country` ENABLE KEYS */;
UNLOCK TABLES;

--
-- Table structure for table `dim_genre`
--

DROP TABLE IF EXISTS `dim_genre`;
/*!40101 SET @saved_cs_client     = @@character_set_client */;
/*!50503 SET character_set_client = utf8mb4 */;
CREATE TABLE `dim_genre` (
  `genre_id` int NOT NULL,
  `genre_name` varchar(100) DEFAULT NULL,
  PRIMARY KEY (`genre_id`)
) ENGINE=InnoDB DEFAULT CHARSET=utf8mb4 COLLATE=utf8mb4_0900_ai_ci;
/*!40101 SET character_set_client = @saved_cs_client */;

--
-- Dumping data for table `dim_genre`
--

LOCK TABLES `dim_genre` WRITE;
/*!40000 ALTER TABLE `dim_genre` DISABLE KEYS */;
INSERT INTO `dim_genre` VALUES (1,'Party & Casual'),(2,'Obby & Platformer'),(3,'Survival'),(4,'Sports & Racing'),(5,'Adventure'),(6,'Action'),(7,'Shooter'),(8,'Simulation'),(9,'Puzzle'),(10,'Social'),(11,'RPG'),(12,'Strategy'),(13,'Roleplay & Avatar Sim'),(14,'N/A'),(15,'Entertainment'),(16,'Shopping');
/*!40000 ALTER TABLE `dim_genre` ENABLE KEYS */;
UNLOCK TABLES;

--
-- Table structure for table `fact_game_stats`
--

DROP TABLE IF EXISTS `fact_game_stats`;
/*!40101 SET @saved_cs_client     = @@character_set_client */;
/*!50503 SET character_set_client = utf8mb4 */;
CREATE TABLE `fact_game_stats` (
  `stats_id` int NOT NULL AUTO_INCREMENT,
  `active_users` int DEFAULT NULL,
  `favorites` int DEFAULT NULL,
  `total_visits` bigint DEFAULT NULL,
  `thumbs_up` int DEFAULT NULL,
  `thumbs_down` int DEFAULT NULL,
  `RBM` int DEFAULT NULL,
  `game_id` bigint DEFAULT NULL,
  `date` date DEFAULT NULL,
  PRIMARY KEY (`stats_id`),
  UNIQUE KEY `unique_game_date` (`game_id`,`date`),
  KEY `date` (`date`),
  CONSTRAINT `fact_game_stats_ibfk_1` FOREIGN KEY (`game_id`) REFERENCES `dim_game` (`game_id`),
  CONSTRAINT `fact_game_stats_ibfk_2` FOREIGN KEY (`date`) REFERENCES `dim_date` (`date`)
) ENGINE=InnoDB AUTO_INCREMENT=201 DEFAULT CHARSET=utf8mb4 COLLATE=utf8mb4_0900_ai_ci;
/*!40101 SET character_set_client = @saved_cs_client */;

--
-- Dumping data for table `fact_game_stats`
--

LOCK TABLES `fact_game_stats` WRITE;
/*!40000 ALTER TABLE `fact_game_stats` DISABLE KEYS */;
INSERT INTO `fact_game_stats` VALUES (1,11270,657224,15500000,44000,3359,0,139233844569220,'2025-08-08'),(2,15396,380560,183800000,51000,7648,0,132586479415502,'2025-08-08'),(3,2497,112429,26000000,11000,2394,0,104937784445732,'2025-08-08'),(4,475,2716305,40100000,105000,7093,0,103138144891239,'2025-08-08'),(5,25,12203,1200000,2296,377,0,121047268788549,'2025-08-08'),(6,6758,74511,25200000,19000,1699,0,92044060392057,'2025-08-08'),(7,2740,7655277,1600000000,736000,267000,0,662417684,'2025-08-08'),(8,44,819671,82100000,280000,50000,0,4651779470,'2025-08-08'),(9,61,90394,8600000,9693,1164,0,15743235834,'2025-08-08'),(10,4596,318495,25400000,739000,12000,0,81072337989394,'2025-08-08'),(11,3418,1280977,43000000,178000,3763,0,131783066284968,'2025-08-08'),(12,355,6715,8100000,5796,1170,0,101419624822516,'2025-08-08'),(13,4779,47459,5400000,12000,972,0,121807678075780,'2025-08-08'),(14,159,81810,14500000,13000,2282,0,15180042075,'2025-08-08'),(15,24,110513,3700000,25000,1824,0,601239270,'2025-08-08'),(16,57975,2620226,1100000000,1000000,55000,0,73956553001240,'2025-08-08'),(17,30851,3627702,3700000000,2000000,212000,0,8737602449,'2025-08-08'),(18,10978,471826,98400000,169000,14000,0,16991287194,'2025-08-08'),(19,12843,175444,207300000,526000,16000,0,72212564918217,'2025-08-08'),(20,1534,449974,27800000,504000,5601,0,112279762578792,'2025-08-08'),(21,34232,1193341,1300000000,882000,64000,0,7554888362,'2025-08-08'),(22,100,233101,25100000,65000,14000,0,6589412525,'2025-08-08'),(23,3185,2039269,924700000,577000,64000,0,71315343,'2025-08-08'),(24,0,772655,57400000,62000,2237,0,18649596490,'2025-08-08'),(25,36,117013,7100000,24000,4857,0,2797140616,'2025-08-08'),(26,1324,27162,13100000,9663,3889,0,100039707794702,'2025-08-08'),(27,69,434966,116900000,952000,21000,0,12135640403,'2025-08-08'),(28,223,14064,4700000,3004,669,0,80085043174485,'2025-08-08'),(29,1549,1859568,508700000,58000,21000,0,4640354700,'2025-08-08'),(30,3457,14691958,393800000,98000,11000,0,12407250267,'2025-08-08'),(31,200,141412,8300000,51000,2065,0,15685372384,'2025-08-08'),(33,364,18571,9300000,8482,2400,0,15133985014,'2025-08-08'),(34,69,43141,2700000,11000,3562,0,131679415,'2025-08-08'),(35,774,65166,44600000,24000,6676,0,5656754541,'2025-08-08'),(36,3439,937226,502400000,273000,68000,0,2913303231,'2025-08-08'),(37,311,73421,2600000,538,181,0,110072078315694,'2025-08-08'),(38,347,10723,2100000,13000,1143,0,131145970478334,'2025-08-08'),(39,247,676599,99000000,114000,8621,0,6430630495,'2025-08-08'),(40,699,45936,1500000,3512,288,0,111269821236707,'2025-08-08'),(41,2287,1489566,38600000,535000,8963,0,83942919686609,'2025-08-08'),(42,7835,3884072,644100000,1000000,33000,0,17450551531,'2025-08-08'),(43,2381,1615199,130199999,63000,15000,0,18432975025,'2025-08-08'),(45,192,43197,9200000,12000,1372,0,88282708812651,'2025-08-08'),(46,17714,11944084,13700000000,3000000,424000,0,4623386862,'2025-08-08'),(47,123,6608,1200000,2193,564,0,73808553296106,'2025-08-08'),(48,836,347491,255200000,485000,21000,0,12986400307,'2025-08-08'),(49,40,24078,591900,4008,632,0,78486942226809,'2025-08-08'),(50,19602,183168,82700000,239000,9418,0,105938112304055,'2025-08-08'),(51,518,113133,36400000,17000,5575,0,16181108359,'2025-08-08'),(52,103,17878,5300000,2993,929,0,17439875687,'2025-08-08'),(53,3639,1804872,872700000,1000000,111000,0,7180042682,'2025-08-08'),(54,680,102526,66200000,184000,9648,0,14419907512,'2025-08-08'),(56,30624,6143932,3300000000,2000000,131000,0,1537690962,'2025-08-08'),(57,5611,244998,46800000,800000,15000,0,137628283909891,'2025-08-08'),(58,3,17691,247300,1222,251,0,6855783063,'2025-08-08'),(59,5386,61539,109200000,12000,2175,0,17192092512,'2025-08-08'),(60,745,51130,37100000,21000,1763,0,93557410403539,'2025-08-08'),(61,3261,615398,27900000,508000,7258,0,79657240466394,'2025-08-08'),(62,332,2370367,115100000,17000,4990,0,4577486879,'2025-08-08'),(63,102,207266,18100000,67000,11000,0,45659278,'2025-08-08'),(64,1393,111364,26100000,41000,4281,0,17844293708,'2025-08-08'),(65,51,166060,22200000,65000,9032,0,299659045,'2025-08-08'),(66,2140,94131,51100000,95000,10000,0,126244816328678,'2025-08-08'),(67,425,74940,9600000,40000,8044,0,96490671161699,'2025-08-08'),(68,14191,18427976,7500000000,5000000,792000,0,606849621,'2025-08-08'),(70,28028,1449236,583500000,5000000,76000,0,130739873848552,'2025-08-08'),(71,334,110736,26300000,43000,6749,0,5098630929,'2025-08-08'),(72,145,133805,14900000,18000,4285,0,16343978644,'2025-08-08'),(73,24923,166880,471400000,459000,11000,0,72829404259339,'2025-08-08'),(74,721,223100,48700000,88000,5199,0,16864008714,'2025-08-08'),(75,112,1584,538700,546,241,0,87212636993817,'2025-08-08'),(76,569,56714,5300000,6340,834,0,115170712422892,'2025-08-08'),(77,1736,268598,146600000,86000,17000,0,5683833663,'2025-08-08'),(78,0,11551,12300000,20000,1101,0,102335515580864,'2025-08-08'),(79,60,350517,2000000,2880,1241,0,122142945178411,'2025-08-08'),(80,11078,759726,863100000,331000,63000,0,7711635737,'2025-08-08'),(81,609,48193,11100000,11000,4888,0,99342262733194,'2025-08-08'),(82,105,259117,18200000,132000,3121,0,70767845851256,'2025-08-08'),(83,6456,5361900,150600000,367000,23000,0,75139493550474,'2025-08-08'),(85,40151,6429348,6700000000,2000000,161000,0,9872472334,'2025-08-08'),(86,101,78025,1200000,7470,349,0,109599487501571,'2025-08-08'),(87,147,13913,1800000,13000,227,0,108003034980758,'2025-08-08'),(88,76,52232,3600000,8762,601,0,135071635394677,'2025-08-08'),(89,25,1197,1000000,1424,112,0,101403552776844,'2025-08-08'),(90,730,1619000,357500000,338000,86000,0,381674682,'2025-08-08'),(91,634,109146,12700000,26000,4820,0,110814051639689,'2025-08-08'),(92,65,68737,10600000,22000,7316,0,9051087354,'2025-08-08'),(94,1673,821960,135200000,221000,32000,0,863266079,'2025-08-08'),(95,31,956,329900,377,99,0,137708409245293,'2025-08-08'),(96,3211,99447,74800000,54000,3961,0,71412777087552,'2025-08-08'),(97,13848,347023,186100000,85000,12000,0,81239378558719,'2025-08-08'),(99,12408,7156403,70100000,146000,12000,0,123741668193208,'2025-08-08'),(100,23,86738,5200000,3062,1272,0,15715250396,'2025-08-08'),(101,14031,905857,532200000,853000,37000,0,13379208636,'2025-08-08'),(102,103,72359,11200000,17000,3185,0,8876147780,'2025-08-08'),(103,956,14153,3400000,5567,959,0,114291906728616,'2025-08-08'),(104,3593,968284,262800000,238000,34000,0,8571687919,'2025-08-08'),(105,775,13890,12400000,19000,1631,0,88021617698822,'2025-08-08'),(106,0,1089263,14500000,7252,846,0,112401682618370,'2025-08-08'),(107,1430,5335,12000000,4152,491,0,7577961216,'2025-08-08'),(108,32,17148,4099999,3172,585,0,16648064928,'2025-08-08'),(109,353,397208,4000000,1092,248,0,134697928735986,'2025-08-08'),(110,4177,200193,69200000,56000,7138,0,18934709778,'2025-08-08'),(111,527,36460,3900000,10000,2546,0,103120571981776,'2025-08-08'),(112,215,831979,42600000,32000,4934,0,8848607186,'2025-08-08'),(113,847,138834,34000000,42000,7796,0,18238180555,'2025-08-08'),(114,38,12297,833500,1446,523,0,95293629233276,'2025-08-08'),(115,157,151780,12000000,29000,4601,0,10001065412,'2025-08-08'),(116,233,131477,7300000,10000,4391,0,127757919932453,'2025-08-08'),(117,5,478742,16800000,141000,6650,0,404729070,'2025-08-08'),(118,10107,2874723,395500000,1000000,26000,0,123662243100680,'2025-08-08'),(119,1435,3796527,871900000,1000000,142000,0,137877687,'2025-08-08'),(120,679,4633004,90200000,565000,11000,0,17670743999,'2025-08-08'),(122,1719,1611733,597300000,703000,154000,0,6678877691,'2025-08-08'),(123,255,1033598,389600000,1000000,65000,0,6953291455,'2025-08-08'),(125,8427,2667013,44700000,14000,5422,0,115338810233057,'2025-08-08'),(126,4598,248193,77000000,719000,24000,0,100400297022629,'2025-08-08'),(127,35207,776095,1200000000,1000000,121000,0,15532962292,'2025-08-08'),(128,5002,576485,233600000,482000,35000,0,11276071411,'2025-08-08'),(129,3107,5909380,1700000000,2000000,242000,0,292439477,'2025-08-08'),(131,995,84539,17200000,21000,1881,0,125790795579287,'2025-08-08'),(132,441,58492,26600000,17000,5047,0,4629209674,'2025-08-08'),(133,651,50670,86000000,52000,13000,0,80316691895873,'2025-08-08'),(134,2318,34949,6100000,15000,3509,0,79368456802742,'2025-08-08'),(135,866,1575113,513700000,279000,35000,0,4936591712,'2025-08-08'),(136,47,262997,2400000,2795,397,0,73260369529980,'2025-08-08'),(137,302,3935168,65500000,463000,9651,0,15313073197,'2025-08-08'),(138,511,365672,65400000,240000,6873,0,18565120308,'2025-08-08'),(139,809,2878987,144600000,287000,9574,0,16981421605,'2025-08-08'),(140,13950,3240560,4099999999,1000000,114000,0,3260590327,'2025-08-08'),(142,13038,2618944,1200000000,1000000,104000,0,2534724415,'2025-08-08'),(143,675,62506,10000000,20000,1440,0,2872154782,'2025-08-08'),(144,1820,34053,28500000,24000,4028,0,137167142636546,'2025-08-08'),(145,888,54597,2400000,2063,529,0,135864053284092,'2025-08-08'),(146,794,56075,43800000,22000,3896,0,14895218677,'2025-08-08'),(147,71194,4198453,4200000000,1000000,144000,0,7041939546,'2025-08-08'),(148,14801,283743,22100000,103000,1588,0,90462358603255,'2025-08-08'),(149,82,71557,836700,4040,225,0,137634669639110,'2025-08-08'),(150,112034,5775199,13700000000,4000000,803000,0,10449761463,'2025-08-08'),(151,502,16070,5700000,10000,1003,0,75178747054941,'2025-08-08'),(152,307,24657,13900000,17000,1135,0,82434557832176,'2025-08-08'),(153,5751,466207,411000000,152000,32000,0,12397515839,'2025-08-08'),(155,90,947615,23100000,870000,12000,0,17487086188,'2025-08-08'),(156,190,16109,6800000,7329,2281,0,6206310576,'2025-08-08'),(157,20,11406,8000000,24000,1521,0,129134935332234,'2025-08-08'),(158,6,13578,5300000,7754,2300,0,9665612064,'2025-08-08'),(159,91,5001068,37300000,8333,2620,0,16087546880,'2025-08-08'),(160,264,137274,35500000,33000,3558,0,6722921118,'2025-08-08'),(161,28562,1356542,2000000000,1000000,201000,0,9391468976,'2025-08-08'),(162,226,42637,4099999,12000,1310,0,93729973089151,'2025-08-08'),(163,19,5354,743300,652,186,0,136180334926832,'2025-08-08'),(164,52,308638,2500000,6423,749,0,119397264543214,'2025-08-08'),(166,27199,620888,909600000,791000,36000,0,12886143095,'2025-08-08'),(167,277,47540,10800000,11000,1449,0,124823937850563,'2025-08-08'),(168,37,212492,3600000,1516,367,0,80989280669685,'2025-08-08'),(169,1202521,1381557,2400000000,792000,74000,0,79546208627805,'2025-08-08'),(171,6757,5883662,61500000,185000,9603,0,129121878966543,'2025-08-08'),(172,41,33238,1700000,6007,235,0,10962282214,'2025-08-08'),(173,355,182641,28600000,24000,3079,0,13521186297,'2025-08-08'),(175,143,92601,28900000,63000,21000,0,18629053284,'2025-08-08'),(178,5,143447,939700,5121,288,0,137821247265040,'2025-08-08'),(179,306,239462,68400000,108000,9578,0,14970015233,'2025-08-08'),(180,109442,94569,135400000,53000,10000,0,137925884276740,'2025-08-08'),(181,1044,17161,38800000,8285,1599,0,135526982947902,'2025-08-08'),(183,13174,244467,507000000,455000,13000,0,85896571713843,'2025-08-08'),(184,60399,1513134,610900000,1000000,35000,0,111989938562194,'2025-08-08'),(185,56,304070,64599999,98000,10000,0,233727153,'2025-08-08'),(186,668,695117,34600000,14000,3770,0,15583100726,'2025-08-08'),(187,230211,1594264,1800000000,1000000,172000,0,18687417158,'2025-08-08'),(188,61,424283,3200000,2876,547,0,136999450205609,'2025-08-08'),(189,1923,43054,11800000,19000,3496,0,113506071094099,'2025-08-08'),(190,15989,2640519,3700000000,1000000,150000,0,4520749081,'2025-08-08'),(191,163,75583,13200000,23000,7342,0,17788997511,'2025-08-08'),(192,249,39593,10000000,6979,2471,0,7052580219,'2025-08-08'),(193,692,8399,5100000,9636,1417,0,74399004053401,'2025-08-08'),(194,427,23692,952700,3469,317,0,83273735730446,'2025-08-08'),(195,9660,876321,992300000,197000,30000,0,8369888266,'2025-08-08'),(196,5375,799615,24300000,102000,4044,0,81968724698850,'2025-08-08'),(197,233,2040465,361800000,382000,53000,0,845649531,'2025-08-08'),(198,1564,37739,3900000,10000,615,0,107727386530697,'2025-08-08'),(200,1172,2153007,85600000,291000,7588,0,12338455185,'2025-08-08');
/*!40000 ALTER TABLE `fact_game_stats` ENABLE KEYS */;
UNLOCK TABLES;
/*!40103 SET TIME_ZONE=@OLD_TIME_ZONE */;

/*!40101 SET SQL_MODE=@OLD_SQL_MODE */;
/*!40014 SET FOREIGN_KEY_CHECKS=@OLD_FOREIGN_KEY_CHECKS */;
/*!40014 SET UNIQUE_CHECKS=@OLD_UNIQUE_CHECKS */;
/*!40101 SET CHARACTER_SET_CLIENT=@OLD_CHARACTER_SET_CLIENT */;
/*!40101 SET CHARACTER_SET_RESULTS=@OLD_CHARACTER_SET_RESULTS */;
/*!40101 SET COLLATION_CONNECTION=@OLD_COLLATION_CONNECTION */;
/*!40111 SET SQL_NOTES=@OLD_SQL_NOTES */;

-- Dump completed on 2025-08-08 12:55:00
