/*M!999999\- enable the sandbox mode */ 
-- MariaDB dump 10.19-11.8.2-MariaDB, for osx10.20 (arm64)
--
-- Host: localhost    Database: motogp_wh
-- ------------------------------------------------------
-- Server version	11.8.2-MariaDB

/*!40101 SET @OLD_CHARACTER_SET_CLIENT=@@CHARACTER_SET_CLIENT */;
/*!40101 SET @OLD_CHARACTER_SET_RESULTS=@@CHARACTER_SET_RESULTS */;
/*!40101 SET @OLD_COLLATION_CONNECTION=@@COLLATION_CONNECTION */;
/*!40101 SET NAMES utf8mb4 */;
/*!40103 SET @OLD_TIME_ZONE=@@TIME_ZONE */;
/*!40103 SET TIME_ZONE='+00:00' */;
/*!40014 SET @OLD_UNIQUE_CHECKS=@@UNIQUE_CHECKS, UNIQUE_CHECKS=0 */;
/*!40014 SET @OLD_FOREIGN_KEY_CHECKS=@@FOREIGN_KEY_CHECKS, FOREIGN_KEY_CHECKS=0 */;
/*!40101 SET @OLD_SQL_MODE=@@SQL_MODE, SQL_MODE='NO_AUTO_VALUE_ON_ZERO' */;
/*M!100616 SET @OLD_NOTE_VERBOSITY=@@NOTE_VERBOSITY, NOTE_VERBOSITY=0 */;

--
-- Table structure for table `dim_negara`
--

DROP TABLE IF EXISTS `dim_negara`;
/*!40101 SET @saved_cs_client     = @@character_set_client */;
/*!40101 SET character_set_client = utf8mb4 */;
CREATE TABLE `dim_negara` (
  `negara_key` int(11) NOT NULL AUTO_INCREMENT,
  `id_negara_original` int(11) NOT NULL,
  `nama_negara` varchar(100) NOT NULL,
  `created_at` timestamp NULL DEFAULT current_timestamp(),
  PRIMARY KEY (`negara_key`)
) ENGINE=InnoDB AUTO_INCREMENT=22 DEFAULT CHARSET=utf8mb4 COLLATE=utf8mb4_general_ci;
/*!40101 SET character_set_client = @saved_cs_client */;

--
-- Dumping data for table `dim_negara`
--

LOCK TABLES `dim_negara` WRITE;
/*!40000 ALTER TABLE `dim_negara` DISABLE KEYS */;
set autocommit=0;
INSERT INTO `dim_negara` VALUES
(1,1,'Italy','2025-08-08 13:09:51'),
(2,2,'Spain','2025-08-08 13:09:51'),
(3,3,'Australia','2025-08-08 13:09:51'),
(4,4,'United Kingdom','2025-08-08 13:09:51'),
(5,5,'United States','2025-08-08 13:09:51'),
(6,6,'France','2025-08-08 13:09:51'),
(7,7,'Federation of Rhodesia and Nyasaland','2025-08-08 13:09:51'),
(8,8,'Brazil','2025-08-08 13:09:51'),
(9,9,'Netherlands','2025-08-08 13:09:51'),
(10,10,'Portugal','2025-08-08 13:09:51'),
(11,11,'Republic of Ireland','2025-08-08 13:09:51'),
(12,12,'Japan','2025-08-08 13:09:51'),
(13,13,'Venezuela','2025-08-08 13:09:51'),
(14,14,'Southern Rhodesia','2025-08-08 13:09:51'),
(15,15,'Rhodesia','2025-08-08 13:09:51'),
(16,16,'Finland','2025-08-08 13:09:51'),
(17,17,'South Africa','2025-08-08 13:09:51'),
(18,18,'Argentina','2025-08-08 13:09:51'),
(19,19,'Czechoslovakia','2025-08-08 13:09:51'),
(20,20,'New Zealand','2025-08-08 13:09:51'),
(21,21,'Germany','2025-08-08 13:09:51');
/*!40000 ALTER TABLE `dim_negara` ENABLE KEYS */;
UNLOCK TABLES;
commit;

--
-- Table structure for table `dim_pembalap`
--

DROP TABLE IF EXISTS `dim_pembalap`;
/*!40101 SET @saved_cs_client     = @@character_set_client */;
/*!40101 SET character_set_client = utf8mb4 */;
CREATE TABLE `dim_pembalap` (
  `pembalap_key` int(11) NOT NULL AUTO_INCREMENT,
  `id_pembalap_original` int(11) NOT NULL,
  `nama` varchar(100) NOT NULL,
  `created_at` timestamp NULL DEFAULT current_timestamp(),
  `updated_at` timestamp NULL DEFAULT current_timestamp() ON UPDATE current_timestamp(),
  PRIMARY KEY (`pembalap_key`)
) ENGINE=InnoDB AUTO_INCREMENT=101 DEFAULT CHARSET=utf8mb4 COLLATE=utf8mb4_general_ci;
/*!40101 SET character_set_client = @saved_cs_client */;

--
-- Dumping data for table `dim_pembalap`
--

LOCK TABLES `dim_pembalap` WRITE;
/*!40000 ALTER TABLE `dim_pembalap` DISABLE KEYS */;
set autocommit=0;
INSERT INTO `dim_pembalap` VALUES
(1,1,'Valentino Rossi','2025-08-08 13:09:51','2025-08-08 13:09:51'),
(2,2,'Marc Márquez','2025-08-08 13:09:51','2025-08-08 13:09:51'),
(3,3,'Giacomo Agostini','2025-08-08 13:09:51','2025-08-08 13:09:51'),
(4,4,'Mick Doohan','2025-08-08 13:09:51','2025-08-08 13:09:51'),
(5,5,'Jorge Lorenzo','2025-08-08 13:09:51','2025-08-08 13:09:51'),
(6,6,'Casey Stoner','2025-08-08 13:09:51','2025-08-08 13:09:51'),
(7,7,'Mike Hailwood','2025-08-08 13:09:51','2025-08-08 13:09:51'),
(8,8,'Eddie Lawson','2025-08-08 13:09:51','2025-08-08 13:09:51'),
(9,9,'Dani Pedrosa','2025-08-08 13:09:51','2025-08-08 13:09:51'),
(10,10,'Francesco Bagnaia','2025-08-08 13:09:51','2025-08-08 13:09:51'),
(11,11,'Kevin Schwantz','2025-08-08 13:09:51','2025-08-08 13:09:51'),
(12,12,'Wayne Rainey','2025-08-08 13:09:51','2025-08-08 13:09:51'),
(13,13,'Geoff Duke','2025-08-08 13:09:51','2025-08-08 13:09:51'),
(14,14,'John Surtees','2025-08-08 13:09:51','2025-08-08 13:09:51'),
(15,15,'Kenny Roberts','2025-08-08 13:09:51','2025-08-08 13:09:51'),
(16,16,'Freddie Spencer','2025-08-08 13:09:51','2025-08-08 13:09:51'),
(17,17,'Barry Sheene','2025-08-08 13:09:51','2025-08-08 13:09:51'),
(18,18,'Wayne Gardner','2025-08-08 13:09:51','2025-08-08 13:09:51'),
(19,19,'Àlex Crivillé','2025-08-08 13:09:51','2025-08-08 13:09:51'),
(20,20,'Andrea Dovizioso','2025-08-08 13:09:51','2025-08-08 13:09:51'),
(21,21,'Randy Mamola','2025-08-08 13:09:51','2025-08-08 13:09:51'),
(22,22,'Max Biaggi','2025-08-08 13:09:51','2025-08-08 13:09:51'),
(23,23,'Phil Read','2025-08-08 13:09:51','2025-08-08 13:09:51'),
(24,24,'Fabio Quartararo','2025-08-08 13:09:51','2025-08-08 13:09:51'),
(25,25,'Maverick Viñales','2025-08-08 13:09:51','2025-08-08 13:09:51'),
(26,26,'Sete Gibernau','2025-08-08 13:09:51','2025-08-08 13:09:51'),
(27,27,'Loris Capirossi','2025-08-08 13:09:51','2025-08-08 13:09:51'),
(28,28,'Gary Hocking','2025-08-08 13:09:51','2025-08-08 13:09:51'),
(29,29,'Luca Cadalora','2025-08-08 13:09:51','2025-08-08 13:09:51'),
(30,30,'Kenny Roberts Jr.','2025-08-08 13:09:51','2025-08-08 13:09:51'),
(31,31,'Jorge Martín','2025-08-08 13:09:51','2025-08-08 13:09:51'),
(32,32,'Alex Barros','2025-08-08 13:09:51','2025-08-08 13:09:51'),
(33,33,'Enea Bastianini','2025-08-08 13:09:51','2025-08-08 13:09:51'),
(34,34,'Umberto Masetti','2025-08-08 13:09:51','2025-08-08 13:09:51'),
(35,35,'Marco Lucchinelli','2025-08-08 13:09:51','2025-08-08 13:09:51'),
(36,36,'Álex Rins','2025-08-08 13:09:51','2025-08-08 13:09:51'),
(37,37,'Leslie Graham','2025-08-08 13:09:51','2025-08-08 13:09:51'),
(38,38,'Wil Hartog','2025-08-08 13:09:51','2025-08-08 13:09:51'),
(39,39,'Franco Uncini','2025-08-08 13:09:51','2025-08-08 13:09:51'),
(40,40,'Marco Melandri','2025-08-08 13:09:51','2025-08-08 13:09:51'),
(41,41,'Miguel Oliveira','2025-08-08 13:09:51','2025-08-08 13:09:51'),
(42,42,'Reg Armstrong','2025-08-08 13:09:51','2025-08-08 13:09:51'),
(43,43,'Libero Liberati','2025-08-08 13:09:51','2025-08-08 13:09:51'),
(44,44,'John Kocinski','2025-08-08 13:09:51','2025-08-08 13:09:51'),
(45,45,'Tadayuki Okada','2025-08-08 13:09:51','2025-08-08 13:09:51'),
(46,46,'Jack Miller','2025-08-08 13:09:51','2025-08-08 13:09:51'),
(47,47,'Marco Bezzecchi','2025-08-08 13:09:51','2025-08-08 13:09:51'),
(48,48,'Alfredo Milani','2025-08-08 13:09:51','2025-08-08 13:09:51'),
(49,49,'John Hartle','2025-08-08 13:09:51','2025-08-08 13:09:51'),
(50,50,'Alberto Pagani','2025-08-08 13:09:51','2025-08-08 13:09:51'),
(51,51,'Jack Findlay','2025-08-08 13:09:51','2025-08-08 13:09:51'),
(52,52,'Pat Hennen','2025-08-08 13:09:51','2025-08-08 13:09:51'),
(53,53,'Johnny Cecotto','2025-08-08 13:09:51','2025-08-08 13:09:51'),
(54,54,'Daryl Beattie','2025-08-08 13:09:51','2025-08-08 13:09:51'),
(55,55,'Norifumi Abe','2025-08-08 13:09:51','2025-08-08 13:09:51'),
(56,56,'Garry McCoy','2025-08-08 13:09:51','2025-08-08 13:09:51'),
(57,57,'Nicky Hayden','2025-08-08 13:09:51','2025-08-08 13:09:51'),
(58,58,'Cal Crutchlow','2025-08-08 13:09:51','2025-08-08 13:09:51'),
(59,59,'Franco Morbidelli','2025-08-08 13:09:51','2025-08-08 13:09:51'),
(60,60,'Aleix Espargaró','2025-08-08 13:09:51','2025-08-08 13:09:51'),
(61,61,'Nello Pagani','2025-08-08 13:09:51','2025-08-08 13:09:51'),
(62,62,'Fergus Anderson','2025-08-08 13:09:51','2025-08-08 13:09:51'),
(63,63,'Ray Amm','2025-08-08 13:09:51','2025-08-08 13:09:51'),
(64,64,'Jim Redman','2025-08-08 13:09:51','2025-08-08 13:09:51'),
(65,65,'Jarno Saarinen','2025-08-08 13:09:51','2025-08-08 13:09:51'),
(66,66,'Virginio Ferrari','2025-08-08 13:09:51','2025-08-08 13:09:51'),
(67,67,'Jack Middelburg','2025-08-08 13:09:51','2025-08-08 13:09:51'),
(68,68,'Carlos Checa','2025-08-08 13:09:51','2025-08-08 13:09:51'),
(69,69,'Makoto Tamada','2025-08-08 13:09:51','2025-08-08 13:09:51'),
(70,70,'Danilo Petrucci','2025-08-08 13:09:51','2025-08-08 13:09:51'),
(71,71,'Brad Binder','2025-08-08 13:09:51','2025-08-08 13:09:51'),
(72,72,'Johann Zarco','2025-08-08 13:09:51','2025-08-08 13:09:51'),
(73,73,'Harold Daniell','2025-08-08 13:09:51','2025-08-08 13:09:51'),
(74,74,'Bill Doran','2025-08-08 13:09:51','2025-08-08 13:09:51'),
(75,75,'Jack Brett','2025-08-08 13:09:51','2025-08-08 13:09:51'),
(76,76,'Cromie McCandless','2025-08-08 13:09:51','2025-08-08 13:09:51'),
(77,77,'Ken Kavanagh','2025-08-08 13:09:51','2025-08-08 13:09:51'),
(78,78,'Pierre Monneret','2025-08-08 13:09:51','2025-08-08 13:09:51'),
(79,79,'Dickie Dale','2025-08-08 13:09:51','2025-08-08 13:09:51'),
(80,80,'Giuseppe Colnago','2025-08-08 13:09:51','2025-08-08 13:09:51'),
(81,81,'Bill Lomas','2025-08-08 13:09:51','2025-08-08 13:09:51'),
(82,82,'Bob McIntyre','2025-08-08 13:09:51','2025-08-08 13:09:51'),
(83,83,'Remo Venturi','2025-08-08 13:09:51','2025-08-08 13:09:51'),
(84,84,'Jorge Kissling','2025-08-08 13:09:51','2025-08-08 13:09:51'),
(85,85,'Alan Shepherd','2025-08-08 13:09:51','2025-08-08 13:09:51'),
(86,86,'Benedicto Caldarella','2025-08-08 13:09:51','2025-08-08 13:09:51'),
(87,87,'Jack Ahearn','2025-08-08 13:09:51','2025-08-08 13:09:51'),
(88,88,'Dick Creith','2025-08-08 13:09:51','2025-08-08 13:09:51'),
(89,89,'František Šťastný','2025-08-08 13:09:51','2025-08-08 13:09:51'),
(90,90,'Godfrey Nash','2025-08-08 13:09:51','2025-08-08 13:09:51'),
(91,91,'Angelo Bergamonti','2025-08-08 13:09:51','2025-08-08 13:09:51'),
(92,92,'Dave Simmonds','2025-08-08 13:09:51','2025-08-08 13:09:51'),
(93,93,'Chas Mortimer','2025-08-08 13:09:51','2025-08-08 13:09:51'),
(94,94,'Kim Newcombe','2025-08-08 13:09:51','2025-08-08 13:09:51'),
(95,95,'Edmund Czihak','2025-08-08 13:09:51','2025-08-08 13:09:51'),
(96,96,'Gianfranco Bonera','2025-08-08 13:09:51','2025-08-08 13:09:51'),
(97,97,'Phil Carpenter','2025-08-08 13:09:51','2025-08-08 13:09:51'),
(98,98,'Teuvo Länsivuori','2025-08-08 13:09:51','2025-08-08 13:09:51'),
(99,99,'Hideo Kanaya','2025-08-08 13:09:51','2025-08-08 13:09:51'),
(100,100,'Mick Grant','2025-08-08 13:09:51','2025-08-08 13:09:51');
/*!40000 ALTER TABLE `dim_pembalap` ENABLE KEYS */;
UNLOCK TABLES;
commit;

--
-- Table structure for table `dim_status_pembalap`
--

DROP TABLE IF EXISTS `dim_status_pembalap`;
/*!40101 SET @saved_cs_client     = @@character_set_client */;
/*!40101 SET character_set_client = utf8mb4 */;
CREATE TABLE `dim_status_pembalap` (
  `status_key` int(11) NOT NULL AUTO_INCREMENT,
  `is_champion` tinyint(1) NOT NULL,
  `is_active` tinyint(1) NOT NULL,
  `status_description` varchar(50) NOT NULL,
  PRIMARY KEY (`status_key`)
) ENGINE=InnoDB AUTO_INCREMENT=5 DEFAULT CHARSET=utf8mb4 COLLATE=utf8mb4_general_ci;
/*!40101 SET character_set_client = @saved_cs_client */;

--
-- Dumping data for table `dim_status_pembalap`
--

LOCK TABLES `dim_status_pembalap` WRITE;
/*!40000 ALTER TABLE `dim_status_pembalap` DISABLE KEYS */;
set autocommit=0;
INSERT INTO `dim_status_pembalap` VALUES
(1,1,1,'Active Champion'),
(2,1,0,'Retired Champion'),
(3,0,1,'Active Non-Champion'),
(4,0,0,'Retired Non-Champion');
/*!40000 ALTER TABLE `dim_status_pembalap` ENABLE KEYS */;
UNLOCK TABLES;
commit;

--
-- Table structure for table `dim_waktu`
--

DROP TABLE IF EXISTS `dim_waktu`;
/*!40101 SET @saved_cs_client     = @@character_set_client */;
/*!40101 SET character_set_client = utf8mb4 */;
CREATE TABLE `dim_waktu` (
  `waktu_key` int(11) NOT NULL AUTO_INCREMENT,
  `tahun` year(4) NOT NULL,
  `dekade` varchar(10) NOT NULL,
  `era` varchar(20) NOT NULL,
  PRIMARY KEY (`waktu_key`)
) ENGINE=InnoDB AUTO_INCREMENT=69 DEFAULT CHARSET=utf8mb4 COLLATE=utf8mb4_general_ci;
/*!40101 SET character_set_client = @saved_cs_client */;

--
-- Dumping data for table `dim_waktu`
--

LOCK TABLES `dim_waktu` WRITE;
/*!40000 ALTER TABLE `dim_waktu` DISABLE KEYS */;
set autocommit=0;
INSERT INTO `dim_waktu` VALUES
(1,1949,'1940s','Early Era'),
(2,1950,'1950s','Early Era'),
(3,1951,'1950s','Early Era'),
(4,1952,'1950s','Early Era'),
(5,1953,'1950s','Early Era'),
(6,1954,'1950s','Early Era'),
(7,1955,'1950s','Early Era'),
(8,1956,'1950s','Early Era'),
(9,1957,'1950s','Early Era'),
(10,1958,'1950s','Early Era'),
(11,1960,'1960s','Early Era'),
(12,1961,'1960s','Early Era'),
(13,1962,'1960s','Early Era'),
(14,1963,'1960s','Early Era'),
(15,1964,'1960s','Early Era'),
(16,1965,'1960s','Early Era'),
(17,1966,'1960s','Early Era'),
(18,1967,'1960s','Early Era'),
(19,1969,'1960s','Early Era'),
(20,1970,'1970s','Golden Era'),
(21,1971,'1970s','Golden Era'),
(22,1972,'1970s','Golden Era'),
(23,1973,'1970s','Golden Era'),
(24,1974,'1970s','Golden Era'),
(25,1975,'1970s','Golden Era'),
(26,1976,'1970s','Golden Era'),
(27,1977,'1970s','Golden Era'),
(28,1978,'1970s','Golden Era'),
(29,1979,'1970s','Golden Era'),
(30,1980,'1980s','Golden Era'),
(31,1981,'1980s','Golden Era'),
(32,1982,'1980s','Golden Era'),
(33,1983,'1980s','Golden Era'),
(34,1984,'1980s','Golden Era'),
(35,1985,'1980s','Golden Era'),
(36,1986,'1980s','Golden Era'),
(37,1987,'1980s','Golden Era'),
(38,1988,'1980s','Golden Era'),
(39,1990,'1990s','Modern Era'),
(40,1991,'1990s','Modern Era'),
(41,1992,'1990s','Modern Era'),
(42,1993,'1990s','Modern Era'),
(43,1994,'1990s','Modern Era'),
(44,1995,'1990s','Modern Era'),
(45,1996,'1990s','Modern Era'),
(46,1997,'1990s','Modern Era'),
(47,1998,'1990s','Modern Era'),
(48,1999,'1990s','Modern Era'),
(49,2000,'2000s','Modern Era'),
(50,2001,'2000s','Modern Era'),
(51,2004,'2000s','Four-Stroke Era'),
(52,2005,'2000s','Four-Stroke Era'),
(53,2006,'2000s','Four-Stroke Era'),
(54,2007,'2000s','Four-Stroke Era'),
(55,2008,'2000s','Four-Stroke Era'),
(56,2009,'2000s','Four-Stroke Era'),
(57,2012,'2010s','Electronic Era'),
(58,2013,'2010s','Electronic Era'),
(59,2016,'2010s','Electronic Era'),
(60,2017,'2010s','Electronic Era'),
(61,2018,'2010s','Electronic Era'),
(62,2019,'2010s','Electronic Era'),
(63,2020,'2020s','Electronic Era'),
(64,2021,'2020s','Electronic Era'),
(65,2022,'2020s','Electronic Era'),
(66,2023,'2020s','Electronic Era'),
(67,2024,'2020s','Electronic Era'),
(68,2025,'2020s','Electronic Era');
/*!40000 ALTER TABLE `dim_waktu` ENABLE KEYS */;
UNLOCK TABLES;
commit;

--
-- Table structure for table `fact_kemenangan_pembalap`
--

DROP TABLE IF EXISTS `fact_kemenangan_pembalap`;
/*!40101 SET @saved_cs_client     = @@character_set_client */;
/*!40101 SET character_set_client = utf8mb4 */;
CREATE TABLE `fact_kemenangan_pembalap` (
  `fact_id` int(11) NOT NULL AUTO_INCREMENT,
  `pembalap_key` int(11) NOT NULL,
  `negara_key` int(11) NOT NULL,
  `waktu_key` int(11) NOT NULL,
  `status_key` int(11) NOT NULL,
  `total_kemenangan` int(11) NOT NULL DEFAULT 0,
  `kemenangan_pertama_tahun` year(4) DEFAULT NULL,
  `kemenangan_terakhir_tahun` year(4) DEFAULT NULL,
  `jumlah_balapan_diikuti` int(11) DEFAULT 0,
  `win_rate` decimal(5,2) DEFAULT 0.00,
  `last_updated` timestamp NULL DEFAULT current_timestamp() ON UPDATE current_timestamp(),
  `batch_date` date NOT NULL,
  PRIMARY KEY (`fact_id`),
  KEY `negara_key` (`negara_key`),
  KEY `waktu_key` (`waktu_key`),
  KEY `status_key` (`status_key`),
  KEY `idx_pembalap` (`pembalap_key`),
  KEY `idx_batch_date` (`batch_date`),
  KEY `idx_updated` (`last_updated`),
  CONSTRAINT `fact_kemenangan_pembalap_ibfk_1` FOREIGN KEY (`pembalap_key`) REFERENCES `dim_pembalap` (`pembalap_key`),
  CONSTRAINT `fact_kemenangan_pembalap_ibfk_2` FOREIGN KEY (`negara_key`) REFERENCES `dim_negara` (`negara_key`),
  CONSTRAINT `fact_kemenangan_pembalap_ibfk_3` FOREIGN KEY (`waktu_key`) REFERENCES `dim_waktu` (`waktu_key`),
  CONSTRAINT `fact_kemenangan_pembalap_ibfk_4` FOREIGN KEY (`status_key`) REFERENCES `dim_status_pembalap` (`status_key`)
) ENGINE=InnoDB AUTO_INCREMENT=101 DEFAULT CHARSET=utf8mb4 COLLATE=utf8mb4_general_ci;
/*!40101 SET character_set_client = @saved_cs_client */;

--
-- Dumping data for table `fact_kemenangan_pembalap`
--

LOCK TABLES `fact_kemenangan_pembalap` WRITE;
/*!40000 ALTER TABLE `fact_kemenangan_pembalap` DISABLE KEYS */;
set autocommit=0;
INSERT INTO `fact_kemenangan_pembalap` VALUES
(1,1,1,60,2,89,2000,2017,2,494.44,'2025-08-08 13:09:51','2025-08-08'),
(2,2,2,68,1,70,2013,2025,2,538.46,'2025-08-08 13:09:51','2025-08-08'),
(3,3,1,26,2,68,1965,1976,2,566.67,'2025-08-08 13:09:51','2025-08-08'),
(4,4,3,47,2,54,1990,1998,2,600.00,'2025-08-08 13:09:51','2025-08-08'),
(5,5,2,61,2,47,2008,2018,2,427.27,'2025-08-08 13:09:51','2025-08-08'),
(6,6,3,57,2,38,2007,2012,2,633.33,'2025-08-08 13:09:51','2025-08-08'),
(7,7,4,18,2,37,1961,1967,2,528.57,'2025-08-08 13:09:51','2025-08-08'),
(8,8,5,41,2,31,1984,1992,2,344.44,'2025-08-08 13:09:51','2025-08-08'),
(9,9,2,60,2,31,2006,2017,2,258.33,'2025-08-08 13:09:51','2025-08-08'),
(10,10,1,68,1,30,2021,2025,2,600.00,'2025-08-08 13:09:51','2025-08-08'),
(11,11,5,43,2,25,1988,1994,2,357.14,'2025-08-08 13:09:51','2025-08-08'),
(12,12,5,42,2,24,1988,1993,2,400.00,'2025-08-08 13:09:51','2025-08-08'),
(13,13,4,10,2,22,1950,1958,2,244.44,'2025-08-08 13:09:51','2025-08-08'),
(14,14,4,11,2,22,1956,1960,2,440.00,'2025-08-08 13:09:51','2025-08-08'),
(15,15,5,33,2,22,1978,1983,2,366.67,'2025-08-08 13:09:51','2025-08-08'),
(16,16,5,35,2,20,1982,1985,2,500.00,'2025-08-08 13:09:51','2025-08-08'),
(17,17,4,31,2,19,1975,1981,2,271.43,'2025-08-08 13:09:51','2025-08-08'),
(18,18,3,41,2,18,1986,1992,2,257.14,'2025-08-08 13:09:51','2025-08-08'),
(19,19,2,49,2,15,1992,2000,2,166.67,'2025-08-08 13:09:51','2025-08-08'),
(20,20,1,63,2,15,2009,2020,2,125.00,'2025-08-08 13:09:51','2025-08-08'),
(21,21,5,37,4,13,1980,1987,2,162.50,'2025-08-08 13:09:51','2025-08-08'),
(22,22,1,51,2,13,1998,2004,2,185.71,'2025-08-08 13:09:51','2025-08-08'),
(23,23,4,25,2,11,1964,1975,2,91.67,'2025-08-08 13:09:51','2025-08-08'),
(24,24,6,65,1,11,2020,2022,2,366.67,'2025-08-08 13:09:51','2025-08-08'),
(25,25,2,67,1,10,2016,2024,2,111.11,'2025-08-08 13:09:51','2025-08-08'),
(26,26,2,51,4,9,2001,2004,2,225.00,'2025-08-08 13:09:51','2025-08-08'),
(27,27,1,54,2,9,1996,2007,2,75.00,'2025-08-08 13:09:51','2025-08-08'),
(28,28,7,13,2,8,1961,1962,2,400.00,'2025-08-08 13:09:51','2025-08-08'),
(29,29,1,45,2,8,1993,1996,2,200.00,'2025-08-08 13:09:51','2025-08-08'),
(30,30,5,49,2,8,1999,2000,2,400.00,'2025-08-08 13:09:51','2025-08-08'),
(31,31,2,67,1,8,2021,2024,2,200.00,'2025-08-08 13:09:51','2025-08-08'),
(32,32,8,52,4,7,1993,2005,2,53.85,'2025-08-08 13:09:51','2025-08-08'),
(33,33,1,67,1,7,2022,2024,2,233.33,'2025-08-08 13:09:51','2025-08-08'),
(34,34,1,7,2,6,1950,1955,2,100.00,'2025-08-08 13:09:51','2025-08-08'),
(35,35,1,31,2,6,1980,1981,2,300.00,'2025-08-08 13:09:51','2025-08-08'),
(36,36,2,66,3,6,2019,2023,2,120.00,'2025-08-08 13:09:51','2025-08-08'),
(37,37,4,4,2,5,1949,1952,2,125.00,'2025-08-08 13:09:51','2025-08-08'),
(38,38,9,30,4,5,1977,1980,2,125.00,'2025-08-08 13:09:51','2025-08-08'),
(39,39,1,32,2,5,1982,1982,2,500.00,'2025-08-08 13:09:51','2025-08-08'),
(40,40,1,53,2,5,2005,2006,2,250.00,'2025-08-08 13:09:51','2025-08-08'),
(41,41,10,65,3,5,2020,2022,2,166.67,'2025-08-08 13:09:51','2025-08-08'),
(42,42,11,8,4,4,1952,1956,2,80.00,'2025-08-08 13:09:51','2025-08-08'),
(43,43,1,9,2,4,1957,1957,2,400.00,'2025-08-08 13:09:51','2025-08-08'),
(44,44,5,43,2,4,1991,1994,2,100.00,'2025-08-08 13:09:51','2025-08-08'),
(45,45,12,48,4,4,1997,1999,2,133.33,'2025-08-08 13:09:51','2025-08-08'),
(46,46,3,65,3,4,2016,2022,2,57.14,'2025-08-08 13:09:51','2025-08-08'),
(47,47,1,68,3,4,2023,2025,2,133.33,'2025-08-08 13:09:51','2025-08-08'),
(48,48,1,5,4,3,1951,1953,2,100.00,'2025-08-08 13:09:51','2025-08-08'),
(49,49,4,14,4,3,1956,1963,2,37.50,'2025-08-08 13:09:51','2025-08-08'),
(50,50,1,22,4,3,1969,1972,2,75.00,'2025-08-08 13:09:51','2025-08-08'),
(51,51,3,27,4,3,1971,1977,2,42.86,'2025-08-08 13:09:51','2025-08-08'),
(52,52,5,28,4,3,1976,1978,2,100.00,'2025-08-08 13:09:51','2025-08-08'),
(53,53,13,28,2,3,1977,1978,2,150.00,'2025-08-08 13:09:51','2025-08-08'),
(54,54,3,44,4,3,1993,1995,2,100.00,'2025-08-08 13:09:51','2025-08-08'),
(55,55,12,49,4,3,1996,2000,2,60.00,'2025-08-08 13:09:51','2025-08-08'),
(56,56,3,49,4,3,2000,2000,2,300.00,'2025-08-08 13:09:51','2025-08-08'),
(57,57,5,53,2,3,2005,2006,2,150.00,'2025-08-08 13:09:51','2025-08-08'),
(58,58,4,61,4,3,2016,2018,2,100.00,'2025-08-08 13:09:51','2025-08-08'),
(59,59,1,63,1,3,2020,2020,2,300.00,'2025-08-08 13:09:51','2025-08-08'),
(60,60,2,66,4,3,2022,2023,2,150.00,'2025-08-08 13:09:51','2025-08-08'),
(61,61,1,1,2,2,1949,1949,2,200.00,'2025-08-08 13:09:51','2025-08-08'),
(62,62,4,5,2,2,1951,1953,2,66.67,'2025-08-08 13:09:51','2025-08-08'),
(63,63,14,6,4,2,1953,1954,2,100.00,'2025-08-08 13:09:51','2025-08-08'),
(64,64,15,17,2,2,1966,1966,2,200.00,'2025-08-08 13:09:51','2025-08-08'),
(65,65,16,23,2,2,1973,1973,2,200.00,'2025-08-08 13:09:51','2025-08-08'),
(66,66,1,29,4,2,1978,1979,2,100.00,'2025-08-08 13:09:51','2025-08-08'),
(67,67,9,31,4,2,1980,1981,2,100.00,'2025-08-08 13:09:51','2025-08-08'),
(68,68,2,47,4,2,1996,1998,2,66.67,'2025-08-08 13:09:51','2025-08-08'),
(69,69,12,51,4,2,2004,2004,2,200.00,'2025-08-08 13:09:51','2025-08-08'),
(70,70,1,63,4,2,2019,2020,2,100.00,'2025-08-08 13:09:51','2025-08-08'),
(71,71,17,64,1,2,2020,2021,2,100.00,'2025-08-08 13:09:51','2025-08-08'),
(72,72,6,68,1,2,2023,2025,2,66.67,'2025-08-08 13:09:51','2025-08-08'),
(73,73,4,1,4,1,1949,1949,1,100.00,'2025-08-08 13:09:51','2025-08-08'),
(74,74,4,1,4,1,1949,1949,1,100.00,'2025-08-08 13:09:51','2025-08-08'),
(75,75,4,4,4,1,1952,1952,1,100.00,'2025-08-08 13:09:51','2025-08-08'),
(76,76,4,4,4,1,1952,1952,1,100.00,'2025-08-08 13:09:51','2025-08-08'),
(77,77,3,5,4,1,1953,1953,1,100.00,'2025-08-08 13:09:51','2025-08-08'),
(78,78,6,6,4,1,1954,1954,1,100.00,'2025-08-08 13:09:51','2025-08-08'),
(79,79,4,6,4,1,1954,1954,1,100.00,'2025-08-08 13:09:51','2025-08-08'),
(80,80,1,7,4,1,1955,1955,1,100.00,'2025-08-08 13:09:51','2025-08-08'),
(81,81,4,7,2,1,1955,1955,1,100.00,'2025-08-08 13:09:51','2025-08-08'),
(82,82,4,9,4,1,1957,1957,1,100.00,'2025-08-08 13:09:51','2025-08-08'),
(83,83,1,11,4,1,1960,1960,1,100.00,'2025-08-08 13:09:51','2025-08-08'),
(84,84,18,12,4,1,1961,1961,1,100.00,'2025-08-08 13:09:51','2025-08-08'),
(85,85,4,13,4,1,1962,1962,1,100.00,'2025-08-08 13:09:51','2025-08-08'),
(86,86,18,13,4,1,1962,1962,1,100.00,'2025-08-08 13:09:51','2025-08-08'),
(87,87,3,15,4,1,1964,1964,1,100.00,'2025-08-08 13:09:51','2025-08-08'),
(88,88,4,16,4,1,1965,1965,1,100.00,'2025-08-08 13:09:51','2025-08-08'),
(89,89,19,17,4,1,1966,1966,1,100.00,'2025-08-08 13:09:51','2025-08-08'),
(90,90,4,19,4,1,1969,1969,1,100.00,'2025-08-08 13:09:51','2025-08-08'),
(91,91,1,20,4,1,1970,1970,1,100.00,'2025-08-08 13:09:51','2025-08-08'),
(92,92,4,21,2,1,1971,1971,1,100.00,'2025-08-08 13:09:51','2025-08-08'),
(93,93,4,22,4,1,1972,1972,1,100.00,'2025-08-08 13:09:51','2025-08-08'),
(94,94,20,23,4,1,1973,1973,1,100.00,'2025-08-08 13:09:51','2025-08-08'),
(95,95,21,24,4,1,1974,1974,1,100.00,'2025-08-08 13:09:51','2025-08-08'),
(96,96,1,24,4,1,1974,1974,1,100.00,'2025-08-08 13:09:51','2025-08-08'),
(97,97,4,24,4,1,1974,1974,1,100.00,'2025-08-08 13:09:51','2025-08-08'),
(98,98,16,24,4,1,1974,1974,1,100.00,'2025-08-08 13:09:51','2025-08-08'),
(99,99,12,25,4,1,1975,1975,1,100.00,'2025-08-08 13:09:51','2025-08-08'),
(100,100,4,25,4,1,1975,1975,1,100.00,'2025-08-08 13:09:51','2025-08-08');
/*!40000 ALTER TABLE `fact_kemenangan_pembalap` ENABLE KEYS */;
UNLOCK TABLES;
commit;
/*!40103 SET TIME_ZONE=@OLD_TIME_ZONE */;

/*!40101 SET SQL_MODE=@OLD_SQL_MODE */;
/*!40014 SET FOREIGN_KEY_CHECKS=@OLD_FOREIGN_KEY_CHECKS */;
/*!40014 SET UNIQUE_CHECKS=@OLD_UNIQUE_CHECKS */;
/*!40101 SET CHARACTER_SET_CLIENT=@OLD_CHARACTER_SET_CLIENT */;
/*!40101 SET CHARACTER_SET_RESULTS=@OLD_CHARACTER_SET_RESULTS */;
/*!40101 SET COLLATION_CONNECTION=@OLD_COLLATION_CONNECTION */;
/*M!100616 SET NOTE_VERBOSITY=@OLD_NOTE_VERBOSITY */;

-- Dump completed on 2025-08-08 20:36:07
