--
-- PostgreSQL database dump
--

-- Dumped from database version 17.4
-- Dumped by pg_dump version 17.4

SET statement_timeout = 0;
SET lock_timeout = 0;
SET idle_in_transaction_session_timeout = 0;
SET transaction_timeout = 0;
SET client_encoding = 'UTF8';
SET standard_conforming_strings = on;
SELECT pg_catalog.set_config('search_path', '', false);
SET check_function_bodies = false;
SET xmloption = content;
SET client_min_messages = warning;
SET row_security = off;

SET default_tablespace = '';

SET default_table_access_method = heap;

--
-- Name: dimdate; Type: TABLE; Schema: public; Owner: postgres
--

CREATE TABLE public.dimdate (
    date_key integer NOT NULL,
    extraction_timestamp timestamp with time zone NOT NULL,
    extraction_date date NOT NULL,
    extraction_time time without time zone NOT NULL
);


ALTER TABLE public.dimdate OWNER TO postgres;

--
-- Name: dimdate_date_key_seq; Type: SEQUENCE; Schema: public; Owner: postgres
--

CREATE SEQUENCE public.dimdate_date_key_seq
    AS integer
    START WITH 1
    INCREMENT BY 1
    NO MINVALUE
    NO MAXVALUE
    CACHE 1;


ALTER SEQUENCE public.dimdate_date_key_seq OWNER TO postgres;

--
-- Name: dimdate_date_key_seq; Type: SEQUENCE OWNED BY; Schema: public; Owner: postgres
--

ALTER SEQUENCE public.dimdate_date_key_seq OWNED BY public.dimdate.date_key;


--
-- Name: dimgame; Type: TABLE; Schema: public; Owner: postgres
--

CREATE TABLE public.dimgame (
    game_key integer NOT NULL,
    title character varying(255) NOT NULL
);


ALTER TABLE public.dimgame OWNER TO postgres;

--
-- Name: dimgame_game_key_seq; Type: SEQUENCE; Schema: public; Owner: postgres
--

CREATE SEQUENCE public.dimgame_game_key_seq
    AS integer
    START WITH 1
    INCREMENT BY 1
    NO MINVALUE
    NO MAXVALUE
    CACHE 1;


ALTER SEQUENCE public.dimgame_game_key_seq OWNER TO postgres;

--
-- Name: dimgame_game_key_seq; Type: SEQUENCE OWNED BY; Schema: public; Owner: postgres
--

ALTER SEQUENCE public.dimgame_game_key_seq OWNED BY public.dimgame.game_key;


--
-- Name: dimgenre; Type: TABLE; Schema: public; Owner: postgres
--

CREATE TABLE public.dimgenre (
    genre_key integer NOT NULL,
    genre_name character varying(100) NOT NULL
);


ALTER TABLE public.dimgenre OWNER TO postgres;

--
-- Name: dimgenre_genre_key_seq; Type: SEQUENCE; Schema: public; Owner: postgres
--

CREATE SEQUENCE public.dimgenre_genre_key_seq
    AS integer
    START WITH 1
    INCREMENT BY 1
    NO MINVALUE
    NO MAXVALUE
    CACHE 1;


ALTER SEQUENCE public.dimgenre_genre_key_seq OWNER TO postgres;

--
-- Name: dimgenre_genre_key_seq; Type: SEQUENCE OWNED BY; Schema: public; Owner: postgres
--

ALTER SEQUENCE public.dimgenre_genre_key_seq OWNED BY public.dimgenre.genre_key;


--
-- Name: factgamerank; Type: TABLE; Schema: public; Owner: postgres
--

CREATE TABLE public.factgamerank (
    game_key integer NOT NULL,
    genre_key integer NOT NULL,
    date_key integer NOT NULL,
    rank integer
);


ALTER TABLE public.factgamerank OWNER TO postgres;

--
-- Name: temp_fact_table; Type: TABLE; Schema: public; Owner: postgres
--

CREATE TABLE public.temp_fact_table (
    game_key bigint,
    genre_key bigint,
    date_key bigint,
    rank bigint
);


ALTER TABLE public.temp_fact_table OWNER TO postgres;

--
-- Name: dimdate date_key; Type: DEFAULT; Schema: public; Owner: postgres
--

ALTER TABLE ONLY public.dimdate ALTER COLUMN date_key SET DEFAULT nextval('public.dimdate_date_key_seq'::regclass);


--
-- Name: dimgame game_key; Type: DEFAULT; Schema: public; Owner: postgres
--

ALTER TABLE ONLY public.dimgame ALTER COLUMN game_key SET DEFAULT nextval('public.dimgame_game_key_seq'::regclass);


--
-- Name: dimgenre genre_key; Type: DEFAULT; Schema: public; Owner: postgres
--

ALTER TABLE ONLY public.dimgenre ALTER COLUMN genre_key SET DEFAULT nextval('public.dimgenre_genre_key_seq'::regclass);


--
-- Data for Name: dimdate; Type: TABLE DATA; Schema: public; Owner: postgres
--

COPY public.dimdate (date_key, extraction_timestamp, extraction_date, extraction_time) FROM stdin;
1	2025-08-08 14:01:17.452856+07	2025-08-08	07:01:17.452856
2	2025-08-08 14:10:17.42396+07	2025-08-08	07:10:17.42396
3	2025-08-08 14:14:38.69728+07	2025-08-08	07:14:38.69728
4	2025-08-08 14:16:49.689717+07	2025-08-08	07:16:49.689717
\.


--
-- Data for Name: dimgame; Type: TABLE DATA; Schema: public; Owner: postgres
--

COPY public.dimgame (game_key, title) FROM stdin;
1	Grand Theft Auto: San Andreas
2	Resident Evil 4
3	Final Fantasy X
4	Bully
5	God of War II
6	Shadow of Colossus
7	Metal Gear Solid 3: Snake Eater
8	Devil May Cry 3: Special Edition
9	Okami
10	Kingdom Hearts
11	Ace Combat 4: Shattered Skies
12	WWE: Smackdown! Here Comes The Pain
13	Jack and Dexter: Precursor Legacy
14	Silent Hill 2
15	Devil May Cry
16	Metal Gear Solid 2: Sons of Liberty
17	Tony Hawk: Underground
18	Need For Speed Most Wanted
19	Need For Speed Underground 2
20	Rachet and Clank 3
21	Kingdom Hearts 2
22	Burnout 3: Takedown
23	ICO
24	Grand Theft Auto: Vice City
25	Starwars Battlefront II
26	Medal of Honor: Frontliner
27	Suikoden III
28	Tekken Tag Tournament
29	Winning Eleven Berpangkat
30	Disgaea: Hour of Darkness
31	Def Jam: Fight of NY
32	Gran Turismo 3: A-Spec
33	Tony Hawk Underground 2
34	Fatal Frame II:
35	God Hand
36	Black
37	NBA Street Vol.2
38	Tenchu: Wrath of Heaven
39	Twisted Metal: Black
40	GTA III
41	The Lord of The Rings: The Return of the King
42	Xenosaga Episode I: Der Wille zur Macth
43	Klonoa 2: Lunatea’s vell
44	Fatal Frame
45	Prince of Persia: The Sands of Time
46	NBA Street V3
47	The Warriors
48	Call of Duty 3
49	SSX Tricky
50	Time Splitter
51	Tom Clancy’s Splinter Cell Pandora Tomorrow
52	Dark Cloud 2
53	Onimusha 2: Samurai’s destiny
54	Dynasty Tactics
55	Ace Combat 5: The Unsung War
56	Resident Evil: Code Veronica
57	The Lord of The Ring: The Two Towers
58	Hitman 2: Silent Assasin
59	Tony Hawk Pro Skater 4
60	Crazy Taxi
61	Mana Khemia 2: Fall of Alchemy
62	Mana Khemia: Alchemist of Al-Revis
63	Escape from Monkey Island
64	Kingdom Heart Re:Chain Memories
65	Shin Megami Tensei: Persona 4
66	Naruto Ultimate Ninja 3
67	Yakuza 2
68	Dragon Quest VIII: Journey of The Cursed King
69	The Sims Castaway
70	Warriors Orochi 2
71	Guitar Hero III: Legends of Rock
72	Dynasty Warriors 4
73	Dragon Ball Z: Budokai Tenkaichi
74	Tales of Abyss
75	Final Fantas XII
76	Fatal Frame 3
77	Onimusha Warlord
78	Max Payne
79	Socom III: U.S Navy Seal
80	The Sims Bustin’ Out
81	Tony Hawk: American Wasteland
82	Fight Night: Round 2
83	Mortal Combat: Shaolin Monks
84	Prince of Persia: The Two Thrones
85	Tekken 5
86	Armored Core 2
87	Dead or Alive 2: Hardcore
88	Soul Reaver 2
89	Theme Park Roller Coaster
90	Destroy All Humas!
91	Katamari Damacy
92	Ape Escape II
93	Rayman 2 Revolution
94	Kessen II:
95	Harvest Moon: Save The Homeland
96	Final Fantasy X-2
97	Dark Cloud
98	Time Crisis II
99	Shadow Hearts
100	Soul Calibur 3
101	Midnght Club 3 Dub Edition
102	Shin Megami Tensei: Persona 3
103	Jet Li: Rise of Honor
104	Downhill
105	Genji: Dawn of The Samurai
106	Driv3r
107	Enter The Matrix
108	Grand Theft Auto: San Andreas
109	Resident Evil 4
110	Final Fantasy X
111	Bully
112	God of War II
113	Shadow of Colossus
114	Metal Gear Solid 3: Snake Eater
115	Devil May Cry 3: Special Edition
116	Okami
117	Kingdom Hearts
118	Ace Combat 4: Shattered Skies
119	WWE: Smackdown! Here Comes The Pain
120	Jack and Dexter: Precursor Legacy
121	Silent Hill 2
122	Devil May Cry
123	Metal Gear Solid 2: Sons of Liberty
124	Tony Hawk: Underground
125	Need For Speed Most Wanted
126	Need For Speed Underground 2
127	Rachet and Clank 3
128	Kingdom Hearts 2
129	Burnout 3: Takedown
130	ICO
131	Grand Theft Auto: Vice City
132	Starwars Battlefront II
133	Medal of Honor: Frontliner
134	Suikoden III
135	Tekken Tag Tournament
136	Winning Eleven Berpangkat
137	Disgaea: Hour of Darkness
138	Def Jam: Fight of NY
139	Gran Turismo 3: A-Spec
140	Tony Hawk Underground 2
141	Fatal Frame II:
142	God Hand
143	Black
144	NBA Street Vol.2
145	Tenchu: Wrath of Heaven
146	Twisted Metal: Black
147	GTA III
148	The Lord of The Rings: The Return of the King
149	Xenosaga Episode I: Der Wille zur Macth
150	Klonoa 2: Lunatea’s vell
151	Fatal Frame
152	Prince of Persia: The Sands of Time
153	NBA Street V3
154	The Warriors
155	Call of Duty 3
156	SSX Tricky
157	Time Splitter
158	Tom Clancy’s Splinter Cell Pandora Tomorrow
159	Dark Cloud 2
160	Onimusha 2: Samurai’s destiny
161	Dynasty Tactics
162	Ace Combat 5: The Unsung War
163	Resident Evil: Code Veronica
164	The Lord of The Ring: The Two Towers
165	Hitman 2: Silent Assasin
166	Tony Hawk Pro Skater 4
167	Crazy Taxi
168	Mana Khemia 2: Fall of Alchemy
169	Mana Khemia: Alchemist of Al-Revis
170	Escape from Monkey Island
171	Kingdom Heart Re:Chain Memories
172	Shin Megami Tensei: Persona 4
173	Naruto Ultimate Ninja 3
174	Yakuza 2
175	Dragon Quest VIII: Journey of The Cursed King
176	The Sims Castaway
177	Warriors Orochi 2
178	Guitar Hero III: Legends of Rock
179	Dynasty Warriors 4
180	Dragon Ball Z: Budokai Tenkaichi
181	Tales of Abyss
182	Final Fantas XII
183	Fatal Frame 3
184	Onimusha Warlord
185	Max Payne
186	Socom III: U.S Navy Seal
187	The Sims Bustin’ Out
188	Tony Hawk: American Wasteland
189	Fight Night: Round 2
190	Mortal Combat: Shaolin Monks
191	Prince of Persia: The Two Thrones
192	Tekken 5
193	Armored Core 2
194	Dead or Alive 2: Hardcore
195	Soul Reaver 2
196	Theme Park Roller Coaster
197	Destroy All Humas!
198	Katamari Damacy
199	Ape Escape II
200	Rayman 2 Revolution
201	Kessen II:
202	Harvest Moon: Save The Homeland
203	Final Fantasy X-2
204	Dark Cloud
205	Time Crisis II
206	Shadow Hearts
207	Soul Calibur 3
208	Midnght Club 3 Dub Edition
209	Shin Megami Tensei: Persona 3
210	Jet Li: Rise of Honor
211	Downhill
212	Genji: Dawn of The Samurai
213	Driv3r
214	Enter The Matrix
215	Grand Theft Auto: San Andreas
216	Resident Evil 4
217	Final Fantasy X
218	Bully
219	God of War II
220	Shadow of Colossus
221	Metal Gear Solid 3: Snake Eater
222	Devil May Cry 3: Special Edition
223	Okami
224	Kingdom Hearts
225	Ace Combat 4: Shattered Skies
226	WWE: Smackdown! Here Comes The Pain
227	Jack and Dexter: Precursor Legacy
228	Silent Hill 2
229	Devil May Cry
230	Metal Gear Solid 2: Sons of Liberty
231	Tony Hawk: Underground
232	Need For Speed Most Wanted
233	Need For Speed Underground 2
234	Rachet and Clank 3
235	Kingdom Hearts 2
236	Burnout 3: Takedown
237	ICO
238	Grand Theft Auto: Vice City
239	Starwars Battlefront II
240	Medal of Honor: Frontliner
241	Suikoden III
242	Tekken Tag Tournament
243	Winning Eleven Berpangkat
244	Disgaea: Hour of Darkness
245	Def Jam: Fight of NY
246	Gran Turismo 3: A-Spec
247	Tony Hawk Underground 2
248	Fatal Frame II:
249	God Hand
250	Black
251	NBA Street Vol.2
252	Tenchu: Wrath of Heaven
253	Twisted Metal: Black
254	GTA III
255	The Lord of The Rings: The Return of the King
256	Xenosaga Episode I: Der Wille zur Macth
257	Klonoa 2: Lunatea’s vell
258	Fatal Frame
259	Prince of Persia: The Sands of Time
260	NBA Street V3
261	The Warriors
262	Call of Duty 3
263	SSX Tricky
264	Time Splitter
265	Tom Clancy’s Splinter Cell Pandora Tomorrow
266	Dark Cloud 2
267	Onimusha 2: Samurai’s destiny
268	Dynasty Tactics
269	Ace Combat 5: The Unsung War
270	Resident Evil: Code Veronica
271	The Lord of The Ring: The Two Towers
272	Hitman 2: Silent Assasin
273	Tony Hawk Pro Skater 4
274	Crazy Taxi
275	Mana Khemia 2: Fall of Alchemy
276	Mana Khemia: Alchemist of Al-Revis
277	Escape from Monkey Island
278	Kingdom Heart Re:Chain Memories
279	Shin Megami Tensei: Persona 4
280	Naruto Ultimate Ninja 3
281	Yakuza 2
282	Dragon Quest VIII: Journey of The Cursed King
283	The Sims Castaway
284	Warriors Orochi 2
285	Guitar Hero III: Legends of Rock
286	Dynasty Warriors 4
287	Dragon Ball Z: Budokai Tenkaichi
288	Tales of Abyss
289	Final Fantas XII
290	Fatal Frame 3
291	Onimusha Warlord
292	Max Payne
293	Socom III: U.S Navy Seal
294	The Sims Bustin’ Out
295	Tony Hawk: American Wasteland
296	Fight Night: Round 2
297	Mortal Combat: Shaolin Monks
298	Prince of Persia: The Two Thrones
299	Tekken 5
300	Armored Core 2
301	Dead or Alive 2: Hardcore
302	Soul Reaver 2
303	Theme Park Roller Coaster
304	Destroy All Humas!
305	Katamari Damacy
306	Ape Escape II
307	Rayman 2 Revolution
308	Kessen II:
309	Harvest Moon: Save The Homeland
310	Final Fantasy X-2
311	Dark Cloud
312	Time Crisis II
313	Shadow Hearts
314	Soul Calibur 3
315	Midnght Club 3 Dub Edition
316	Shin Megami Tensei: Persona 3
317	Jet Li: Rise of Honor
318	Downhill
319	Genji: Dawn of The Samurai
320	Driv3r
321	Enter The Matrix
322	Grand Theft Auto: San Andreas
323	Resident Evil 4
324	Final Fantasy X
325	Bully
326	God of War II
327	Shadow of Colossus
328	Metal Gear Solid 3: Snake Eater
329	Devil May Cry 3: Special Edition
330	Okami
331	Kingdom Hearts
332	Ace Combat 4: Shattered Skies
333	WWE: Smackdown! Here Comes The Pain
334	Jack and Dexter: Precursor Legacy
335	Silent Hill 2
336	Devil May Cry
337	Metal Gear Solid 2: Sons of Liberty
338	Tony Hawk: Underground
339	Need For Speed Most Wanted
340	Need For Speed Underground 2
341	Rachet and Clank 3
342	Kingdom Hearts 2
343	Burnout 3: Takedown
344	ICO
345	Grand Theft Auto: Vice City
346	Starwars Battlefront II
347	Medal of Honor: Frontliner
348	Suikoden III
349	Tekken Tag Tournament
350	Winning Eleven Berpangkat
351	Disgaea: Hour of Darkness
352	Def Jam: Fight of NY
353	Gran Turismo 3: A-Spec
354	Tony Hawk Underground 2
355	Fatal Frame II:
356	God Hand
357	Black
358	NBA Street Vol.2
359	Tenchu: Wrath of Heaven
360	Twisted Metal: Black
361	GTA III
362	The Lord of The Rings: The Return of the King
363	Xenosaga Episode I: Der Wille zur Macth
364	Klonoa 2: Lunatea’s vell
365	Fatal Frame
366	Prince of Persia: The Sands of Time
367	NBA Street V3
368	The Warriors
369	Call of Duty 3
370	SSX Tricky
371	Time Splitter
372	Tom Clancy’s Splinter Cell Pandora Tomorrow
373	Dark Cloud 2
374	Onimusha 2: Samurai’s destiny
375	Dynasty Tactics
376	Ace Combat 5: The Unsung War
377	Resident Evil: Code Veronica
378	The Lord of The Ring: The Two Towers
379	Hitman 2: Silent Assasin
380	Tony Hawk Pro Skater 4
381	Crazy Taxi
382	Mana Khemia 2: Fall of Alchemy
383	Mana Khemia: Alchemist of Al-Revis
384	Escape from Monkey Island
385	Kingdom Heart Re:Chain Memories
386	Shin Megami Tensei: Persona 4
387	Naruto Ultimate Ninja 3
388	Yakuza 2
389	Dragon Quest VIII: Journey of The Cursed King
390	The Sims Castaway
391	Warriors Orochi 2
392	Guitar Hero III: Legends of Rock
393	Dynasty Warriors 4
394	Dragon Ball Z: Budokai Tenkaichi
395	Tales of Abyss
396	Final Fantas XII
397	Fatal Frame 3
398	Onimusha Warlord
399	Max Payne
400	Socom III: U.S Navy Seal
401	The Sims Bustin’ Out
402	Tony Hawk: American Wasteland
403	Fight Night: Round 2
404	Mortal Combat: Shaolin Monks
405	Prince of Persia: The Two Thrones
406	Tekken 5
407	Armored Core 2
408	Dead or Alive 2: Hardcore
409	Soul Reaver 2
410	Theme Park Roller Coaster
411	Destroy All Humas!
412	Katamari Damacy
413	Ape Escape II
414	Rayman 2 Revolution
415	Kessen II:
416	Harvest Moon: Save The Homeland
417	Final Fantasy X-2
418	Dark Cloud
419	Time Crisis II
420	Shadow Hearts
421	Soul Calibur 3
422	Midnght Club 3 Dub Edition
423	Shin Megami Tensei: Persona 3
424	Jet Li: Rise of Honor
425	Downhill
426	Genji: Dawn of The Samurai
427	Driv3r
428	Enter The Matrix
429	Grand Theft Auto: San Andreas
430	Resident Evil 4
431	Final Fantasy X
432	Bully
433	God of War II
434	Shadow of Colossus
435	Metal Gear Solid 3: Snake Eater
436	Devil May Cry 3: Special Edition
437	Okami
438	Kingdom Hearts
439	Ace Combat 4: Shattered Skies
440	WWE: Smackdown! Here Comes The Pain
441	Jack and Dexter: Precursor Legacy
442	Silent Hill 2
443	Devil May Cry
444	Metal Gear Solid 2: Sons of Liberty
445	Tony Hawk: Underground
446	Need For Speed Most Wanted
447	Need For Speed Underground 2
448	Rachet and Clank 3
449	Kingdom Hearts 2
450	Burnout 3: Takedown
451	ICO
452	Grand Theft Auto: Vice City
453	Starwars Battlefront II
454	Medal of Honor: Frontliner
455	Suikoden III
456	Tekken Tag Tournament
457	Winning Eleven Berpangkat
458	Disgaea: Hour of Darkness
459	Def Jam: Fight of NY
460	Gran Turismo 3: A-Spec
461	Tony Hawk Underground 2
462	Fatal Frame II:
463	God Hand
464	Black
465	NBA Street Vol.2
466	Tenchu: Wrath of Heaven
467	Twisted Metal: Black
468	GTA III
469	The Lord of The Rings: The Return of the King
470	Xenosaga Episode I: Der Wille zur Macth
471	Klonoa 2: Lunatea’s vell
472	Fatal Frame
473	Prince of Persia: The Sands of Time
474	NBA Street V3
475	The Warriors
476	Call of Duty 3
477	SSX Tricky
478	Time Splitter
479	Tom Clancy’s Splinter Cell Pandora Tomorrow
480	Dark Cloud 2
481	Onimusha 2: Samurai’s destiny
482	Dynasty Tactics
483	Ace Combat 5: The Unsung War
484	Resident Evil: Code Veronica
485	The Lord of The Ring: The Two Towers
486	Hitman 2: Silent Assasin
487	Tony Hawk Pro Skater 4
488	Crazy Taxi
489	Mana Khemia 2: Fall of Alchemy
490	Mana Khemia: Alchemist of Al-Revis
491	Escape from Monkey Island
492	Kingdom Heart Re:Chain Memories
493	Shin Megami Tensei: Persona 4
494	Naruto Ultimate Ninja 3
495	Yakuza 2
496	Dragon Quest VIII: Journey of The Cursed King
497	The Sims Castaway
498	Warriors Orochi 2
499	Guitar Hero III: Legends of Rock
500	Dynasty Warriors 4
501	Dragon Ball Z: Budokai Tenkaichi
502	Tales of Abyss
503	Final Fantas XII
504	Fatal Frame 3
505	Onimusha Warlord
506	Max Payne
507	Socom III: U.S Navy Seal
508	The Sims Bustin’ Out
509	Tony Hawk: American Wasteland
510	Fight Night: Round 2
511	Mortal Combat: Shaolin Monks
512	Prince of Persia: The Two Thrones
513	Tekken 5
514	Armored Core 2
515	Dead or Alive 2: Hardcore
516	Soul Reaver 2
517	Theme Park Roller Coaster
518	Destroy All Humas!
519	Katamari Damacy
520	Ape Escape II
521	Rayman 2 Revolution
522	Kessen II:
523	Harvest Moon: Save The Homeland
524	Final Fantasy X-2
525	Dark Cloud
526	Time Crisis II
527	Shadow Hearts
528	Soul Calibur 3
529	Midnght Club 3 Dub Edition
530	Shin Megami Tensei: Persona 3
531	Jet Li: Rise of Honor
532	Downhill
533	Genji: Dawn of The Samurai
534	Driv3r
535	Enter The Matrix
\.


--
-- Data for Name: dimgenre; Type: TABLE DATA; Schema: public; Owner: postgres
--

COPY public.dimgenre (genre_key, genre_name) FROM stdin;
1	Action
2	Action Adventure
3	Action RPG
4	Action Stleath
5	Adventure
6	Arcade
7	Boxing
8	Car Combat
9	Casual
10	Dogfight
11	Driving
12	Extreme Sport
13	FPS
14	Fight
15	Fighting
16	Figthing
17	Flight
18	Flight War
19	Football
20	Horor
21	Horror
22	Life Simulation
23	Life Simulator
24	Musou
25	Ninja
26	Open World
27	Puzzle
28	RPG
29	Racing
30	Rythim Game
31	Sci-Fi
32	Semi-Open World
33	Shooter
34	Skateboard
35	Sport
36	Stealth
37	Strategi
38	Survival simulation
39	Tactic
40	Tycoon
41	War
42	Xtreme Sport
43	Zombie
44	Action
45	Action Adventure
46	Action RPG
47	Action Stleath
48	Adventure
49	Arcade
50	Boxing
51	Car Combat
52	Casual
53	Dogfight
54	Driving
55	Extreme Sport
56	FPS
57	Fight
58	Fighting
59	Figthing
60	Flight
61	Flight War
62	Football
63	Horor
64	Horror
65	Life Simulation
66	Life Simulator
67	Musou
68	Ninja
69	Open World
70	Puzzle
71	RPG
72	Racing
73	Rythim Game
74	Sci-Fi
75	Semi-Open World
76	Shooter
77	Skateboard
78	Sport
79	Stealth
80	Strategi
81	Survival simulation
82	Tactic
83	Tycoon
84	War
85	Xtreme Sport
86	Zombie
87	Action
88	Action Adventure
89	Action RPG
90	Action Stleath
91	Adventure
92	Arcade
93	Boxing
94	Car Combat
95	Casual
96	Dogfight
97	Driving
98	Extreme Sport
99	FPS
100	Fight
101	Fighting
102	Figthing
103	Flight
104	Flight War
105	Football
106	Horor
107	Horror
108	Life Simulation
109	Life Simulator
110	Musou
111	Ninja
112	Open World
113	Puzzle
114	RPG
115	Racing
116	Rythim Game
117	Sci-Fi
118	Semi-Open World
119	Shooter
120	Skateboard
121	Sport
122	Stealth
123	Strategi
124	Survival simulation
125	Tactic
126	Tycoon
127	War
128	Xtreme Sport
129	Zombie
130	Action
131	Action Adventure
132	Action RPG
133	Action Stleath
134	Adventure
135	Arcade
136	Boxing
137	Car Combat
138	Casual
139	Dogfight
140	Driving
141	Extreme Sport
142	FPS
143	Fight
144	Fighting
145	Figthing
146	Flight
147	Flight War
148	Football
149	Horor
150	Horror
151	Life Simulation
152	Life Simulator
153	Musou
154	Ninja
155	Open World
156	Puzzle
157	RPG
158	Racing
159	Rythim Game
160	Sci-Fi
161	Semi-Open World
162	Shooter
163	Skateboard
164	Sport
165	Stealth
166	Strategi
167	Survival simulation
168	Tactic
169	Tycoon
170	War
171	Xtreme Sport
172	Zombie
173	Action
174	Action Adventure
175	Action RPG
176	Action Stleath
177	Adventure
178	Arcade
179	Boxing
180	Car Combat
181	Casual
182	Dogfight
183	Driving
184	Extreme Sport
185	FPS
186	Fight
187	Fighting
188	Figthing
189	Flight
190	Flight War
191	Football
192	Horor
193	Horror
194	Life Simulation
195	Life Simulator
196	Musou
197	Ninja
198	Open World
199	Puzzle
200	RPG
201	Racing
202	Rythim Game
203	Sci-Fi
204	Semi-Open World
205	Shooter
206	Skateboard
207	Sport
208	Stealth
209	Strategi
210	Survival simulation
211	Tactic
212	Tycoon
213	War
214	Xtreme Sport
215	Zombie
\.


--
-- Data for Name: factgamerank; Type: TABLE DATA; Schema: public; Owner: postgres
--

COPY public.factgamerank (game_key, genre_key, date_key, rank) FROM stdin;
1	26	1	1
1	69	1	1
108	26	1	1
108	69	1	1
2	1	1	2
2	44	1	2
2	21	1	2
2	64	1	2
109	1	1	2
109	44	1	2
109	21	1	2
109	64	1	2
3	28	1	3
3	71	1	3
110	28	1	3
110	71	1	3
4	26	1	4
4	69	1	4
111	26	1	4
111	69	1	4
5	1	1	5
5	44	1	5
112	1	1	5
112	44	1	5
6	1	1	6
6	44	1	6
6	5	1	6
6	48	1	6
113	1	1	6
113	44	1	6
113	5	1	6
113	48	1	6
7	1	1	7
7	44	1	7
114	1	1	7
114	44	1	7
8	1	1	8
8	44	1	8
115	1	1	8
115	44	1	8
9	3	1	9
9	46	1	9
116	3	1	9
116	46	1	9
10	28	1	10
10	71	1	10
117	28	1	10
117	71	1	10
11	10	1	11
11	53	1	11
11	17	1	11
11	60	1	11
118	10	1	11
118	53	1	11
118	17	1	11
118	60	1	11
12	12	1	12
12	55	1	12
119	12	1	12
119	55	1	12
13	1	1	13
13	44	1	13
120	1	1	13
120	44	1	13
14	21	1	14
14	64	1	14
121	21	1	14
121	64	1	14
15	1	1	15
15	44	1	15
122	1	1	15
122	44	1	15
16	1	1	44
16	44	1	44
123	1	1	44
123	44	1	44
17	12	1	17
17	55	1	17
124	12	1	17
124	55	1	17
18	12	1	18
18	55	1	18
125	12	1	18
125	55	1	18
19	12	1	19
19	55	1	19
19	29	1	19
19	72	1	19
126	12	1	19
126	55	1	19
126	29	1	19
126	72	1	19
20	1	1	20
20	44	1	20
20	5	1	20
20	48	1	20
127	1	1	20
127	44	1	20
127	5	1	20
127	48	1	20
21	1	1	21
21	44	1	21
21	28	1	21
21	71	1	21
128	1	1	21
128	44	1	21
128	28	1	21
128	71	1	21
22	29	1	22
22	72	1	22
129	29	1	22
129	72	1	22
23	5	1	23
23	48	1	23
130	5	1	23
130	48	1	23
24	26	1	24
24	69	1	24
131	26	1	24
131	69	1	24
25	41	1	25
25	84	1	25
132	41	1	25
132	84	1	25
26	33	1	26
26	76	1	26
133	33	1	26
133	76	1	26
27	28	1	27
27	71	1	27
134	28	1	27
134	71	1	27
28	15	1	28
28	58	1	28
135	15	1	28
135	58	1	28
29	19	1	29
29	62	1	29
29	35	1	29
29	78	1	29
136	19	1	29
136	62	1	29
136	35	1	29
136	78	1	29
30	28	1	30
30	71	1	30
30	39	1	30
30	82	1	30
137	28	1	30
137	71	1	30
137	39	1	30
137	82	1	30
31	15	1	31
31	58	1	31
138	15	1	31
138	58	1	31
32	29	1	32
32	72	1	32
139	29	1	32
139	72	1	32
33	34	1	33
33	77	1	33
33	35	1	33
33	78	1	33
140	34	1	33
140	77	1	33
140	35	1	33
140	78	1	33
34	21	1	34
34	64	1	34
141	21	1	34
141	64	1	34
35	1	1	35
35	44	1	35
142	1	1	35
142	44	1	35
36	33	1	36
36	76	1	36
143	33	1	36
143	76	1	36
37	35	1	37
37	78	1	37
144	35	1	37
144	78	1	37
38	1	1	38
38	44	1	38
38	25	1	38
38	68	1	38
145	1	1	38
145	44	1	38
145	25	1	38
145	68	1	38
39	8	1	39
39	51	1	39
146	8	1	39
146	51	1	39
40	26	1	40
40	69	1	40
147	26	1	40
147	69	1	40
41	1	1	41
41	44	1	41
41	5	1	41
41	48	1	41
148	1	1	41
148	44	1	41
148	5	1	41
148	48	1	41
42	28	1	42
42	71	1	42
149	28	1	42
149	71	1	42
43	28	1	43
43	71	1	43
150	28	1	43
150	71	1	43
44	20	1	45
44	63	1	45
151	20	1	45
151	63	1	45
45	1	1	46
45	44	1	46
152	1	1	46
152	44	1	46
46	12	1	47
46	55	1	47
153	12	1	47
153	55	1	47
47	1	1	48
47	44	1	48
154	1	1	48
154	44	1	48
48	33	1	49
48	76	1	49
48	41	1	49
48	84	1	49
155	33	1	49
155	76	1	49
155	41	1	49
155	84	1	49
49	12	1	50
49	55	1	50
156	12	1	50
156	55	1	50
50	13	1	51
50	56	1	51
157	13	1	51
157	56	1	51
51	36	1	52
51	79	1	52
158	36	1	52
158	79	1	52
52	1	1	53
52	44	1	53
52	28	1	53
52	71	1	53
159	1	1	53
159	44	1	53
159	28	1	53
159	71	1	53
53	1	1	54
53	44	1	54
53	5	1	54
53	48	1	54
160	1	1	54
160	44	1	54
160	5	1	54
160	48	1	54
54	39	1	55
54	82	1	55
161	39	1	55
161	82	1	55
55	18	1	56
55	61	1	56
162	18	1	56
162	61	1	56
56	43	1	57
56	86	1	57
163	43	1	57
163	86	1	57
57	1	1	58
57	44	1	58
164	1	1	58
164	44	1	58
58	4	1	59
58	47	1	59
165	4	1	59
165	47	1	59
59	12	1	60
59	55	1	60
166	12	1	60
166	55	1	60
60	6	1	61
60	49	1	61
167	6	1	61
167	49	1	61
61	28	1	62
61	71	1	62
168	28	1	62
168	71	1	62
62	28	1	63
62	71	1	63
169	28	1	63
169	71	1	63
63	1	1	64
63	44	1	64
63	5	1	64
63	48	1	64
170	1	1	64
170	44	1	64
170	5	1	64
170	48	1	64
64	28	1	65
64	71	1	65
171	28	1	65
171	71	1	65
65	28	1	66
65	71	1	66
172	28	1	66
172	71	1	66
66	14	1	67
66	57	1	67
173	14	1	67
173	57	1	67
67	1	1	68
67	44	1	68
67	32	1	68
67	75	1	68
174	1	1	68
174	44	1	68
174	32	1	68
174	75	1	68
68	28	1	69
68	71	1	69
175	28	1	69
175	71	1	69
69	38	1	70
69	81	1	70
176	38	1	70
176	81	1	70
70	24	1	71
70	67	1	71
177	24	1	71
177	67	1	71
71	30	1	72
71	73	1	72
178	30	1	72
178	73	1	72
72	24	1	73
72	67	1	73
179	24	1	73
179	67	1	73
73	14	1	74
73	57	1	74
180	14	1	74
180	57	1	74
74	28	1	75
74	71	1	75
181	28	1	75
181	71	1	75
75	1	1	76
75	44	1	76
75	28	1	76
75	71	1	76
182	1	1	76
182	44	1	76
182	28	1	76
182	71	1	76
76	21	1	77
76	64	1	77
183	21	1	77
183	64	1	77
77	1	1	78
77	44	1	78
184	1	1	78
184	44	1	78
78	33	1	79
78	76	1	79
185	33	1	79
185	76	1	79
79	33	1	80
79	76	1	80
186	33	1	80
186	76	1	80
80	22	1	81
80	65	1	81
187	22	1	81
187	65	1	81
81	12	1	82
81	55	1	82
188	12	1	82
188	55	1	82
82	7	1	83
82	50	1	83
189	7	1	83
189	50	1	83
83	15	1	84
83	58	1	84
190	15	1	84
190	58	1	84
84	2	1	85
84	45	1	85
191	2	1	85
191	45	1	85
85	16	1	86
85	59	1	86
192	16	1	86
192	59	1	86
86	1	1	87
86	44	1	87
86	31	1	87
86	74	1	87
193	1	1	87
193	44	1	87
193	31	1	87
193	74	1	87
87	15	1	88
87	58	1	88
194	15	1	88
194	58	1	88
88	1	1	89
88	44	1	89
88	5	1	89
88	48	1	89
195	1	1	89
195	44	1	89
195	5	1	89
195	48	1	89
89	40	1	90
89	83	1	90
196	40	1	90
196	83	1	90
90	1	1	91
90	44	1	91
90	5	1	91
90	48	1	91
90	31	1	91
90	74	1	91
197	1	1	91
197	44	1	91
197	5	1	91
197	48	1	91
197	31	1	91
197	74	1	91
91	27	1	92
91	70	1	92
198	27	1	92
198	70	1	92
92	5	1	93
92	48	1	93
92	9	1	93
92	52	1	93
199	5	1	93
199	48	1	93
199	9	1	93
199	52	1	93
93	5	1	94
93	48	1	94
200	5	1	94
200	48	1	94
94	37	1	95
94	80	1	95
201	37	1	95
201	80	1	95
95	23	1	96
95	66	1	96
202	23	1	96
202	66	1	96
96	28	1	97
96	71	1	97
203	28	1	97
203	71	1	97
97	28	1	98
97	71	1	98
204	28	1	98
204	71	1	98
98	33	1	99
98	76	1	99
205	33	1	99
205	76	1	99
99	28	1	100
99	71	1	100
206	28	1	100
206	71	1	100
100	16	1	101
100	59	1	101
207	16	1	101
207	59	1	101
101	29	1	102
101	72	1	102
208	29	1	102
208	72	1	102
102	28	1	103
102	71	1	103
209	28	1	103
209	71	1	103
103	1	1	104
103	44	1	104
210	1	1	104
210	44	1	104
104	29	1	105
104	72	1	105
104	42	1	105
104	85	1	105
211	29	1	105
211	72	1	105
211	42	1	105
211	85	1	105
105	1	1	106
105	44	1	106
212	1	1	106
212	44	1	106
106	1	1	107
106	44	1	107
106	11	1	107
106	54	1	107
213	1	1	107
213	44	1	107
213	11	1	107
213	54	1	107
107	1	1	108
107	44	1	108
214	1	1	108
214	44	1	108
1	26	2	1
1	69	2	1
1	112	2	1
108	26	2	1
108	69	2	1
108	112	2	1
215	26	2	1
215	69	2	1
215	112	2	1
2	1	2	2
2	44	2	2
2	87	2	2
2	21	2	2
2	64	2	2
2	107	2	2
109	1	2	2
109	44	2	2
109	87	2	2
109	21	2	2
109	64	2	2
109	107	2	2
216	1	2	2
216	44	2	2
216	87	2	2
216	21	2	2
216	64	2	2
216	107	2	2
3	28	2	3
3	71	2	3
3	114	2	3
110	28	2	3
110	71	2	3
110	114	2	3
217	28	2	3
217	71	2	3
217	114	2	3
4	26	2	4
4	69	2	4
4	112	2	4
111	26	2	4
111	69	2	4
111	112	2	4
218	26	2	4
218	69	2	4
218	112	2	4
5	1	2	5
5	44	2	5
5	87	2	5
112	1	2	5
112	44	2	5
112	87	2	5
219	1	2	5
219	44	2	5
219	87	2	5
6	1	2	6
6	44	2	6
6	87	2	6
6	5	2	6
6	48	2	6
6	91	2	6
113	1	2	6
113	44	2	6
113	87	2	6
113	5	2	6
113	48	2	6
113	91	2	6
220	1	2	6
220	44	2	6
220	87	2	6
220	5	2	6
220	48	2	6
220	91	2	6
7	1	2	7
7	44	2	7
7	87	2	7
114	1	2	7
114	44	2	7
114	87	2	7
221	1	2	7
221	44	2	7
221	87	2	7
8	1	2	8
8	44	2	8
8	87	2	8
115	1	2	8
115	44	2	8
115	87	2	8
222	1	2	8
222	44	2	8
222	87	2	8
9	3	2	9
9	46	2	9
9	89	2	9
116	3	2	9
116	46	2	9
116	89	2	9
223	3	2	9
223	46	2	9
223	89	2	9
10	28	2	10
10	71	2	10
10	114	2	10
117	28	2	10
117	71	2	10
117	114	2	10
224	28	2	10
224	71	2	10
224	114	2	10
11	10	2	11
11	53	2	11
11	96	2	11
11	17	2	11
11	60	2	11
11	103	2	11
118	10	2	11
118	53	2	11
118	96	2	11
118	17	2	11
118	60	2	11
118	103	2	11
225	10	2	11
225	53	2	11
225	96	2	11
225	17	2	11
225	60	2	11
225	103	2	11
12	12	2	12
12	55	2	12
12	98	2	12
119	12	2	12
119	55	2	12
119	98	2	12
226	12	2	12
226	55	2	12
226	98	2	12
13	1	2	13
13	44	2	13
13	87	2	13
120	1	2	13
120	44	2	13
120	87	2	13
227	1	2	13
227	44	2	13
227	87	2	13
14	21	2	14
14	64	2	14
14	107	2	14
121	21	2	14
121	64	2	14
121	107	2	14
228	21	2	14
228	64	2	14
228	107	2	14
15	1	2	15
15	44	2	15
15	87	2	15
122	1	2	15
122	44	2	15
122	87	2	15
229	1	2	15
229	44	2	15
229	87	2	15
16	1	2	44
16	44	2	44
16	87	2	44
123	1	2	44
123	44	2	44
123	87	2	44
230	1	2	44
230	44	2	44
230	87	2	44
17	12	2	17
17	55	2	17
17	98	2	17
124	12	2	17
124	55	2	17
124	98	2	17
231	12	2	17
231	55	2	17
231	98	2	17
18	12	2	18
18	55	2	18
18	98	2	18
125	12	2	18
125	55	2	18
125	98	2	18
232	12	2	18
232	55	2	18
232	98	2	18
19	12	2	19
19	55	2	19
19	98	2	19
19	29	2	19
19	72	2	19
19	115	2	19
126	12	2	19
126	55	2	19
126	98	2	19
126	29	2	19
126	72	2	19
126	115	2	19
233	12	2	19
233	55	2	19
233	98	2	19
233	29	2	19
233	72	2	19
233	115	2	19
20	1	2	20
20	44	2	20
20	87	2	20
20	5	2	20
20	48	2	20
20	91	2	20
127	1	2	20
127	44	2	20
127	87	2	20
127	5	2	20
127	48	2	20
127	91	2	20
234	1	2	20
234	44	2	20
234	87	2	20
234	5	2	20
234	48	2	20
234	91	2	20
21	1	2	21
21	44	2	21
21	87	2	21
21	28	2	21
21	71	2	21
21	114	2	21
128	1	2	21
128	44	2	21
128	87	2	21
128	28	2	21
128	71	2	21
128	114	2	21
235	1	2	21
235	44	2	21
235	87	2	21
235	28	2	21
235	71	2	21
235	114	2	21
22	29	2	22
22	72	2	22
22	115	2	22
129	29	2	22
129	72	2	22
129	115	2	22
236	29	2	22
236	72	2	22
236	115	2	22
23	5	2	23
23	48	2	23
23	91	2	23
130	5	2	23
130	48	2	23
130	91	2	23
237	5	2	23
237	48	2	23
237	91	2	23
24	26	2	24
24	69	2	24
24	112	2	24
131	26	2	24
131	69	2	24
131	112	2	24
238	26	2	24
238	69	2	24
238	112	2	24
25	41	2	25
25	84	2	25
25	127	2	25
132	41	2	25
132	84	2	25
132	127	2	25
239	41	2	25
239	84	2	25
239	127	2	25
26	33	2	26
26	76	2	26
26	119	2	26
133	33	2	26
133	76	2	26
133	119	2	26
240	33	2	26
240	76	2	26
240	119	2	26
27	28	2	27
27	71	2	27
27	114	2	27
134	28	2	27
134	71	2	27
134	114	2	27
241	28	2	27
241	71	2	27
241	114	2	27
28	15	2	28
28	58	2	28
28	101	2	28
135	15	2	28
135	58	2	28
135	101	2	28
242	15	2	28
242	58	2	28
242	101	2	28
29	19	2	29
29	62	2	29
29	105	2	29
29	35	2	29
29	78	2	29
29	121	2	29
136	19	2	29
136	62	2	29
136	105	2	29
136	35	2	29
136	78	2	29
136	121	2	29
243	19	2	29
243	62	2	29
243	105	2	29
243	35	2	29
243	78	2	29
243	121	2	29
30	28	2	30
30	71	2	30
30	114	2	30
30	39	2	30
30	82	2	30
30	125	2	30
137	28	2	30
137	71	2	30
137	114	2	30
137	39	2	30
137	82	2	30
137	125	2	30
244	28	2	30
244	71	2	30
244	114	2	30
244	39	2	30
244	82	2	30
244	125	2	30
31	15	2	31
31	58	2	31
31	101	2	31
138	15	2	31
138	58	2	31
138	101	2	31
245	15	2	31
245	58	2	31
245	101	2	31
32	29	2	32
32	72	2	32
32	115	2	32
139	29	2	32
139	72	2	32
139	115	2	32
246	29	2	32
246	72	2	32
246	115	2	32
33	34	2	33
33	77	2	33
33	120	2	33
33	35	2	33
33	78	2	33
33	121	2	33
140	34	2	33
140	77	2	33
140	120	2	33
140	35	2	33
140	78	2	33
140	121	2	33
247	34	2	33
247	77	2	33
247	120	2	33
247	35	2	33
247	78	2	33
247	121	2	33
34	21	2	34
34	64	2	34
34	107	2	34
141	21	2	34
141	64	2	34
141	107	2	34
248	21	2	34
248	64	2	34
248	107	2	34
35	1	2	35
35	44	2	35
35	87	2	35
142	1	2	35
142	44	2	35
142	87	2	35
249	1	2	35
249	44	2	35
249	87	2	35
36	33	2	36
36	76	2	36
36	119	2	36
143	33	2	36
143	76	2	36
143	119	2	36
250	33	2	36
250	76	2	36
250	119	2	36
37	35	2	37
37	78	2	37
37	121	2	37
144	35	2	37
144	78	2	37
144	121	2	37
251	35	2	37
251	78	2	37
251	121	2	37
38	1	2	38
38	44	2	38
38	87	2	38
38	25	2	38
38	68	2	38
38	111	2	38
145	1	2	38
145	44	2	38
145	87	2	38
145	25	2	38
145	68	2	38
145	111	2	38
252	1	2	38
252	44	2	38
252	87	2	38
252	25	2	38
252	68	2	38
252	111	2	38
39	8	2	39
39	51	2	39
39	94	2	39
146	8	2	39
146	51	2	39
146	94	2	39
253	8	2	39
253	51	2	39
253	94	2	39
40	26	2	40
40	69	2	40
40	112	2	40
147	26	2	40
147	69	2	40
147	112	2	40
254	26	2	40
254	69	2	40
254	112	2	40
41	1	2	41
41	44	2	41
41	87	2	41
41	5	2	41
41	48	2	41
41	91	2	41
148	1	2	41
148	44	2	41
148	87	2	41
148	5	2	41
148	48	2	41
148	91	2	41
255	1	2	41
255	44	2	41
255	87	2	41
255	5	2	41
255	48	2	41
255	91	2	41
42	28	2	42
42	71	2	42
42	114	2	42
149	28	2	42
149	71	2	42
149	114	2	42
256	28	2	42
256	71	2	42
256	114	2	42
43	28	2	43
43	71	2	43
43	114	2	43
150	28	2	43
150	71	2	43
150	114	2	43
257	28	2	43
257	71	2	43
257	114	2	43
44	20	2	45
44	63	2	45
44	106	2	45
151	20	2	45
151	63	2	45
151	106	2	45
258	20	2	45
258	63	2	45
258	106	2	45
45	1	2	46
45	44	2	46
45	87	2	46
152	1	2	46
152	44	2	46
152	87	2	46
259	1	2	46
259	44	2	46
259	87	2	46
46	12	2	47
46	55	2	47
46	98	2	47
153	12	2	47
153	55	2	47
153	98	2	47
260	12	2	47
260	55	2	47
260	98	2	47
47	1	2	48
47	44	2	48
47	87	2	48
154	1	2	48
154	44	2	48
154	87	2	48
261	1	2	48
261	44	2	48
261	87	2	48
48	33	2	49
48	76	2	49
48	119	2	49
48	41	2	49
48	84	2	49
48	127	2	49
155	33	2	49
155	76	2	49
155	119	2	49
155	41	2	49
155	84	2	49
155	127	2	49
262	33	2	49
262	76	2	49
262	119	2	49
262	41	2	49
262	84	2	49
262	127	2	49
49	12	2	50
49	55	2	50
49	98	2	50
156	12	2	50
156	55	2	50
156	98	2	50
263	12	2	50
263	55	2	50
263	98	2	50
50	13	2	51
50	56	2	51
50	99	2	51
157	13	2	51
157	56	2	51
157	99	2	51
264	13	2	51
264	56	2	51
264	99	2	51
51	36	2	52
51	79	2	52
51	122	2	52
158	36	2	52
158	79	2	52
158	122	2	52
265	36	2	52
265	79	2	52
265	122	2	52
52	1	2	53
52	44	2	53
52	87	2	53
52	28	2	53
52	71	2	53
52	114	2	53
159	1	2	53
159	44	2	53
159	87	2	53
159	28	2	53
159	71	2	53
159	114	2	53
266	1	2	53
266	44	2	53
266	87	2	53
266	28	2	53
266	71	2	53
266	114	2	53
53	1	2	54
53	44	2	54
53	87	2	54
53	5	2	54
53	48	2	54
53	91	2	54
160	1	2	54
160	44	2	54
160	87	2	54
160	5	2	54
160	48	2	54
160	91	2	54
267	1	2	54
267	44	2	54
267	87	2	54
267	5	2	54
267	48	2	54
267	91	2	54
54	39	2	55
54	82	2	55
54	125	2	55
161	39	2	55
161	82	2	55
161	125	2	55
268	39	2	55
268	82	2	55
268	125	2	55
55	18	2	56
55	61	2	56
55	104	2	56
162	18	2	56
162	61	2	56
162	104	2	56
269	18	2	56
269	61	2	56
269	104	2	56
56	43	2	57
56	86	2	57
56	129	2	57
163	43	2	57
163	86	2	57
163	129	2	57
270	43	2	57
270	86	2	57
270	129	2	57
57	1	2	58
57	44	2	58
57	87	2	58
164	1	2	58
164	44	2	58
164	87	2	58
271	1	2	58
271	44	2	58
271	87	2	58
58	4	2	59
58	47	2	59
58	90	2	59
165	4	2	59
165	47	2	59
165	90	2	59
272	4	2	59
272	47	2	59
272	90	2	59
59	12	2	60
59	55	2	60
59	98	2	60
166	12	2	60
166	55	2	60
166	98	2	60
273	12	2	60
273	55	2	60
273	98	2	60
60	6	2	61
60	49	2	61
60	92	2	61
167	6	2	61
167	49	2	61
167	92	2	61
274	6	2	61
274	49	2	61
274	92	2	61
61	28	2	62
61	71	2	62
61	114	2	62
168	28	2	62
168	71	2	62
168	114	2	62
275	28	2	62
275	71	2	62
275	114	2	62
62	28	2	63
62	71	2	63
62	114	2	63
169	28	2	63
169	71	2	63
169	114	2	63
276	28	2	63
276	71	2	63
276	114	2	63
63	1	2	64
63	44	2	64
63	87	2	64
63	5	2	64
63	48	2	64
63	91	2	64
170	1	2	64
170	44	2	64
170	87	2	64
170	5	2	64
170	48	2	64
170	91	2	64
277	1	2	64
277	44	2	64
277	87	2	64
277	5	2	64
277	48	2	64
277	91	2	64
64	28	2	65
64	71	2	65
64	114	2	65
171	28	2	65
171	71	2	65
171	114	2	65
278	28	2	65
278	71	2	65
278	114	2	65
65	28	2	66
65	71	2	66
65	114	2	66
172	28	2	66
172	71	2	66
172	114	2	66
279	28	2	66
279	71	2	66
279	114	2	66
66	14	2	67
66	57	2	67
66	100	2	67
173	14	2	67
173	57	2	67
173	100	2	67
280	14	2	67
280	57	2	67
280	100	2	67
67	1	2	68
67	44	2	68
67	87	2	68
67	32	2	68
67	75	2	68
67	118	2	68
174	1	2	68
174	44	2	68
174	87	2	68
174	32	2	68
174	75	2	68
174	118	2	68
281	1	2	68
281	44	2	68
281	87	2	68
281	32	2	68
281	75	2	68
281	118	2	68
68	28	2	69
68	71	2	69
68	114	2	69
175	28	2	69
175	71	2	69
175	114	2	69
282	28	2	69
282	71	2	69
282	114	2	69
69	38	2	70
69	81	2	70
69	124	2	70
176	38	2	70
176	81	2	70
176	124	2	70
283	38	2	70
283	81	2	70
283	124	2	70
70	24	2	71
70	67	2	71
70	110	2	71
177	24	2	71
177	67	2	71
177	110	2	71
284	24	2	71
284	67	2	71
284	110	2	71
71	30	2	72
71	73	2	72
71	116	2	72
178	30	2	72
178	73	2	72
178	116	2	72
285	30	2	72
285	73	2	72
285	116	2	72
72	24	2	73
72	67	2	73
72	110	2	73
179	24	2	73
179	67	2	73
179	110	2	73
286	24	2	73
286	67	2	73
286	110	2	73
73	14	2	74
73	57	2	74
73	100	2	74
180	14	2	74
180	57	2	74
180	100	2	74
287	14	2	74
287	57	2	74
287	100	2	74
74	28	2	75
74	71	2	75
74	114	2	75
181	28	2	75
181	71	2	75
181	114	2	75
288	28	2	75
288	71	2	75
288	114	2	75
75	1	2	76
75	44	2	76
75	87	2	76
75	28	2	76
75	71	2	76
75	114	2	76
182	1	2	76
182	44	2	76
182	87	2	76
182	28	2	76
182	71	2	76
182	114	2	76
289	1	2	76
289	44	2	76
289	87	2	76
289	28	2	76
289	71	2	76
289	114	2	76
76	21	2	77
76	64	2	77
76	107	2	77
183	21	2	77
183	64	2	77
183	107	2	77
290	21	2	77
290	64	2	77
290	107	2	77
77	1	2	78
77	44	2	78
77	87	2	78
184	1	2	78
184	44	2	78
184	87	2	78
291	1	2	78
291	44	2	78
291	87	2	78
78	33	2	79
78	76	2	79
78	119	2	79
185	33	2	79
185	76	2	79
185	119	2	79
292	33	2	79
292	76	2	79
292	119	2	79
79	33	2	80
79	76	2	80
79	119	2	80
186	33	2	80
186	76	2	80
186	119	2	80
293	33	2	80
293	76	2	80
293	119	2	80
80	22	2	81
80	65	2	81
80	108	2	81
187	22	2	81
187	65	2	81
187	108	2	81
294	22	2	81
294	65	2	81
294	108	2	81
81	12	2	82
81	55	2	82
81	98	2	82
188	12	2	82
188	55	2	82
188	98	2	82
295	12	2	82
295	55	2	82
295	98	2	82
82	7	2	83
82	50	2	83
82	93	2	83
189	7	2	83
189	50	2	83
189	93	2	83
296	7	2	83
296	50	2	83
296	93	2	83
83	15	2	84
83	58	2	84
83	101	2	84
190	15	2	84
190	58	2	84
190	101	2	84
297	15	2	84
297	58	2	84
297	101	2	84
84	2	2	85
84	45	2	85
84	88	2	85
191	2	2	85
191	45	2	85
191	88	2	85
298	2	2	85
298	45	2	85
298	88	2	85
85	16	2	86
85	59	2	86
85	102	2	86
192	16	2	86
192	59	2	86
192	102	2	86
299	16	2	86
299	59	2	86
299	102	2	86
86	1	2	87
86	44	2	87
86	87	2	87
86	31	2	87
86	74	2	87
86	117	2	87
193	1	2	87
193	44	2	87
193	87	2	87
193	31	2	87
193	74	2	87
193	117	2	87
300	1	2	87
300	44	2	87
300	87	2	87
300	31	2	87
300	74	2	87
300	117	2	87
87	15	2	88
87	58	2	88
87	101	2	88
194	15	2	88
194	58	2	88
194	101	2	88
301	15	2	88
301	58	2	88
301	101	2	88
88	1	2	89
88	44	2	89
88	87	2	89
88	5	2	89
88	48	2	89
88	91	2	89
195	1	2	89
195	44	2	89
195	87	2	89
195	5	2	89
195	48	2	89
195	91	2	89
302	1	2	89
302	44	2	89
302	87	2	89
302	5	2	89
302	48	2	89
302	91	2	89
89	40	2	90
89	83	2	90
89	126	2	90
196	40	2	90
196	83	2	90
196	126	2	90
303	40	2	90
303	83	2	90
303	126	2	90
90	1	2	91
90	44	2	91
90	87	2	91
90	5	2	91
90	48	2	91
90	91	2	91
90	31	2	91
90	74	2	91
90	117	2	91
197	1	2	91
197	44	2	91
197	87	2	91
197	5	2	91
197	48	2	91
197	91	2	91
197	31	2	91
197	74	2	91
197	117	2	91
304	1	2	91
304	44	2	91
304	87	2	91
304	5	2	91
304	48	2	91
304	91	2	91
304	31	2	91
304	74	2	91
304	117	2	91
91	27	2	92
91	70	2	92
91	113	2	92
198	27	2	92
198	70	2	92
198	113	2	92
305	27	2	92
305	70	2	92
305	113	2	92
92	5	2	93
92	48	2	93
92	91	2	93
92	9	2	93
92	52	2	93
92	95	2	93
199	5	2	93
199	48	2	93
199	91	2	93
199	9	2	93
199	52	2	93
199	95	2	93
306	5	2	93
306	48	2	93
306	91	2	93
306	9	2	93
306	52	2	93
306	95	2	93
93	5	2	94
93	48	2	94
93	91	2	94
200	5	2	94
200	48	2	94
200	91	2	94
307	5	2	94
307	48	2	94
307	91	2	94
94	37	2	95
94	80	2	95
94	123	2	95
201	37	2	95
201	80	2	95
201	123	2	95
308	37	2	95
308	80	2	95
308	123	2	95
95	23	2	96
95	66	2	96
95	109	2	96
202	23	2	96
202	66	2	96
202	109	2	96
309	23	2	96
309	66	2	96
309	109	2	96
96	28	2	97
96	71	2	97
96	114	2	97
203	28	2	97
203	71	2	97
203	114	2	97
310	28	2	97
310	71	2	97
310	114	2	97
97	28	2	98
97	71	2	98
97	114	2	98
204	28	2	98
204	71	2	98
204	114	2	98
311	28	2	98
311	71	2	98
311	114	2	98
98	33	2	99
98	76	2	99
98	119	2	99
205	33	2	99
205	76	2	99
205	119	2	99
312	33	2	99
312	76	2	99
312	119	2	99
99	28	2	100
99	71	2	100
99	114	2	100
206	28	2	100
206	71	2	100
206	114	2	100
313	28	2	100
313	71	2	100
313	114	2	100
100	16	2	101
100	59	2	101
100	102	2	101
207	16	2	101
207	59	2	101
207	102	2	101
314	16	2	101
314	59	2	101
314	102	2	101
101	29	2	102
101	72	2	102
101	115	2	102
208	29	2	102
208	72	2	102
208	115	2	102
315	29	2	102
315	72	2	102
315	115	2	102
102	28	2	103
102	71	2	103
102	114	2	103
209	28	2	103
209	71	2	103
209	114	2	103
316	28	2	103
316	71	2	103
316	114	2	103
103	1	2	104
103	44	2	104
103	87	2	104
210	1	2	104
210	44	2	104
210	87	2	104
317	1	2	104
317	44	2	104
317	87	2	104
104	29	2	105
104	72	2	105
104	115	2	105
104	42	2	105
104	85	2	105
104	128	2	105
211	29	2	105
211	72	2	105
211	115	2	105
211	42	2	105
211	85	2	105
211	128	2	105
318	29	2	105
318	72	2	105
318	115	2	105
318	42	2	105
318	85	2	105
318	128	2	105
105	1	2	106
105	44	2	106
105	87	2	106
212	1	2	106
212	44	2	106
212	87	2	106
319	1	2	106
319	44	2	106
319	87	2	106
106	1	2	107
106	44	2	107
106	87	2	107
106	11	2	107
106	54	2	107
106	97	2	107
213	1	2	107
213	44	2	107
213	87	2	107
213	11	2	107
213	54	2	107
213	97	2	107
320	1	2	107
320	44	2	107
320	87	2	107
320	11	2	107
320	54	2	107
320	97	2	107
107	1	2	108
107	44	2	108
107	87	2	108
214	1	2	108
214	44	2	108
214	87	2	108
321	1	2	108
321	44	2	108
321	87	2	108
1	26	3	1
1	69	3	1
1	112	3	1
1	155	3	1
108	26	3	1
108	69	3	1
108	112	3	1
108	155	3	1
215	26	3	1
215	69	3	1
215	112	3	1
215	155	3	1
322	26	3	1
322	69	3	1
322	112	3	1
322	155	3	1
2	1	3	2
2	44	3	2
2	87	3	2
2	130	3	2
2	21	3	2
2	64	3	2
2	107	3	2
2	150	3	2
109	1	3	2
109	44	3	2
109	87	3	2
109	130	3	2
109	21	3	2
109	64	3	2
109	107	3	2
109	150	3	2
216	1	3	2
216	44	3	2
216	87	3	2
216	130	3	2
216	21	3	2
216	64	3	2
216	107	3	2
216	150	3	2
323	1	3	2
323	44	3	2
323	87	3	2
323	130	3	2
323	21	3	2
323	64	3	2
323	107	3	2
323	150	3	2
3	28	3	3
3	71	3	3
3	114	3	3
3	157	3	3
110	28	3	3
110	71	3	3
110	114	3	3
110	157	3	3
217	28	3	3
217	71	3	3
217	114	3	3
217	157	3	3
324	28	3	3
324	71	3	3
324	114	3	3
324	157	3	3
4	26	3	4
4	69	3	4
4	112	3	4
4	155	3	4
111	26	3	4
111	69	3	4
111	112	3	4
111	155	3	4
218	26	3	4
218	69	3	4
218	112	3	4
218	155	3	4
325	26	3	4
325	69	3	4
325	112	3	4
325	155	3	4
5	1	3	5
5	44	3	5
5	87	3	5
5	130	3	5
112	1	3	5
112	44	3	5
112	87	3	5
112	130	3	5
219	1	3	5
219	44	3	5
219	87	3	5
219	130	3	5
326	1	3	5
326	44	3	5
326	87	3	5
326	130	3	5
6	1	3	6
6	44	3	6
6	87	3	6
6	130	3	6
6	5	3	6
6	48	3	6
6	91	3	6
6	134	3	6
113	1	3	6
113	44	3	6
113	87	3	6
113	130	3	6
113	5	3	6
113	48	3	6
113	91	3	6
113	134	3	6
220	1	3	6
220	44	3	6
220	87	3	6
220	130	3	6
220	5	3	6
220	48	3	6
220	91	3	6
220	134	3	6
327	1	3	6
327	44	3	6
327	87	3	6
327	130	3	6
327	5	3	6
327	48	3	6
327	91	3	6
327	134	3	6
7	1	3	7
7	44	3	7
7	87	3	7
7	130	3	7
114	1	3	7
114	44	3	7
114	87	3	7
114	130	3	7
221	1	3	7
221	44	3	7
221	87	3	7
221	130	3	7
328	1	3	7
328	44	3	7
328	87	3	7
328	130	3	7
8	1	3	8
8	44	3	8
8	87	3	8
8	130	3	8
115	1	3	8
115	44	3	8
115	87	3	8
115	130	3	8
222	1	3	8
222	44	3	8
222	87	3	8
222	130	3	8
329	1	3	8
329	44	3	8
329	87	3	8
329	130	3	8
9	3	3	9
9	46	3	9
9	89	3	9
9	132	3	9
116	3	3	9
116	46	3	9
116	89	3	9
116	132	3	9
223	3	3	9
223	46	3	9
223	89	3	9
223	132	3	9
330	3	3	9
330	46	3	9
330	89	3	9
330	132	3	9
10	28	3	10
10	71	3	10
10	114	3	10
10	157	3	10
117	28	3	10
117	71	3	10
117	114	3	10
117	157	3	10
224	28	3	10
224	71	3	10
224	114	3	10
224	157	3	10
331	28	3	10
331	71	3	10
331	114	3	10
331	157	3	10
11	10	3	11
11	53	3	11
11	96	3	11
11	139	3	11
11	17	3	11
11	60	3	11
11	103	3	11
11	146	3	11
118	10	3	11
118	53	3	11
118	96	3	11
118	139	3	11
118	17	3	11
118	60	3	11
118	103	3	11
118	146	3	11
225	10	3	11
225	53	3	11
225	96	3	11
225	139	3	11
225	17	3	11
225	60	3	11
225	103	3	11
225	146	3	11
332	10	3	11
332	53	3	11
332	96	3	11
332	139	3	11
332	17	3	11
332	60	3	11
332	103	3	11
332	146	3	11
12	12	3	12
12	55	3	12
12	98	3	12
12	141	3	12
119	12	3	12
119	55	3	12
119	98	3	12
119	141	3	12
226	12	3	12
226	55	3	12
226	98	3	12
226	141	3	12
333	12	3	12
333	55	3	12
333	98	3	12
333	141	3	12
13	1	3	13
13	44	3	13
13	87	3	13
13	130	3	13
120	1	3	13
120	44	3	13
120	87	3	13
120	130	3	13
227	1	3	13
227	44	3	13
227	87	3	13
227	130	3	13
334	1	3	13
334	44	3	13
334	87	3	13
334	130	3	13
14	21	3	14
14	64	3	14
14	107	3	14
14	150	3	14
121	21	3	14
121	64	3	14
121	107	3	14
121	150	3	14
228	21	3	14
228	64	3	14
228	107	3	14
228	150	3	14
335	21	3	14
335	64	3	14
335	107	3	14
335	150	3	14
15	1	3	15
15	44	3	15
15	87	3	15
15	130	3	15
122	1	3	15
122	44	3	15
122	87	3	15
122	130	3	15
229	1	3	15
229	44	3	15
229	87	3	15
229	130	3	15
336	1	3	15
336	44	3	15
336	87	3	15
336	130	3	15
16	1	3	44
16	44	3	44
16	87	3	44
16	130	3	44
123	1	3	44
123	44	3	44
123	87	3	44
123	130	3	44
230	1	3	44
230	44	3	44
230	87	3	44
230	130	3	44
337	1	3	44
337	44	3	44
337	87	3	44
337	130	3	44
17	12	3	17
17	55	3	17
17	98	3	17
17	141	3	17
124	12	3	17
124	55	3	17
124	98	3	17
124	141	3	17
231	12	3	17
231	55	3	17
231	98	3	17
231	141	3	17
338	12	3	17
338	55	3	17
338	98	3	17
338	141	3	17
18	12	3	18
18	55	3	18
18	98	3	18
18	141	3	18
125	12	3	18
125	55	3	18
125	98	3	18
125	141	3	18
232	12	3	18
232	55	3	18
232	98	3	18
232	141	3	18
339	12	3	18
339	55	3	18
339	98	3	18
339	141	3	18
19	12	3	19
19	55	3	19
19	98	3	19
19	141	3	19
19	29	3	19
19	72	3	19
19	115	3	19
19	158	3	19
126	12	3	19
126	55	3	19
126	98	3	19
126	141	3	19
126	29	3	19
126	72	3	19
126	115	3	19
126	158	3	19
233	12	3	19
233	55	3	19
233	98	3	19
233	141	3	19
233	29	3	19
233	72	3	19
233	115	3	19
233	158	3	19
340	12	3	19
340	55	3	19
340	98	3	19
340	141	3	19
340	29	3	19
340	72	3	19
340	115	3	19
340	158	3	19
20	1	3	20
20	44	3	20
20	87	3	20
20	130	3	20
20	5	3	20
20	48	3	20
20	91	3	20
20	134	3	20
127	1	3	20
127	44	3	20
127	87	3	20
127	130	3	20
127	5	3	20
127	48	3	20
127	91	3	20
127	134	3	20
234	1	3	20
234	44	3	20
234	87	3	20
234	130	3	20
234	5	3	20
234	48	3	20
234	91	3	20
234	134	3	20
341	1	3	20
341	44	3	20
341	87	3	20
341	130	3	20
341	5	3	20
341	48	3	20
341	91	3	20
341	134	3	20
21	1	3	21
21	44	3	21
21	87	3	21
21	130	3	21
21	28	3	21
21	71	3	21
21	114	3	21
21	157	3	21
128	1	3	21
128	44	3	21
128	87	3	21
128	130	3	21
128	28	3	21
128	71	3	21
128	114	3	21
128	157	3	21
235	1	3	21
235	44	3	21
235	87	3	21
235	130	3	21
235	28	3	21
235	71	3	21
235	114	3	21
235	157	3	21
342	1	3	21
342	44	3	21
342	87	3	21
342	130	3	21
342	28	3	21
342	71	3	21
342	114	3	21
342	157	3	21
22	29	3	22
22	72	3	22
22	115	3	22
22	158	3	22
129	29	3	22
129	72	3	22
129	115	3	22
129	158	3	22
236	29	3	22
236	72	3	22
236	115	3	22
236	158	3	22
343	29	3	22
343	72	3	22
343	115	3	22
343	158	3	22
23	5	3	23
23	48	3	23
23	91	3	23
23	134	3	23
130	5	3	23
130	48	3	23
130	91	3	23
130	134	3	23
237	5	3	23
237	48	3	23
237	91	3	23
237	134	3	23
344	5	3	23
344	48	3	23
344	91	3	23
344	134	3	23
24	26	3	24
24	69	3	24
24	112	3	24
24	155	3	24
131	26	3	24
131	69	3	24
131	112	3	24
131	155	3	24
238	26	3	24
238	69	3	24
238	112	3	24
238	155	3	24
345	26	3	24
345	69	3	24
345	112	3	24
345	155	3	24
25	41	3	25
25	84	3	25
25	127	3	25
25	170	3	25
132	41	3	25
132	84	3	25
132	127	3	25
132	170	3	25
239	41	3	25
239	84	3	25
239	127	3	25
239	170	3	25
346	41	3	25
346	84	3	25
346	127	3	25
346	170	3	25
26	33	3	26
26	76	3	26
26	119	3	26
26	162	3	26
133	33	3	26
133	76	3	26
133	119	3	26
133	162	3	26
240	33	3	26
240	76	3	26
240	119	3	26
240	162	3	26
347	33	3	26
347	76	3	26
347	119	3	26
347	162	3	26
27	28	3	27
27	71	3	27
27	114	3	27
27	157	3	27
134	28	3	27
134	71	3	27
134	114	3	27
134	157	3	27
241	28	3	27
241	71	3	27
241	114	3	27
241	157	3	27
348	28	3	27
348	71	3	27
348	114	3	27
348	157	3	27
28	15	3	28
28	58	3	28
28	101	3	28
28	144	3	28
135	15	3	28
135	58	3	28
135	101	3	28
135	144	3	28
242	15	3	28
242	58	3	28
242	101	3	28
242	144	3	28
349	15	3	28
349	58	3	28
349	101	3	28
349	144	3	28
29	19	3	29
29	62	3	29
29	105	3	29
29	148	3	29
29	35	3	29
29	78	3	29
29	121	3	29
29	164	3	29
136	19	3	29
136	62	3	29
136	105	3	29
136	148	3	29
136	35	3	29
136	78	3	29
136	121	3	29
136	164	3	29
243	19	3	29
243	62	3	29
243	105	3	29
243	148	3	29
243	35	3	29
243	78	3	29
243	121	3	29
243	164	3	29
350	19	3	29
350	62	3	29
350	105	3	29
350	148	3	29
350	35	3	29
350	78	3	29
350	121	3	29
350	164	3	29
30	28	3	30
30	71	3	30
30	114	3	30
30	157	3	30
30	39	3	30
30	82	3	30
30	125	3	30
30	168	3	30
137	28	3	30
137	71	3	30
137	114	3	30
137	157	3	30
137	39	3	30
137	82	3	30
137	125	3	30
137	168	3	30
244	28	3	30
244	71	3	30
244	114	3	30
244	157	3	30
244	39	3	30
244	82	3	30
244	125	3	30
244	168	3	30
351	28	3	30
351	71	3	30
351	114	3	30
351	157	3	30
351	39	3	30
351	82	3	30
351	125	3	30
351	168	3	30
31	15	3	31
31	58	3	31
31	101	3	31
31	144	3	31
138	15	3	31
138	58	3	31
138	101	3	31
138	144	3	31
245	15	3	31
245	58	3	31
245	101	3	31
245	144	3	31
352	15	3	31
352	58	3	31
352	101	3	31
352	144	3	31
32	29	3	32
32	72	3	32
32	115	3	32
32	158	3	32
139	29	3	32
139	72	3	32
139	115	3	32
139	158	3	32
246	29	3	32
246	72	3	32
246	115	3	32
246	158	3	32
353	29	3	32
353	72	3	32
353	115	3	32
353	158	3	32
33	34	3	33
33	77	3	33
33	120	3	33
33	163	3	33
33	35	3	33
33	78	3	33
33	121	3	33
33	164	3	33
140	34	3	33
140	77	3	33
140	120	3	33
140	163	3	33
140	35	3	33
140	78	3	33
140	121	3	33
140	164	3	33
247	34	3	33
247	77	3	33
247	120	3	33
247	163	3	33
247	35	3	33
247	78	3	33
247	121	3	33
247	164	3	33
354	34	3	33
354	77	3	33
354	120	3	33
354	163	3	33
354	35	3	33
354	78	3	33
354	121	3	33
354	164	3	33
34	21	3	34
34	64	3	34
34	107	3	34
34	150	3	34
141	21	3	34
141	64	3	34
141	107	3	34
141	150	3	34
248	21	3	34
248	64	3	34
248	107	3	34
248	150	3	34
355	21	3	34
355	64	3	34
355	107	3	34
355	150	3	34
35	1	3	35
35	44	3	35
35	87	3	35
35	130	3	35
142	1	3	35
142	44	3	35
142	87	3	35
142	130	3	35
249	1	3	35
249	44	3	35
249	87	3	35
249	130	3	35
356	1	3	35
356	44	3	35
356	87	3	35
356	130	3	35
36	33	3	36
36	76	3	36
36	119	3	36
36	162	3	36
143	33	3	36
143	76	3	36
143	119	3	36
143	162	3	36
250	33	3	36
250	76	3	36
250	119	3	36
250	162	3	36
357	33	3	36
357	76	3	36
357	119	3	36
357	162	3	36
37	35	3	37
37	78	3	37
37	121	3	37
37	164	3	37
144	35	3	37
144	78	3	37
144	121	3	37
144	164	3	37
251	35	3	37
251	78	3	37
251	121	3	37
251	164	3	37
358	35	3	37
358	78	3	37
358	121	3	37
358	164	3	37
38	1	3	38
38	44	3	38
38	87	3	38
38	130	3	38
38	25	3	38
38	68	3	38
38	111	3	38
38	154	3	38
145	1	3	38
145	44	3	38
145	87	3	38
145	130	3	38
145	25	3	38
145	68	3	38
145	111	3	38
145	154	3	38
252	1	3	38
252	44	3	38
252	87	3	38
252	130	3	38
252	25	3	38
252	68	3	38
252	111	3	38
252	154	3	38
359	1	3	38
359	44	3	38
359	87	3	38
359	130	3	38
359	25	3	38
359	68	3	38
359	111	3	38
359	154	3	38
39	8	3	39
39	51	3	39
39	94	3	39
39	137	3	39
146	8	3	39
146	51	3	39
146	94	3	39
146	137	3	39
253	8	3	39
253	51	3	39
253	94	3	39
253	137	3	39
360	8	3	39
360	51	3	39
360	94	3	39
360	137	3	39
40	26	3	40
40	69	3	40
40	112	3	40
40	155	3	40
147	26	3	40
147	69	3	40
147	112	3	40
147	155	3	40
254	26	3	40
254	69	3	40
254	112	3	40
254	155	3	40
361	26	3	40
361	69	3	40
361	112	3	40
361	155	3	40
41	1	3	41
41	44	3	41
41	87	3	41
41	130	3	41
41	5	3	41
41	48	3	41
41	91	3	41
41	134	3	41
148	1	3	41
148	44	3	41
148	87	3	41
148	130	3	41
148	5	3	41
148	48	3	41
148	91	3	41
148	134	3	41
255	1	3	41
255	44	3	41
255	87	3	41
255	130	3	41
255	5	3	41
255	48	3	41
255	91	3	41
255	134	3	41
362	1	3	41
362	44	3	41
362	87	3	41
362	130	3	41
362	5	3	41
362	48	3	41
362	91	3	41
362	134	3	41
42	28	3	42
42	71	3	42
42	114	3	42
42	157	3	42
149	28	3	42
149	71	3	42
149	114	3	42
149	157	3	42
256	28	3	42
256	71	3	42
256	114	3	42
256	157	3	42
363	28	3	42
363	71	3	42
363	114	3	42
363	157	3	42
43	28	3	43
43	71	3	43
43	114	3	43
43	157	3	43
150	28	3	43
150	71	3	43
150	114	3	43
150	157	3	43
257	28	3	43
257	71	3	43
257	114	3	43
257	157	3	43
364	28	3	43
364	71	3	43
364	114	3	43
364	157	3	43
44	20	3	45
44	63	3	45
44	106	3	45
44	149	3	45
151	20	3	45
151	63	3	45
151	106	3	45
151	149	3	45
258	20	3	45
258	63	3	45
258	106	3	45
258	149	3	45
365	20	3	45
365	63	3	45
365	106	3	45
365	149	3	45
45	1	3	46
45	44	3	46
45	87	3	46
45	130	3	46
152	1	3	46
152	44	3	46
152	87	3	46
152	130	3	46
259	1	3	46
259	44	3	46
259	87	3	46
259	130	3	46
366	1	3	46
366	44	3	46
366	87	3	46
366	130	3	46
46	12	3	47
46	55	3	47
46	98	3	47
46	141	3	47
153	12	3	47
153	55	3	47
153	98	3	47
153	141	3	47
260	12	3	47
260	55	3	47
260	98	3	47
260	141	3	47
367	12	3	47
367	55	3	47
367	98	3	47
367	141	3	47
47	1	3	48
47	44	3	48
47	87	3	48
47	130	3	48
154	1	3	48
154	44	3	48
154	87	3	48
154	130	3	48
261	1	3	48
261	44	3	48
261	87	3	48
261	130	3	48
368	1	3	48
368	44	3	48
368	87	3	48
368	130	3	48
48	33	3	49
48	76	3	49
48	119	3	49
48	162	3	49
48	41	3	49
48	84	3	49
48	127	3	49
48	170	3	49
155	33	3	49
155	76	3	49
155	119	3	49
155	162	3	49
155	41	3	49
155	84	3	49
155	127	3	49
155	170	3	49
262	33	3	49
262	76	3	49
262	119	3	49
262	162	3	49
262	41	3	49
262	84	3	49
262	127	3	49
262	170	3	49
369	33	3	49
369	76	3	49
369	119	3	49
369	162	3	49
369	41	3	49
369	84	3	49
369	127	3	49
369	170	3	49
49	12	3	50
49	55	3	50
49	98	3	50
49	141	3	50
156	12	3	50
156	55	3	50
156	98	3	50
156	141	3	50
263	12	3	50
263	55	3	50
263	98	3	50
263	141	3	50
370	12	3	50
370	55	3	50
370	98	3	50
370	141	3	50
50	13	3	51
50	56	3	51
50	99	3	51
50	142	3	51
157	13	3	51
157	56	3	51
157	99	3	51
157	142	3	51
264	13	3	51
264	56	3	51
264	99	3	51
264	142	3	51
371	13	3	51
371	56	3	51
371	99	3	51
371	142	3	51
51	36	3	52
51	79	3	52
51	122	3	52
51	165	3	52
158	36	3	52
158	79	3	52
158	122	3	52
158	165	3	52
265	36	3	52
265	79	3	52
265	122	3	52
265	165	3	52
372	36	3	52
372	79	3	52
372	122	3	52
372	165	3	52
52	1	3	53
52	44	3	53
52	87	3	53
52	130	3	53
52	28	3	53
52	71	3	53
52	114	3	53
52	157	3	53
159	1	3	53
159	44	3	53
159	87	3	53
159	130	3	53
159	28	3	53
159	71	3	53
159	114	3	53
159	157	3	53
266	1	3	53
266	44	3	53
266	87	3	53
266	130	3	53
266	28	3	53
266	71	3	53
266	114	3	53
266	157	3	53
373	1	3	53
373	44	3	53
373	87	3	53
373	130	3	53
373	28	3	53
373	71	3	53
373	114	3	53
373	157	3	53
53	1	3	54
53	44	3	54
53	87	3	54
53	130	3	54
53	5	3	54
53	48	3	54
53	91	3	54
53	134	3	54
160	1	3	54
160	44	3	54
160	87	3	54
160	130	3	54
160	5	3	54
160	48	3	54
160	91	3	54
160	134	3	54
267	1	3	54
267	44	3	54
267	87	3	54
267	130	3	54
267	5	3	54
267	48	3	54
267	91	3	54
267	134	3	54
374	1	3	54
374	44	3	54
374	87	3	54
374	130	3	54
374	5	3	54
374	48	3	54
374	91	3	54
374	134	3	54
54	39	3	55
54	82	3	55
54	125	3	55
54	168	3	55
161	39	3	55
161	82	3	55
161	125	3	55
161	168	3	55
268	39	3	55
268	82	3	55
268	125	3	55
268	168	3	55
375	39	3	55
375	82	3	55
375	125	3	55
375	168	3	55
55	18	3	56
55	61	3	56
55	104	3	56
55	147	3	56
162	18	3	56
162	61	3	56
162	104	3	56
162	147	3	56
269	18	3	56
269	61	3	56
269	104	3	56
269	147	3	56
376	18	3	56
376	61	3	56
376	104	3	56
376	147	3	56
56	43	3	57
56	86	3	57
56	129	3	57
56	172	3	57
163	43	3	57
163	86	3	57
163	129	3	57
163	172	3	57
270	43	3	57
270	86	3	57
270	129	3	57
270	172	3	57
377	43	3	57
377	86	3	57
377	129	3	57
377	172	3	57
57	1	3	58
57	44	3	58
57	87	3	58
57	130	3	58
164	1	3	58
164	44	3	58
164	87	3	58
164	130	3	58
271	1	3	58
271	44	3	58
271	87	3	58
271	130	3	58
378	1	3	58
378	44	3	58
378	87	3	58
378	130	3	58
58	4	3	59
58	47	3	59
58	90	3	59
58	133	3	59
165	4	3	59
165	47	3	59
165	90	3	59
165	133	3	59
272	4	3	59
272	47	3	59
272	90	3	59
272	133	3	59
379	4	3	59
379	47	3	59
379	90	3	59
379	133	3	59
59	12	3	60
59	55	3	60
59	98	3	60
59	141	3	60
166	12	3	60
166	55	3	60
166	98	3	60
166	141	3	60
273	12	3	60
273	55	3	60
273	98	3	60
273	141	3	60
380	12	3	60
380	55	3	60
380	98	3	60
380	141	3	60
60	6	3	61
60	49	3	61
60	92	3	61
60	135	3	61
167	6	3	61
167	49	3	61
167	92	3	61
167	135	3	61
274	6	3	61
274	49	3	61
274	92	3	61
274	135	3	61
381	6	3	61
381	49	3	61
381	92	3	61
381	135	3	61
61	28	3	62
61	71	3	62
61	114	3	62
61	157	3	62
168	28	3	62
168	71	3	62
168	114	3	62
168	157	3	62
275	28	3	62
275	71	3	62
275	114	3	62
275	157	3	62
382	28	3	62
382	71	3	62
382	114	3	62
382	157	3	62
62	28	3	63
62	71	3	63
62	114	3	63
62	157	3	63
169	28	3	63
169	71	3	63
169	114	3	63
169	157	3	63
276	28	3	63
276	71	3	63
276	114	3	63
276	157	3	63
383	28	3	63
383	71	3	63
383	114	3	63
383	157	3	63
63	1	3	64
63	44	3	64
63	87	3	64
63	130	3	64
63	5	3	64
63	48	3	64
63	91	3	64
63	134	3	64
170	1	3	64
170	44	3	64
170	87	3	64
170	130	3	64
170	5	3	64
170	48	3	64
170	91	3	64
170	134	3	64
277	1	3	64
277	44	3	64
277	87	3	64
277	130	3	64
277	5	3	64
277	48	3	64
277	91	3	64
277	134	3	64
384	1	3	64
384	44	3	64
384	87	3	64
384	130	3	64
384	5	3	64
384	48	3	64
384	91	3	64
384	134	3	64
64	28	3	65
64	71	3	65
64	114	3	65
64	157	3	65
171	28	3	65
171	71	3	65
171	114	3	65
171	157	3	65
278	28	3	65
278	71	3	65
278	114	3	65
278	157	3	65
385	28	3	65
385	71	3	65
385	114	3	65
385	157	3	65
65	28	3	66
65	71	3	66
65	114	3	66
65	157	3	66
172	28	3	66
172	71	3	66
172	114	3	66
172	157	3	66
279	28	3	66
279	71	3	66
279	114	3	66
279	157	3	66
386	28	3	66
386	71	3	66
386	114	3	66
386	157	3	66
66	14	3	67
66	57	3	67
66	100	3	67
66	143	3	67
173	14	3	67
173	57	3	67
173	100	3	67
173	143	3	67
280	14	3	67
280	57	3	67
280	100	3	67
280	143	3	67
387	14	3	67
387	57	3	67
387	100	3	67
387	143	3	67
67	1	3	68
67	44	3	68
67	87	3	68
67	130	3	68
67	32	3	68
67	75	3	68
67	118	3	68
67	161	3	68
174	1	3	68
174	44	3	68
174	87	3	68
174	130	3	68
174	32	3	68
174	75	3	68
174	118	3	68
174	161	3	68
281	1	3	68
281	44	3	68
281	87	3	68
281	130	3	68
281	32	3	68
281	75	3	68
281	118	3	68
281	161	3	68
388	1	3	68
388	44	3	68
388	87	3	68
388	130	3	68
388	32	3	68
388	75	3	68
388	118	3	68
388	161	3	68
68	28	3	69
68	71	3	69
68	114	3	69
68	157	3	69
175	28	3	69
175	71	3	69
175	114	3	69
175	157	3	69
282	28	3	69
282	71	3	69
282	114	3	69
282	157	3	69
389	28	3	69
389	71	3	69
389	114	3	69
389	157	3	69
69	38	3	70
69	81	3	70
69	124	3	70
69	167	3	70
176	38	3	70
176	81	3	70
176	124	3	70
176	167	3	70
283	38	3	70
283	81	3	70
283	124	3	70
283	167	3	70
390	38	3	70
390	81	3	70
390	124	3	70
390	167	3	70
70	24	3	71
70	67	3	71
70	110	3	71
70	153	3	71
177	24	3	71
177	67	3	71
177	110	3	71
177	153	3	71
284	24	3	71
284	67	3	71
284	110	3	71
284	153	3	71
391	24	3	71
391	67	3	71
391	110	3	71
391	153	3	71
71	30	3	72
71	73	3	72
71	116	3	72
71	159	3	72
178	30	3	72
178	73	3	72
178	116	3	72
178	159	3	72
285	30	3	72
285	73	3	72
285	116	3	72
285	159	3	72
392	30	3	72
392	73	3	72
392	116	3	72
392	159	3	72
72	24	3	73
72	67	3	73
72	110	3	73
72	153	3	73
179	24	3	73
179	67	3	73
179	110	3	73
179	153	3	73
286	24	3	73
286	67	3	73
286	110	3	73
286	153	3	73
393	24	3	73
393	67	3	73
393	110	3	73
393	153	3	73
73	14	3	74
73	57	3	74
73	100	3	74
73	143	3	74
180	14	3	74
180	57	3	74
180	100	3	74
180	143	3	74
287	14	3	74
287	57	3	74
287	100	3	74
287	143	3	74
394	14	3	74
394	57	3	74
394	100	3	74
394	143	3	74
74	28	3	75
74	71	3	75
74	114	3	75
74	157	3	75
181	28	3	75
181	71	3	75
181	114	3	75
181	157	3	75
288	28	3	75
288	71	3	75
288	114	3	75
288	157	3	75
395	28	3	75
395	71	3	75
395	114	3	75
395	157	3	75
75	1	3	76
75	44	3	76
75	87	3	76
75	130	3	76
75	28	3	76
75	71	3	76
75	114	3	76
75	157	3	76
182	1	3	76
182	44	3	76
182	87	3	76
182	130	3	76
182	28	3	76
182	71	3	76
182	114	3	76
182	157	3	76
289	1	3	76
289	44	3	76
289	87	3	76
289	130	3	76
289	28	3	76
289	71	3	76
289	114	3	76
289	157	3	76
396	1	3	76
396	44	3	76
396	87	3	76
396	130	3	76
396	28	3	76
396	71	3	76
396	114	3	76
396	157	3	76
76	21	3	77
76	64	3	77
76	107	3	77
76	150	3	77
183	21	3	77
183	64	3	77
183	107	3	77
183	150	3	77
290	21	3	77
290	64	3	77
290	107	3	77
290	150	3	77
397	21	3	77
397	64	3	77
397	107	3	77
397	150	3	77
77	1	3	78
77	44	3	78
77	87	3	78
77	130	3	78
184	1	3	78
184	44	3	78
184	87	3	78
184	130	3	78
291	1	3	78
291	44	3	78
291	87	3	78
291	130	3	78
398	1	3	78
398	44	3	78
398	87	3	78
398	130	3	78
78	33	3	79
78	76	3	79
78	119	3	79
78	162	3	79
185	33	3	79
185	76	3	79
185	119	3	79
185	162	3	79
292	33	3	79
292	76	3	79
292	119	3	79
292	162	3	79
399	33	3	79
399	76	3	79
399	119	3	79
399	162	3	79
79	33	3	80
79	76	3	80
79	119	3	80
79	162	3	80
186	33	3	80
186	76	3	80
186	119	3	80
186	162	3	80
293	33	3	80
293	76	3	80
293	119	3	80
293	162	3	80
400	33	3	80
400	76	3	80
400	119	3	80
400	162	3	80
80	22	3	81
80	65	3	81
80	108	3	81
80	151	3	81
187	22	3	81
187	65	3	81
187	108	3	81
187	151	3	81
294	22	3	81
294	65	3	81
294	108	3	81
294	151	3	81
401	22	3	81
401	65	3	81
401	108	3	81
401	151	3	81
81	12	3	82
81	55	3	82
81	98	3	82
81	141	3	82
188	12	3	82
188	55	3	82
188	98	3	82
188	141	3	82
295	12	3	82
295	55	3	82
295	98	3	82
295	141	3	82
402	12	3	82
402	55	3	82
402	98	3	82
402	141	3	82
82	7	3	83
82	50	3	83
82	93	3	83
82	136	3	83
189	7	3	83
189	50	3	83
189	93	3	83
189	136	3	83
296	7	3	83
296	50	3	83
296	93	3	83
296	136	3	83
403	7	3	83
403	50	3	83
403	93	3	83
403	136	3	83
83	15	3	84
83	58	3	84
83	101	3	84
83	144	3	84
190	15	3	84
190	58	3	84
190	101	3	84
190	144	3	84
297	15	3	84
297	58	3	84
297	101	3	84
297	144	3	84
404	15	3	84
404	58	3	84
404	101	3	84
404	144	3	84
84	2	3	85
84	45	3	85
84	88	3	85
84	131	3	85
191	2	3	85
191	45	3	85
191	88	3	85
191	131	3	85
298	2	3	85
298	45	3	85
298	88	3	85
298	131	3	85
405	2	3	85
405	45	3	85
405	88	3	85
405	131	3	85
85	16	3	86
85	59	3	86
85	102	3	86
85	145	3	86
192	16	3	86
192	59	3	86
192	102	3	86
192	145	3	86
299	16	3	86
299	59	3	86
299	102	3	86
299	145	3	86
406	16	3	86
406	59	3	86
406	102	3	86
406	145	3	86
86	1	3	87
86	44	3	87
86	87	3	87
86	130	3	87
86	31	3	87
86	74	3	87
86	117	3	87
86	160	3	87
193	1	3	87
193	44	3	87
193	87	3	87
193	130	3	87
193	31	3	87
193	74	3	87
193	117	3	87
193	160	3	87
300	1	3	87
300	44	3	87
300	87	3	87
300	130	3	87
300	31	3	87
300	74	3	87
300	117	3	87
300	160	3	87
407	1	3	87
407	44	3	87
407	87	3	87
407	130	3	87
407	31	3	87
407	74	3	87
407	117	3	87
407	160	3	87
87	15	3	88
87	58	3	88
87	101	3	88
87	144	3	88
194	15	3	88
194	58	3	88
194	101	3	88
194	144	3	88
301	15	3	88
301	58	3	88
301	101	3	88
301	144	3	88
408	15	3	88
408	58	3	88
408	101	3	88
408	144	3	88
88	1	3	89
88	44	3	89
88	87	3	89
88	130	3	89
88	5	3	89
88	48	3	89
88	91	3	89
88	134	3	89
195	1	3	89
195	44	3	89
195	87	3	89
195	130	3	89
195	5	3	89
195	48	3	89
195	91	3	89
195	134	3	89
302	1	3	89
302	44	3	89
302	87	3	89
302	130	3	89
302	5	3	89
302	48	3	89
302	91	3	89
302	134	3	89
409	1	3	89
409	44	3	89
409	87	3	89
409	130	3	89
409	5	3	89
409	48	3	89
409	91	3	89
409	134	3	89
89	40	3	90
89	83	3	90
89	126	3	90
89	169	3	90
196	40	3	90
196	83	3	90
196	126	3	90
196	169	3	90
303	40	3	90
303	83	3	90
303	126	3	90
303	169	3	90
410	40	3	90
410	83	3	90
410	126	3	90
410	169	3	90
90	1	3	91
90	44	3	91
90	87	3	91
90	130	3	91
90	5	3	91
90	48	3	91
90	91	3	91
90	134	3	91
90	31	3	91
90	74	3	91
90	117	3	91
90	160	3	91
197	1	3	91
197	44	3	91
197	87	3	91
197	130	3	91
197	5	3	91
197	48	3	91
197	91	3	91
197	134	3	91
197	31	3	91
197	74	3	91
197	117	3	91
197	160	3	91
304	1	3	91
304	44	3	91
304	87	3	91
304	130	3	91
304	5	3	91
304	48	3	91
304	91	3	91
304	134	3	91
304	31	3	91
304	74	3	91
304	117	3	91
304	160	3	91
411	1	3	91
411	44	3	91
411	87	3	91
411	130	3	91
411	5	3	91
411	48	3	91
411	91	3	91
411	134	3	91
411	31	3	91
411	74	3	91
411	117	3	91
411	160	3	91
91	27	3	92
91	70	3	92
91	113	3	92
91	156	3	92
198	27	3	92
198	70	3	92
198	113	3	92
198	156	3	92
305	27	3	92
305	70	3	92
305	113	3	92
305	156	3	92
412	27	3	92
412	70	3	92
412	113	3	92
412	156	3	92
92	5	3	93
92	48	3	93
92	91	3	93
92	134	3	93
92	9	3	93
92	52	3	93
92	95	3	93
92	138	3	93
199	5	3	93
199	48	3	93
199	91	3	93
199	134	3	93
199	9	3	93
199	52	3	93
199	95	3	93
199	138	3	93
306	5	3	93
306	48	3	93
306	91	3	93
306	134	3	93
306	9	3	93
306	52	3	93
306	95	3	93
306	138	3	93
413	5	3	93
413	48	3	93
413	91	3	93
413	134	3	93
413	9	3	93
413	52	3	93
413	95	3	93
413	138	3	93
93	5	3	94
93	48	3	94
93	91	3	94
93	134	3	94
200	5	3	94
200	48	3	94
200	91	3	94
200	134	3	94
307	5	3	94
307	48	3	94
307	91	3	94
307	134	3	94
414	5	3	94
414	48	3	94
414	91	3	94
414	134	3	94
94	37	3	95
94	80	3	95
94	123	3	95
94	166	3	95
201	37	3	95
201	80	3	95
201	123	3	95
201	166	3	95
308	37	3	95
308	80	3	95
308	123	3	95
308	166	3	95
415	37	3	95
415	80	3	95
415	123	3	95
415	166	3	95
95	23	3	96
95	66	3	96
95	109	3	96
95	152	3	96
202	23	3	96
202	66	3	96
202	109	3	96
202	152	3	96
309	23	3	96
309	66	3	96
309	109	3	96
309	152	3	96
416	23	3	96
416	66	3	96
416	109	3	96
416	152	3	96
96	28	3	97
96	71	3	97
96	114	3	97
96	157	3	97
203	28	3	97
203	71	3	97
203	114	3	97
203	157	3	97
310	28	3	97
310	71	3	97
310	114	3	97
310	157	3	97
417	28	3	97
417	71	3	97
417	114	3	97
417	157	3	97
97	28	3	98
97	71	3	98
97	114	3	98
97	157	3	98
204	28	3	98
204	71	3	98
204	114	3	98
204	157	3	98
311	28	3	98
311	71	3	98
311	114	3	98
311	157	3	98
418	28	3	98
418	71	3	98
418	114	3	98
418	157	3	98
98	33	3	99
98	76	3	99
98	119	3	99
98	162	3	99
205	33	3	99
205	76	3	99
205	119	3	99
205	162	3	99
312	33	3	99
312	76	3	99
312	119	3	99
312	162	3	99
419	33	3	99
419	76	3	99
419	119	3	99
419	162	3	99
99	28	3	100
99	71	3	100
99	114	3	100
99	157	3	100
206	28	3	100
206	71	3	100
206	114	3	100
206	157	3	100
313	28	3	100
313	71	3	100
313	114	3	100
313	157	3	100
420	28	3	100
420	71	3	100
420	114	3	100
420	157	3	100
100	16	3	101
100	59	3	101
100	102	3	101
100	145	3	101
207	16	3	101
207	59	3	101
207	102	3	101
207	145	3	101
314	16	3	101
314	59	3	101
314	102	3	101
314	145	3	101
421	16	3	101
421	59	3	101
421	102	3	101
421	145	3	101
101	29	3	102
101	72	3	102
101	115	3	102
101	158	3	102
208	29	3	102
208	72	3	102
208	115	3	102
208	158	3	102
315	29	3	102
315	72	3	102
315	115	3	102
315	158	3	102
422	29	3	102
422	72	3	102
422	115	3	102
422	158	3	102
102	28	3	103
102	71	3	103
102	114	3	103
102	157	3	103
209	28	3	103
209	71	3	103
209	114	3	103
209	157	3	103
316	28	3	103
316	71	3	103
316	114	3	103
316	157	3	103
423	28	3	103
423	71	3	103
423	114	3	103
423	157	3	103
103	1	3	104
103	44	3	104
103	87	3	104
103	130	3	104
210	1	3	104
210	44	3	104
210	87	3	104
210	130	3	104
317	1	3	104
317	44	3	104
317	87	3	104
317	130	3	104
424	1	3	104
424	44	3	104
424	87	3	104
424	130	3	104
104	29	3	105
104	72	3	105
104	115	3	105
104	158	3	105
104	42	3	105
104	85	3	105
104	128	3	105
104	171	3	105
211	29	3	105
211	72	3	105
211	115	3	105
211	158	3	105
211	42	3	105
211	85	3	105
211	128	3	105
211	171	3	105
318	29	3	105
318	72	3	105
318	115	3	105
318	158	3	105
318	42	3	105
318	85	3	105
318	128	3	105
318	171	3	105
425	29	3	105
425	72	3	105
425	115	3	105
425	158	3	105
425	42	3	105
425	85	3	105
425	128	3	105
425	171	3	105
105	1	3	106
105	44	3	106
105	87	3	106
105	130	3	106
212	1	3	106
212	44	3	106
212	87	3	106
212	130	3	106
319	1	3	106
319	44	3	106
319	87	3	106
319	130	3	106
426	1	3	106
426	44	3	106
426	87	3	106
426	130	3	106
106	1	3	107
106	44	3	107
106	87	3	107
106	130	3	107
106	11	3	107
106	54	3	107
106	97	3	107
106	140	3	107
213	1	3	107
213	44	3	107
213	87	3	107
213	130	3	107
213	11	3	107
213	54	3	107
213	97	3	107
213	140	3	107
320	1	3	107
320	44	3	107
320	87	3	107
320	130	3	107
320	11	3	107
320	54	3	107
320	97	3	107
320	140	3	107
427	1	3	107
427	44	3	107
427	87	3	107
427	130	3	107
427	11	3	107
427	54	3	107
427	97	3	107
427	140	3	107
107	1	3	108
107	44	3	108
107	87	3	108
107	130	3	108
214	1	3	108
214	44	3	108
214	87	3	108
214	130	3	108
321	1	3	108
321	44	3	108
321	87	3	108
321	130	3	108
428	1	3	108
428	44	3	108
428	87	3	108
428	130	3	108
1	26	4	1
1	69	4	1
1	112	4	1
1	155	4	1
1	198	4	1
108	26	4	1
108	69	4	1
108	112	4	1
108	155	4	1
108	198	4	1
215	26	4	1
215	69	4	1
215	112	4	1
215	155	4	1
215	198	4	1
322	26	4	1
322	69	4	1
322	112	4	1
322	155	4	1
322	198	4	1
429	26	4	1
429	69	4	1
429	112	4	1
429	155	4	1
429	198	4	1
2	1	4	2
2	44	4	2
2	87	4	2
2	130	4	2
2	173	4	2
2	21	4	2
2	64	4	2
2	107	4	2
2	150	4	2
2	193	4	2
109	1	4	2
109	44	4	2
109	87	4	2
109	130	4	2
109	173	4	2
109	21	4	2
109	64	4	2
109	107	4	2
109	150	4	2
109	193	4	2
216	1	4	2
216	44	4	2
216	87	4	2
216	130	4	2
216	173	4	2
216	21	4	2
216	64	4	2
216	107	4	2
216	150	4	2
216	193	4	2
323	1	4	2
323	44	4	2
323	87	4	2
323	130	4	2
323	173	4	2
323	21	4	2
323	64	4	2
323	107	4	2
323	150	4	2
323	193	4	2
430	1	4	2
430	44	4	2
430	87	4	2
430	130	4	2
430	173	4	2
430	21	4	2
430	64	4	2
430	107	4	2
430	150	4	2
430	193	4	2
3	28	4	3
3	71	4	3
3	114	4	3
3	157	4	3
3	200	4	3
110	28	4	3
110	71	4	3
110	114	4	3
110	157	4	3
110	200	4	3
217	28	4	3
217	71	4	3
217	114	4	3
217	157	4	3
217	200	4	3
324	28	4	3
324	71	4	3
324	114	4	3
324	157	4	3
324	200	4	3
431	28	4	3
431	71	4	3
431	114	4	3
431	157	4	3
431	200	4	3
4	26	4	4
4	69	4	4
4	112	4	4
4	155	4	4
4	198	4	4
111	26	4	4
111	69	4	4
111	112	4	4
111	155	4	4
111	198	4	4
218	26	4	4
218	69	4	4
218	112	4	4
218	155	4	4
218	198	4	4
325	26	4	4
325	69	4	4
325	112	4	4
325	155	4	4
325	198	4	4
432	26	4	4
432	69	4	4
432	112	4	4
432	155	4	4
432	198	4	4
5	1	4	5
5	44	4	5
5	87	4	5
5	130	4	5
5	173	4	5
112	1	4	5
112	44	4	5
112	87	4	5
112	130	4	5
112	173	4	5
219	1	4	5
219	44	4	5
219	87	4	5
219	130	4	5
219	173	4	5
326	1	4	5
326	44	4	5
326	87	4	5
326	130	4	5
326	173	4	5
433	1	4	5
433	44	4	5
433	87	4	5
433	130	4	5
433	173	4	5
6	1	4	6
6	44	4	6
6	87	4	6
6	130	4	6
6	173	4	6
6	5	4	6
6	48	4	6
6	91	4	6
6	134	4	6
6	177	4	6
113	1	4	6
113	44	4	6
113	87	4	6
113	130	4	6
113	173	4	6
113	5	4	6
113	48	4	6
113	91	4	6
113	134	4	6
113	177	4	6
220	1	4	6
220	44	4	6
220	87	4	6
220	130	4	6
220	173	4	6
220	5	4	6
220	48	4	6
220	91	4	6
220	134	4	6
220	177	4	6
327	1	4	6
327	44	4	6
327	87	4	6
327	130	4	6
327	173	4	6
327	5	4	6
327	48	4	6
327	91	4	6
327	134	4	6
327	177	4	6
434	1	4	6
434	44	4	6
434	87	4	6
434	130	4	6
434	173	4	6
434	5	4	6
434	48	4	6
434	91	4	6
434	134	4	6
434	177	4	6
7	1	4	7
7	44	4	7
7	87	4	7
7	130	4	7
7	173	4	7
114	1	4	7
114	44	4	7
114	87	4	7
114	130	4	7
114	173	4	7
221	1	4	7
221	44	4	7
221	87	4	7
221	130	4	7
221	173	4	7
328	1	4	7
328	44	4	7
328	87	4	7
328	130	4	7
328	173	4	7
435	1	4	7
435	44	4	7
435	87	4	7
435	130	4	7
435	173	4	7
8	1	4	8
8	44	4	8
8	87	4	8
8	130	4	8
8	173	4	8
115	1	4	8
115	44	4	8
115	87	4	8
115	130	4	8
115	173	4	8
222	1	4	8
222	44	4	8
222	87	4	8
222	130	4	8
222	173	4	8
329	1	4	8
329	44	4	8
329	87	4	8
329	130	4	8
329	173	4	8
436	1	4	8
436	44	4	8
436	87	4	8
436	130	4	8
436	173	4	8
9	3	4	9
9	46	4	9
9	89	4	9
9	132	4	9
9	175	4	9
116	3	4	9
116	46	4	9
116	89	4	9
116	132	4	9
116	175	4	9
223	3	4	9
223	46	4	9
223	89	4	9
223	132	4	9
223	175	4	9
330	3	4	9
330	46	4	9
330	89	4	9
330	132	4	9
330	175	4	9
437	3	4	9
437	46	4	9
437	89	4	9
437	132	4	9
437	175	4	9
10	28	4	10
10	71	4	10
10	114	4	10
10	157	4	10
10	200	4	10
117	28	4	10
117	71	4	10
117	114	4	10
117	157	4	10
117	200	4	10
224	28	4	10
224	71	4	10
224	114	4	10
224	157	4	10
224	200	4	10
331	28	4	10
331	71	4	10
331	114	4	10
331	157	4	10
331	200	4	10
438	28	4	10
438	71	4	10
438	114	4	10
438	157	4	10
438	200	4	10
11	10	4	11
11	53	4	11
11	96	4	11
11	139	4	11
11	182	4	11
11	17	4	11
11	60	4	11
11	103	4	11
11	146	4	11
11	189	4	11
118	10	4	11
118	53	4	11
118	96	4	11
118	139	4	11
118	182	4	11
118	17	4	11
118	60	4	11
118	103	4	11
118	146	4	11
118	189	4	11
225	10	4	11
225	53	4	11
225	96	4	11
225	139	4	11
225	182	4	11
225	17	4	11
225	60	4	11
225	103	4	11
225	146	4	11
225	189	4	11
332	10	4	11
332	53	4	11
332	96	4	11
332	139	4	11
332	182	4	11
332	17	4	11
332	60	4	11
332	103	4	11
332	146	4	11
332	189	4	11
439	10	4	11
439	53	4	11
439	96	4	11
439	139	4	11
439	182	4	11
439	17	4	11
439	60	4	11
439	103	4	11
439	146	4	11
439	189	4	11
12	12	4	12
12	55	4	12
12	98	4	12
12	141	4	12
12	184	4	12
119	12	4	12
119	55	4	12
119	98	4	12
119	141	4	12
119	184	4	12
226	12	4	12
226	55	4	12
226	98	4	12
226	141	4	12
226	184	4	12
333	12	4	12
333	55	4	12
333	98	4	12
333	141	4	12
333	184	4	12
440	12	4	12
440	55	4	12
440	98	4	12
440	141	4	12
440	184	4	12
13	1	4	13
13	44	4	13
13	87	4	13
13	130	4	13
13	173	4	13
120	1	4	13
120	44	4	13
120	87	4	13
120	130	4	13
120	173	4	13
227	1	4	13
227	44	4	13
227	87	4	13
227	130	4	13
227	173	4	13
334	1	4	13
334	44	4	13
334	87	4	13
334	130	4	13
334	173	4	13
441	1	4	13
441	44	4	13
441	87	4	13
441	130	4	13
441	173	4	13
14	21	4	14
14	64	4	14
14	107	4	14
14	150	4	14
14	193	4	14
121	21	4	14
121	64	4	14
121	107	4	14
121	150	4	14
121	193	4	14
228	21	4	14
228	64	4	14
228	107	4	14
228	150	4	14
228	193	4	14
335	21	4	14
335	64	4	14
335	107	4	14
335	150	4	14
335	193	4	14
442	21	4	14
442	64	4	14
442	107	4	14
442	150	4	14
442	193	4	14
15	1	4	15
15	44	4	15
15	87	4	15
15	130	4	15
15	173	4	15
122	1	4	15
122	44	4	15
122	87	4	15
122	130	4	15
122	173	4	15
229	1	4	15
229	44	4	15
229	87	4	15
229	130	4	15
229	173	4	15
336	1	4	15
336	44	4	15
336	87	4	15
336	130	4	15
336	173	4	15
443	1	4	15
443	44	4	15
443	87	4	15
443	130	4	15
443	173	4	15
16	1	4	44
16	44	4	44
16	87	4	44
16	130	4	44
16	173	4	44
123	1	4	44
123	44	4	44
123	87	4	44
123	130	4	44
123	173	4	44
230	1	4	44
230	44	4	44
230	87	4	44
230	130	4	44
230	173	4	44
337	1	4	44
337	44	4	44
337	87	4	44
337	130	4	44
337	173	4	44
444	1	4	44
444	44	4	44
444	87	4	44
444	130	4	44
444	173	4	44
17	12	4	17
17	55	4	17
17	98	4	17
17	141	4	17
17	184	4	17
124	12	4	17
124	55	4	17
124	98	4	17
124	141	4	17
124	184	4	17
231	12	4	17
231	55	4	17
231	98	4	17
231	141	4	17
231	184	4	17
338	12	4	17
338	55	4	17
338	98	4	17
338	141	4	17
338	184	4	17
445	12	4	17
445	55	4	17
445	98	4	17
445	141	4	17
445	184	4	17
18	12	4	18
18	55	4	18
18	98	4	18
18	141	4	18
18	184	4	18
125	12	4	18
125	55	4	18
125	98	4	18
125	141	4	18
125	184	4	18
232	12	4	18
232	55	4	18
232	98	4	18
232	141	4	18
232	184	4	18
339	12	4	18
339	55	4	18
339	98	4	18
339	141	4	18
339	184	4	18
446	12	4	18
446	55	4	18
446	98	4	18
446	141	4	18
446	184	4	18
19	12	4	19
19	55	4	19
19	98	4	19
19	141	4	19
19	184	4	19
19	29	4	19
19	72	4	19
19	115	4	19
19	158	4	19
19	201	4	19
126	12	4	19
126	55	4	19
126	98	4	19
126	141	4	19
126	184	4	19
126	29	4	19
126	72	4	19
126	115	4	19
126	158	4	19
126	201	4	19
233	12	4	19
233	55	4	19
233	98	4	19
233	141	4	19
233	184	4	19
233	29	4	19
233	72	4	19
233	115	4	19
233	158	4	19
233	201	4	19
340	12	4	19
340	55	4	19
340	98	4	19
340	141	4	19
340	184	4	19
340	29	4	19
340	72	4	19
340	115	4	19
340	158	4	19
340	201	4	19
447	12	4	19
447	55	4	19
447	98	4	19
447	141	4	19
447	184	4	19
447	29	4	19
447	72	4	19
447	115	4	19
447	158	4	19
447	201	4	19
20	1	4	20
20	44	4	20
20	87	4	20
20	130	4	20
20	173	4	20
20	5	4	20
20	48	4	20
20	91	4	20
20	134	4	20
20	177	4	20
127	1	4	20
127	44	4	20
127	87	4	20
127	130	4	20
127	173	4	20
127	5	4	20
127	48	4	20
127	91	4	20
127	134	4	20
127	177	4	20
234	1	4	20
234	44	4	20
234	87	4	20
234	130	4	20
234	173	4	20
234	5	4	20
234	48	4	20
234	91	4	20
234	134	4	20
234	177	4	20
341	1	4	20
341	44	4	20
341	87	4	20
341	130	4	20
341	173	4	20
341	5	4	20
341	48	4	20
341	91	4	20
341	134	4	20
341	177	4	20
448	1	4	20
448	44	4	20
448	87	4	20
448	130	4	20
448	173	4	20
448	5	4	20
448	48	4	20
448	91	4	20
448	134	4	20
448	177	4	20
21	1	4	21
21	44	4	21
21	87	4	21
21	130	4	21
21	173	4	21
21	28	4	21
21	71	4	21
21	114	4	21
21	157	4	21
21	200	4	21
128	1	4	21
128	44	4	21
128	87	4	21
128	130	4	21
128	173	4	21
128	28	4	21
128	71	4	21
128	114	4	21
128	157	4	21
128	200	4	21
235	1	4	21
235	44	4	21
235	87	4	21
235	130	4	21
235	173	4	21
235	28	4	21
235	71	4	21
235	114	4	21
235	157	4	21
235	200	4	21
342	1	4	21
342	44	4	21
342	87	4	21
342	130	4	21
342	173	4	21
342	28	4	21
342	71	4	21
342	114	4	21
342	157	4	21
342	200	4	21
449	1	4	21
449	44	4	21
449	87	4	21
449	130	4	21
449	173	4	21
449	28	4	21
449	71	4	21
449	114	4	21
449	157	4	21
449	200	4	21
22	29	4	22
22	72	4	22
22	115	4	22
22	158	4	22
22	201	4	22
129	29	4	22
129	72	4	22
129	115	4	22
129	158	4	22
129	201	4	22
236	29	4	22
236	72	4	22
236	115	4	22
236	158	4	22
236	201	4	22
343	29	4	22
343	72	4	22
343	115	4	22
343	158	4	22
343	201	4	22
450	29	4	22
450	72	4	22
450	115	4	22
450	158	4	22
450	201	4	22
23	5	4	23
23	48	4	23
23	91	4	23
23	134	4	23
23	177	4	23
130	5	4	23
130	48	4	23
130	91	4	23
130	134	4	23
130	177	4	23
237	5	4	23
237	48	4	23
237	91	4	23
237	134	4	23
237	177	4	23
344	5	4	23
344	48	4	23
344	91	4	23
344	134	4	23
344	177	4	23
451	5	4	23
451	48	4	23
451	91	4	23
451	134	4	23
451	177	4	23
24	26	4	24
24	69	4	24
24	112	4	24
24	155	4	24
24	198	4	24
131	26	4	24
131	69	4	24
131	112	4	24
131	155	4	24
131	198	4	24
238	26	4	24
238	69	4	24
238	112	4	24
238	155	4	24
238	198	4	24
345	26	4	24
345	69	4	24
345	112	4	24
345	155	4	24
345	198	4	24
452	26	4	24
452	69	4	24
452	112	4	24
452	155	4	24
452	198	4	24
25	41	4	25
25	84	4	25
25	127	4	25
25	170	4	25
25	213	4	25
132	41	4	25
132	84	4	25
132	127	4	25
132	170	4	25
132	213	4	25
239	41	4	25
239	84	4	25
239	127	4	25
239	170	4	25
239	213	4	25
346	41	4	25
346	84	4	25
346	127	4	25
346	170	4	25
346	213	4	25
453	41	4	25
453	84	4	25
453	127	4	25
453	170	4	25
453	213	4	25
26	33	4	26
26	76	4	26
26	119	4	26
26	162	4	26
26	205	4	26
133	33	4	26
133	76	4	26
133	119	4	26
133	162	4	26
133	205	4	26
240	33	4	26
240	76	4	26
240	119	4	26
240	162	4	26
240	205	4	26
347	33	4	26
347	76	4	26
347	119	4	26
347	162	4	26
347	205	4	26
454	33	4	26
454	76	4	26
454	119	4	26
454	162	4	26
454	205	4	26
27	28	4	27
27	71	4	27
27	114	4	27
27	157	4	27
27	200	4	27
134	28	4	27
134	71	4	27
134	114	4	27
134	157	4	27
134	200	4	27
241	28	4	27
241	71	4	27
241	114	4	27
241	157	4	27
241	200	4	27
348	28	4	27
348	71	4	27
348	114	4	27
348	157	4	27
348	200	4	27
455	28	4	27
455	71	4	27
455	114	4	27
455	157	4	27
455	200	4	27
28	15	4	28
28	58	4	28
28	101	4	28
28	144	4	28
28	187	4	28
135	15	4	28
135	58	4	28
135	101	4	28
135	144	4	28
135	187	4	28
242	15	4	28
242	58	4	28
242	101	4	28
242	144	4	28
242	187	4	28
349	15	4	28
349	58	4	28
349	101	4	28
349	144	4	28
349	187	4	28
456	15	4	28
456	58	4	28
456	101	4	28
456	144	4	28
456	187	4	28
29	19	4	29
29	62	4	29
29	105	4	29
29	148	4	29
29	191	4	29
29	35	4	29
29	78	4	29
29	121	4	29
29	164	4	29
29	207	4	29
136	19	4	29
136	62	4	29
136	105	4	29
136	148	4	29
136	191	4	29
136	35	4	29
136	78	4	29
136	121	4	29
136	164	4	29
136	207	4	29
243	19	4	29
243	62	4	29
243	105	4	29
243	148	4	29
243	191	4	29
243	35	4	29
243	78	4	29
243	121	4	29
243	164	4	29
243	207	4	29
350	19	4	29
350	62	4	29
350	105	4	29
350	148	4	29
350	191	4	29
350	35	4	29
350	78	4	29
350	121	4	29
350	164	4	29
350	207	4	29
457	19	4	29
457	62	4	29
457	105	4	29
457	148	4	29
457	191	4	29
457	35	4	29
457	78	4	29
457	121	4	29
457	164	4	29
457	207	4	29
30	28	4	30
30	71	4	30
30	114	4	30
30	157	4	30
30	200	4	30
30	39	4	30
30	82	4	30
30	125	4	30
30	168	4	30
30	211	4	30
137	28	4	30
137	71	4	30
137	114	4	30
137	157	4	30
137	200	4	30
137	39	4	30
137	82	4	30
137	125	4	30
137	168	4	30
137	211	4	30
244	28	4	30
244	71	4	30
244	114	4	30
244	157	4	30
244	200	4	30
244	39	4	30
244	82	4	30
244	125	4	30
244	168	4	30
244	211	4	30
351	28	4	30
351	71	4	30
351	114	4	30
351	157	4	30
351	200	4	30
351	39	4	30
351	82	4	30
351	125	4	30
351	168	4	30
351	211	4	30
458	28	4	30
458	71	4	30
458	114	4	30
458	157	4	30
458	200	4	30
458	39	4	30
458	82	4	30
458	125	4	30
458	168	4	30
458	211	4	30
31	15	4	31
31	58	4	31
31	101	4	31
31	144	4	31
31	187	4	31
138	15	4	31
138	58	4	31
138	101	4	31
138	144	4	31
138	187	4	31
245	15	4	31
245	58	4	31
245	101	4	31
245	144	4	31
245	187	4	31
352	15	4	31
352	58	4	31
352	101	4	31
352	144	4	31
352	187	4	31
459	15	4	31
459	58	4	31
459	101	4	31
459	144	4	31
459	187	4	31
32	29	4	32
32	72	4	32
32	115	4	32
32	158	4	32
32	201	4	32
139	29	4	32
139	72	4	32
139	115	4	32
139	158	4	32
139	201	4	32
246	29	4	32
246	72	4	32
246	115	4	32
246	158	4	32
246	201	4	32
353	29	4	32
353	72	4	32
353	115	4	32
353	158	4	32
353	201	4	32
460	29	4	32
460	72	4	32
460	115	4	32
460	158	4	32
460	201	4	32
33	34	4	33
33	77	4	33
33	120	4	33
33	163	4	33
33	206	4	33
33	35	4	33
33	78	4	33
33	121	4	33
33	164	4	33
33	207	4	33
140	34	4	33
140	77	4	33
140	120	4	33
140	163	4	33
140	206	4	33
140	35	4	33
140	78	4	33
140	121	4	33
140	164	4	33
140	207	4	33
247	34	4	33
247	77	4	33
247	120	4	33
247	163	4	33
247	206	4	33
247	35	4	33
247	78	4	33
247	121	4	33
247	164	4	33
247	207	4	33
354	34	4	33
354	77	4	33
354	120	4	33
354	163	4	33
354	206	4	33
354	35	4	33
354	78	4	33
354	121	4	33
354	164	4	33
354	207	4	33
461	34	4	33
461	77	4	33
461	120	4	33
461	163	4	33
461	206	4	33
461	35	4	33
461	78	4	33
461	121	4	33
461	164	4	33
461	207	4	33
34	21	4	34
34	64	4	34
34	107	4	34
34	150	4	34
34	193	4	34
141	21	4	34
141	64	4	34
141	107	4	34
141	150	4	34
141	193	4	34
248	21	4	34
248	64	4	34
248	107	4	34
248	150	4	34
248	193	4	34
355	21	4	34
355	64	4	34
355	107	4	34
355	150	4	34
355	193	4	34
462	21	4	34
462	64	4	34
462	107	4	34
462	150	4	34
462	193	4	34
35	1	4	35
35	44	4	35
35	87	4	35
35	130	4	35
35	173	4	35
142	1	4	35
142	44	4	35
142	87	4	35
142	130	4	35
142	173	4	35
249	1	4	35
249	44	4	35
249	87	4	35
249	130	4	35
249	173	4	35
356	1	4	35
356	44	4	35
356	87	4	35
356	130	4	35
356	173	4	35
463	1	4	35
463	44	4	35
463	87	4	35
463	130	4	35
463	173	4	35
36	33	4	36
36	76	4	36
36	119	4	36
36	162	4	36
36	205	4	36
143	33	4	36
143	76	4	36
143	119	4	36
143	162	4	36
143	205	4	36
250	33	4	36
250	76	4	36
250	119	4	36
250	162	4	36
250	205	4	36
357	33	4	36
357	76	4	36
357	119	4	36
357	162	4	36
357	205	4	36
464	33	4	36
464	76	4	36
464	119	4	36
464	162	4	36
464	205	4	36
37	35	4	37
37	78	4	37
37	121	4	37
37	164	4	37
37	207	4	37
144	35	4	37
144	78	4	37
144	121	4	37
144	164	4	37
144	207	4	37
251	35	4	37
251	78	4	37
251	121	4	37
251	164	4	37
251	207	4	37
358	35	4	37
358	78	4	37
358	121	4	37
358	164	4	37
358	207	4	37
465	35	4	37
465	78	4	37
465	121	4	37
465	164	4	37
465	207	4	37
38	1	4	38
38	44	4	38
38	87	4	38
38	130	4	38
38	173	4	38
38	25	4	38
38	68	4	38
38	111	4	38
38	154	4	38
38	197	4	38
145	1	4	38
145	44	4	38
145	87	4	38
145	130	4	38
145	173	4	38
145	25	4	38
145	68	4	38
145	111	4	38
145	154	4	38
145	197	4	38
252	1	4	38
252	44	4	38
252	87	4	38
252	130	4	38
252	173	4	38
252	25	4	38
252	68	4	38
252	111	4	38
252	154	4	38
252	197	4	38
359	1	4	38
359	44	4	38
359	87	4	38
359	130	4	38
359	173	4	38
359	25	4	38
359	68	4	38
359	111	4	38
359	154	4	38
359	197	4	38
466	1	4	38
466	44	4	38
466	87	4	38
466	130	4	38
466	173	4	38
466	25	4	38
466	68	4	38
466	111	4	38
466	154	4	38
466	197	4	38
39	8	4	39
39	51	4	39
39	94	4	39
39	137	4	39
39	180	4	39
146	8	4	39
146	51	4	39
146	94	4	39
146	137	4	39
146	180	4	39
253	8	4	39
253	51	4	39
253	94	4	39
253	137	4	39
253	180	4	39
360	8	4	39
360	51	4	39
360	94	4	39
360	137	4	39
360	180	4	39
467	8	4	39
467	51	4	39
467	94	4	39
467	137	4	39
467	180	4	39
40	26	4	40
40	69	4	40
40	112	4	40
40	155	4	40
40	198	4	40
147	26	4	40
147	69	4	40
147	112	4	40
147	155	4	40
147	198	4	40
254	26	4	40
254	69	4	40
254	112	4	40
254	155	4	40
254	198	4	40
361	26	4	40
361	69	4	40
361	112	4	40
361	155	4	40
361	198	4	40
468	26	4	40
468	69	4	40
468	112	4	40
468	155	4	40
468	198	4	40
41	1	4	41
41	44	4	41
41	87	4	41
41	130	4	41
41	173	4	41
41	5	4	41
41	48	4	41
41	91	4	41
41	134	4	41
41	177	4	41
148	1	4	41
148	44	4	41
148	87	4	41
148	130	4	41
148	173	4	41
148	5	4	41
148	48	4	41
148	91	4	41
148	134	4	41
148	177	4	41
255	1	4	41
255	44	4	41
255	87	4	41
255	130	4	41
255	173	4	41
255	5	4	41
255	48	4	41
255	91	4	41
255	134	4	41
255	177	4	41
362	1	4	41
362	44	4	41
362	87	4	41
362	130	4	41
362	173	4	41
362	5	4	41
362	48	4	41
362	91	4	41
362	134	4	41
362	177	4	41
469	1	4	41
469	44	4	41
469	87	4	41
469	130	4	41
469	173	4	41
469	5	4	41
469	48	4	41
469	91	4	41
469	134	4	41
469	177	4	41
42	28	4	42
42	71	4	42
42	114	4	42
42	157	4	42
42	200	4	42
149	28	4	42
149	71	4	42
149	114	4	42
149	157	4	42
149	200	4	42
256	28	4	42
256	71	4	42
256	114	4	42
256	157	4	42
256	200	4	42
363	28	4	42
363	71	4	42
363	114	4	42
363	157	4	42
363	200	4	42
470	28	4	42
470	71	4	42
470	114	4	42
470	157	4	42
470	200	4	42
43	28	4	43
43	71	4	43
43	114	4	43
43	157	4	43
43	200	4	43
150	28	4	43
150	71	4	43
150	114	4	43
150	157	4	43
150	200	4	43
257	28	4	43
257	71	4	43
257	114	4	43
257	157	4	43
257	200	4	43
364	28	4	43
364	71	4	43
364	114	4	43
364	157	4	43
364	200	4	43
471	28	4	43
471	71	4	43
471	114	4	43
471	157	4	43
471	200	4	43
44	20	4	45
44	63	4	45
44	106	4	45
44	149	4	45
44	192	4	45
151	20	4	45
151	63	4	45
151	106	4	45
151	149	4	45
151	192	4	45
258	20	4	45
258	63	4	45
258	106	4	45
258	149	4	45
258	192	4	45
365	20	4	45
365	63	4	45
365	106	4	45
365	149	4	45
365	192	4	45
472	20	4	45
472	63	4	45
472	106	4	45
472	149	4	45
472	192	4	45
45	1	4	46
45	44	4	46
45	87	4	46
45	130	4	46
45	173	4	46
152	1	4	46
152	44	4	46
152	87	4	46
152	130	4	46
152	173	4	46
259	1	4	46
259	44	4	46
259	87	4	46
259	130	4	46
259	173	4	46
366	1	4	46
366	44	4	46
366	87	4	46
366	130	4	46
366	173	4	46
473	1	4	46
473	44	4	46
473	87	4	46
473	130	4	46
473	173	4	46
46	12	4	47
46	55	4	47
46	98	4	47
46	141	4	47
46	184	4	47
153	12	4	47
153	55	4	47
153	98	4	47
153	141	4	47
153	184	4	47
260	12	4	47
260	55	4	47
260	98	4	47
260	141	4	47
260	184	4	47
367	12	4	47
367	55	4	47
367	98	4	47
367	141	4	47
367	184	4	47
474	12	4	47
474	55	4	47
474	98	4	47
474	141	4	47
474	184	4	47
47	1	4	48
47	44	4	48
47	87	4	48
47	130	4	48
47	173	4	48
154	1	4	48
154	44	4	48
154	87	4	48
154	130	4	48
154	173	4	48
261	1	4	48
261	44	4	48
261	87	4	48
261	130	4	48
261	173	4	48
368	1	4	48
368	44	4	48
368	87	4	48
368	130	4	48
368	173	4	48
475	1	4	48
475	44	4	48
475	87	4	48
475	130	4	48
475	173	4	48
48	33	4	49
48	76	4	49
48	119	4	49
48	162	4	49
48	205	4	49
48	41	4	49
48	84	4	49
48	127	4	49
48	170	4	49
48	213	4	49
155	33	4	49
155	76	4	49
155	119	4	49
155	162	4	49
155	205	4	49
155	41	4	49
155	84	4	49
155	127	4	49
155	170	4	49
155	213	4	49
262	33	4	49
262	76	4	49
262	119	4	49
262	162	4	49
262	205	4	49
262	41	4	49
262	84	4	49
262	127	4	49
262	170	4	49
262	213	4	49
369	33	4	49
369	76	4	49
369	119	4	49
369	162	4	49
369	205	4	49
369	41	4	49
369	84	4	49
369	127	4	49
369	170	4	49
369	213	4	49
476	33	4	49
476	76	4	49
476	119	4	49
476	162	4	49
476	205	4	49
476	41	4	49
476	84	4	49
476	127	4	49
476	170	4	49
476	213	4	49
49	12	4	50
49	55	4	50
49	98	4	50
49	141	4	50
49	184	4	50
156	12	4	50
156	55	4	50
156	98	4	50
156	141	4	50
156	184	4	50
263	12	4	50
263	55	4	50
263	98	4	50
263	141	4	50
263	184	4	50
370	12	4	50
370	55	4	50
370	98	4	50
370	141	4	50
370	184	4	50
477	12	4	50
477	55	4	50
477	98	4	50
477	141	4	50
477	184	4	50
50	13	4	51
50	56	4	51
50	99	4	51
50	142	4	51
50	185	4	51
157	13	4	51
157	56	4	51
157	99	4	51
157	142	4	51
157	185	4	51
264	13	4	51
264	56	4	51
264	99	4	51
264	142	4	51
264	185	4	51
371	13	4	51
371	56	4	51
371	99	4	51
371	142	4	51
371	185	4	51
478	13	4	51
478	56	4	51
478	99	4	51
478	142	4	51
478	185	4	51
51	36	4	52
51	79	4	52
51	122	4	52
51	165	4	52
51	208	4	52
158	36	4	52
158	79	4	52
158	122	4	52
158	165	4	52
158	208	4	52
265	36	4	52
265	79	4	52
265	122	4	52
265	165	4	52
265	208	4	52
372	36	4	52
372	79	4	52
372	122	4	52
372	165	4	52
372	208	4	52
479	36	4	52
479	79	4	52
479	122	4	52
479	165	4	52
479	208	4	52
52	1	4	53
52	44	4	53
52	87	4	53
52	130	4	53
52	173	4	53
52	28	4	53
52	71	4	53
52	114	4	53
52	157	4	53
52	200	4	53
159	1	4	53
159	44	4	53
159	87	4	53
159	130	4	53
159	173	4	53
159	28	4	53
159	71	4	53
159	114	4	53
159	157	4	53
159	200	4	53
266	1	4	53
266	44	4	53
266	87	4	53
266	130	4	53
266	173	4	53
266	28	4	53
266	71	4	53
266	114	4	53
266	157	4	53
266	200	4	53
373	1	4	53
373	44	4	53
373	87	4	53
373	130	4	53
373	173	4	53
373	28	4	53
373	71	4	53
373	114	4	53
373	157	4	53
373	200	4	53
480	1	4	53
480	44	4	53
480	87	4	53
480	130	4	53
480	173	4	53
480	28	4	53
480	71	4	53
480	114	4	53
480	157	4	53
480	200	4	53
53	1	4	54
53	44	4	54
53	87	4	54
53	130	4	54
53	173	4	54
53	5	4	54
53	48	4	54
53	91	4	54
53	134	4	54
53	177	4	54
160	1	4	54
160	44	4	54
160	87	4	54
160	130	4	54
160	173	4	54
160	5	4	54
160	48	4	54
160	91	4	54
160	134	4	54
160	177	4	54
267	1	4	54
267	44	4	54
267	87	4	54
267	130	4	54
267	173	4	54
267	5	4	54
267	48	4	54
267	91	4	54
267	134	4	54
267	177	4	54
374	1	4	54
374	44	4	54
374	87	4	54
374	130	4	54
374	173	4	54
374	5	4	54
374	48	4	54
374	91	4	54
374	134	4	54
374	177	4	54
481	1	4	54
481	44	4	54
481	87	4	54
481	130	4	54
481	173	4	54
481	5	4	54
481	48	4	54
481	91	4	54
481	134	4	54
481	177	4	54
54	39	4	55
54	82	4	55
54	125	4	55
54	168	4	55
54	211	4	55
161	39	4	55
161	82	4	55
161	125	4	55
161	168	4	55
161	211	4	55
268	39	4	55
268	82	4	55
268	125	4	55
268	168	4	55
268	211	4	55
375	39	4	55
375	82	4	55
375	125	4	55
375	168	4	55
375	211	4	55
482	39	4	55
482	82	4	55
482	125	4	55
482	168	4	55
482	211	4	55
55	18	4	56
55	61	4	56
55	104	4	56
55	147	4	56
55	190	4	56
162	18	4	56
162	61	4	56
162	104	4	56
162	147	4	56
162	190	4	56
269	18	4	56
269	61	4	56
269	104	4	56
269	147	4	56
269	190	4	56
376	18	4	56
376	61	4	56
376	104	4	56
376	147	4	56
376	190	4	56
483	18	4	56
483	61	4	56
483	104	4	56
483	147	4	56
483	190	4	56
56	43	4	57
56	86	4	57
56	129	4	57
56	172	4	57
56	215	4	57
163	43	4	57
163	86	4	57
163	129	4	57
163	172	4	57
163	215	4	57
270	43	4	57
270	86	4	57
270	129	4	57
270	172	4	57
270	215	4	57
377	43	4	57
377	86	4	57
377	129	4	57
377	172	4	57
377	215	4	57
484	43	4	57
484	86	4	57
484	129	4	57
484	172	4	57
484	215	4	57
57	1	4	58
57	44	4	58
57	87	4	58
57	130	4	58
57	173	4	58
164	1	4	58
164	44	4	58
164	87	4	58
164	130	4	58
164	173	4	58
271	1	4	58
271	44	4	58
271	87	4	58
271	130	4	58
271	173	4	58
378	1	4	58
378	44	4	58
378	87	4	58
378	130	4	58
378	173	4	58
485	1	4	58
485	44	4	58
485	87	4	58
485	130	4	58
485	173	4	58
58	4	4	59
58	47	4	59
58	90	4	59
58	133	4	59
58	176	4	59
165	4	4	59
165	47	4	59
165	90	4	59
165	133	4	59
165	176	4	59
272	4	4	59
272	47	4	59
272	90	4	59
272	133	4	59
272	176	4	59
379	4	4	59
379	47	4	59
379	90	4	59
379	133	4	59
379	176	4	59
486	4	4	59
486	47	4	59
486	90	4	59
486	133	4	59
486	176	4	59
59	12	4	60
59	55	4	60
59	98	4	60
59	141	4	60
59	184	4	60
166	12	4	60
166	55	4	60
166	98	4	60
166	141	4	60
166	184	4	60
273	12	4	60
273	55	4	60
273	98	4	60
273	141	4	60
273	184	4	60
380	12	4	60
380	55	4	60
380	98	4	60
380	141	4	60
380	184	4	60
487	12	4	60
487	55	4	60
487	98	4	60
487	141	4	60
487	184	4	60
60	6	4	61
60	49	4	61
60	92	4	61
60	135	4	61
60	178	4	61
167	6	4	61
167	49	4	61
167	92	4	61
167	135	4	61
167	178	4	61
274	6	4	61
274	49	4	61
274	92	4	61
274	135	4	61
274	178	4	61
381	6	4	61
381	49	4	61
381	92	4	61
381	135	4	61
381	178	4	61
488	6	4	61
488	49	4	61
488	92	4	61
488	135	4	61
488	178	4	61
61	28	4	62
61	71	4	62
61	114	4	62
61	157	4	62
61	200	4	62
168	28	4	62
168	71	4	62
168	114	4	62
168	157	4	62
168	200	4	62
275	28	4	62
275	71	4	62
275	114	4	62
275	157	4	62
275	200	4	62
382	28	4	62
382	71	4	62
382	114	4	62
382	157	4	62
382	200	4	62
489	28	4	62
489	71	4	62
489	114	4	62
489	157	4	62
489	200	4	62
62	28	4	63
62	71	4	63
62	114	4	63
62	157	4	63
62	200	4	63
169	28	4	63
169	71	4	63
169	114	4	63
169	157	4	63
169	200	4	63
276	28	4	63
276	71	4	63
276	114	4	63
276	157	4	63
276	200	4	63
383	28	4	63
383	71	4	63
383	114	4	63
383	157	4	63
383	200	4	63
490	28	4	63
490	71	4	63
490	114	4	63
490	157	4	63
490	200	4	63
63	1	4	64
63	44	4	64
63	87	4	64
63	130	4	64
63	173	4	64
63	5	4	64
63	48	4	64
63	91	4	64
63	134	4	64
63	177	4	64
170	1	4	64
170	44	4	64
170	87	4	64
170	130	4	64
170	173	4	64
170	5	4	64
170	48	4	64
170	91	4	64
170	134	4	64
170	177	4	64
277	1	4	64
277	44	4	64
277	87	4	64
277	130	4	64
277	173	4	64
277	5	4	64
277	48	4	64
277	91	4	64
277	134	4	64
277	177	4	64
384	1	4	64
384	44	4	64
384	87	4	64
384	130	4	64
384	173	4	64
384	5	4	64
384	48	4	64
384	91	4	64
384	134	4	64
384	177	4	64
491	1	4	64
491	44	4	64
491	87	4	64
491	130	4	64
491	173	4	64
491	5	4	64
491	48	4	64
491	91	4	64
491	134	4	64
491	177	4	64
64	28	4	65
64	71	4	65
64	114	4	65
64	157	4	65
64	200	4	65
171	28	4	65
171	71	4	65
171	114	4	65
171	157	4	65
171	200	4	65
278	28	4	65
278	71	4	65
278	114	4	65
278	157	4	65
278	200	4	65
385	28	4	65
385	71	4	65
385	114	4	65
385	157	4	65
385	200	4	65
492	28	4	65
492	71	4	65
492	114	4	65
492	157	4	65
492	200	4	65
65	28	4	66
65	71	4	66
65	114	4	66
65	157	4	66
65	200	4	66
172	28	4	66
172	71	4	66
172	114	4	66
172	157	4	66
172	200	4	66
279	28	4	66
279	71	4	66
279	114	4	66
279	157	4	66
279	200	4	66
386	28	4	66
386	71	4	66
386	114	4	66
386	157	4	66
386	200	4	66
493	28	4	66
493	71	4	66
493	114	4	66
493	157	4	66
493	200	4	66
66	14	4	67
66	57	4	67
66	100	4	67
66	143	4	67
66	186	4	67
173	14	4	67
173	57	4	67
173	100	4	67
173	143	4	67
173	186	4	67
280	14	4	67
280	57	4	67
280	100	4	67
280	143	4	67
280	186	4	67
387	14	4	67
387	57	4	67
387	100	4	67
387	143	4	67
387	186	4	67
494	14	4	67
494	57	4	67
494	100	4	67
494	143	4	67
494	186	4	67
67	1	4	68
67	44	4	68
67	87	4	68
67	130	4	68
67	173	4	68
67	32	4	68
67	75	4	68
67	118	4	68
67	161	4	68
67	204	4	68
174	1	4	68
174	44	4	68
174	87	4	68
174	130	4	68
174	173	4	68
174	32	4	68
174	75	4	68
174	118	4	68
174	161	4	68
174	204	4	68
281	1	4	68
281	44	4	68
281	87	4	68
281	130	4	68
281	173	4	68
281	32	4	68
281	75	4	68
281	118	4	68
281	161	4	68
281	204	4	68
388	1	4	68
388	44	4	68
388	87	4	68
388	130	4	68
388	173	4	68
388	32	4	68
388	75	4	68
388	118	4	68
388	161	4	68
388	204	4	68
495	1	4	68
495	44	4	68
495	87	4	68
495	130	4	68
495	173	4	68
495	32	4	68
495	75	4	68
495	118	4	68
495	161	4	68
495	204	4	68
68	28	4	69
68	71	4	69
68	114	4	69
68	157	4	69
68	200	4	69
175	28	4	69
175	71	4	69
175	114	4	69
175	157	4	69
175	200	4	69
282	28	4	69
282	71	4	69
282	114	4	69
282	157	4	69
282	200	4	69
389	28	4	69
389	71	4	69
389	114	4	69
389	157	4	69
389	200	4	69
496	28	4	69
496	71	4	69
496	114	4	69
496	157	4	69
496	200	4	69
69	38	4	70
69	81	4	70
69	124	4	70
69	167	4	70
69	210	4	70
176	38	4	70
176	81	4	70
176	124	4	70
176	167	4	70
176	210	4	70
283	38	4	70
283	81	4	70
283	124	4	70
283	167	4	70
283	210	4	70
390	38	4	70
390	81	4	70
390	124	4	70
390	167	4	70
390	210	4	70
497	38	4	70
497	81	4	70
497	124	4	70
497	167	4	70
497	210	4	70
70	24	4	71
70	67	4	71
70	110	4	71
70	153	4	71
70	196	4	71
177	24	4	71
177	67	4	71
177	110	4	71
177	153	4	71
177	196	4	71
284	24	4	71
284	67	4	71
284	110	4	71
284	153	4	71
284	196	4	71
391	24	4	71
391	67	4	71
391	110	4	71
391	153	4	71
391	196	4	71
498	24	4	71
498	67	4	71
498	110	4	71
498	153	4	71
498	196	4	71
71	30	4	72
71	73	4	72
71	116	4	72
71	159	4	72
71	202	4	72
178	30	4	72
178	73	4	72
178	116	4	72
178	159	4	72
178	202	4	72
285	30	4	72
285	73	4	72
285	116	4	72
285	159	4	72
285	202	4	72
392	30	4	72
392	73	4	72
392	116	4	72
392	159	4	72
392	202	4	72
499	30	4	72
499	73	4	72
499	116	4	72
499	159	4	72
499	202	4	72
72	24	4	73
72	67	4	73
72	110	4	73
72	153	4	73
72	196	4	73
179	24	4	73
179	67	4	73
179	110	4	73
179	153	4	73
179	196	4	73
286	24	4	73
286	67	4	73
286	110	4	73
286	153	4	73
286	196	4	73
393	24	4	73
393	67	4	73
393	110	4	73
393	153	4	73
393	196	4	73
500	24	4	73
500	67	4	73
500	110	4	73
500	153	4	73
500	196	4	73
73	14	4	74
73	57	4	74
73	100	4	74
73	143	4	74
73	186	4	74
180	14	4	74
180	57	4	74
180	100	4	74
180	143	4	74
180	186	4	74
287	14	4	74
287	57	4	74
287	100	4	74
287	143	4	74
287	186	4	74
394	14	4	74
394	57	4	74
394	100	4	74
394	143	4	74
394	186	4	74
501	14	4	74
501	57	4	74
501	100	4	74
501	143	4	74
501	186	4	74
74	28	4	75
74	71	4	75
74	114	4	75
74	157	4	75
74	200	4	75
181	28	4	75
181	71	4	75
181	114	4	75
181	157	4	75
181	200	4	75
288	28	4	75
288	71	4	75
288	114	4	75
288	157	4	75
288	200	4	75
395	28	4	75
395	71	4	75
395	114	4	75
395	157	4	75
395	200	4	75
502	28	4	75
502	71	4	75
502	114	4	75
502	157	4	75
502	200	4	75
75	1	4	76
75	44	4	76
75	87	4	76
75	130	4	76
75	173	4	76
75	28	4	76
75	71	4	76
75	114	4	76
75	157	4	76
75	200	4	76
182	1	4	76
182	44	4	76
182	87	4	76
182	130	4	76
182	173	4	76
182	28	4	76
182	71	4	76
182	114	4	76
182	157	4	76
182	200	4	76
289	1	4	76
289	44	4	76
289	87	4	76
289	130	4	76
289	173	4	76
289	28	4	76
289	71	4	76
289	114	4	76
289	157	4	76
289	200	4	76
396	1	4	76
396	44	4	76
396	87	4	76
396	130	4	76
396	173	4	76
396	28	4	76
396	71	4	76
396	114	4	76
396	157	4	76
396	200	4	76
503	1	4	76
503	44	4	76
503	87	4	76
503	130	4	76
503	173	4	76
503	28	4	76
503	71	4	76
503	114	4	76
503	157	4	76
503	200	4	76
76	21	4	77
76	64	4	77
76	107	4	77
76	150	4	77
76	193	4	77
183	21	4	77
183	64	4	77
183	107	4	77
183	150	4	77
183	193	4	77
290	21	4	77
290	64	4	77
290	107	4	77
290	150	4	77
290	193	4	77
397	21	4	77
397	64	4	77
397	107	4	77
397	150	4	77
397	193	4	77
504	21	4	77
504	64	4	77
504	107	4	77
504	150	4	77
504	193	4	77
77	1	4	78
77	44	4	78
77	87	4	78
77	130	4	78
77	173	4	78
184	1	4	78
184	44	4	78
184	87	4	78
184	130	4	78
184	173	4	78
291	1	4	78
291	44	4	78
291	87	4	78
291	130	4	78
291	173	4	78
398	1	4	78
398	44	4	78
398	87	4	78
398	130	4	78
398	173	4	78
505	1	4	78
505	44	4	78
505	87	4	78
505	130	4	78
505	173	4	78
78	33	4	79
78	76	4	79
78	119	4	79
78	162	4	79
78	205	4	79
185	33	4	79
185	76	4	79
185	119	4	79
185	162	4	79
185	205	4	79
292	33	4	79
292	76	4	79
292	119	4	79
292	162	4	79
292	205	4	79
399	33	4	79
399	76	4	79
399	119	4	79
399	162	4	79
399	205	4	79
506	33	4	79
506	76	4	79
506	119	4	79
506	162	4	79
506	205	4	79
79	33	4	80
79	76	4	80
79	119	4	80
79	162	4	80
79	205	4	80
186	33	4	80
186	76	4	80
186	119	4	80
186	162	4	80
186	205	4	80
293	33	4	80
293	76	4	80
293	119	4	80
293	162	4	80
293	205	4	80
400	33	4	80
400	76	4	80
400	119	4	80
400	162	4	80
400	205	4	80
507	33	4	80
507	76	4	80
507	119	4	80
507	162	4	80
507	205	4	80
80	22	4	81
80	65	4	81
80	108	4	81
80	151	4	81
80	194	4	81
187	22	4	81
187	65	4	81
187	108	4	81
187	151	4	81
187	194	4	81
294	22	4	81
294	65	4	81
294	108	4	81
294	151	4	81
294	194	4	81
401	22	4	81
401	65	4	81
401	108	4	81
401	151	4	81
401	194	4	81
508	22	4	81
508	65	4	81
508	108	4	81
508	151	4	81
508	194	4	81
81	12	4	82
81	55	4	82
81	98	4	82
81	141	4	82
81	184	4	82
188	12	4	82
188	55	4	82
188	98	4	82
188	141	4	82
188	184	4	82
295	12	4	82
295	55	4	82
295	98	4	82
295	141	4	82
295	184	4	82
402	12	4	82
402	55	4	82
402	98	4	82
402	141	4	82
402	184	4	82
509	12	4	82
509	55	4	82
509	98	4	82
509	141	4	82
509	184	4	82
82	7	4	83
82	50	4	83
82	93	4	83
82	136	4	83
82	179	4	83
189	7	4	83
189	50	4	83
189	93	4	83
189	136	4	83
189	179	4	83
296	7	4	83
296	50	4	83
296	93	4	83
296	136	4	83
296	179	4	83
403	7	4	83
403	50	4	83
403	93	4	83
403	136	4	83
403	179	4	83
510	7	4	83
510	50	4	83
510	93	4	83
510	136	4	83
510	179	4	83
83	15	4	84
83	58	4	84
83	101	4	84
83	144	4	84
83	187	4	84
190	15	4	84
190	58	4	84
190	101	4	84
190	144	4	84
190	187	4	84
297	15	4	84
297	58	4	84
297	101	4	84
297	144	4	84
297	187	4	84
404	15	4	84
404	58	4	84
404	101	4	84
404	144	4	84
404	187	4	84
511	15	4	84
511	58	4	84
511	101	4	84
511	144	4	84
511	187	4	84
84	2	4	85
84	45	4	85
84	88	4	85
84	131	4	85
84	174	4	85
191	2	4	85
191	45	4	85
191	88	4	85
191	131	4	85
191	174	4	85
298	2	4	85
298	45	4	85
298	88	4	85
298	131	4	85
298	174	4	85
405	2	4	85
405	45	4	85
405	88	4	85
405	131	4	85
405	174	4	85
512	2	4	85
512	45	4	85
512	88	4	85
512	131	4	85
512	174	4	85
85	16	4	86
85	59	4	86
85	102	4	86
85	145	4	86
85	188	4	86
192	16	4	86
192	59	4	86
192	102	4	86
192	145	4	86
192	188	4	86
299	16	4	86
299	59	4	86
299	102	4	86
299	145	4	86
299	188	4	86
406	16	4	86
406	59	4	86
406	102	4	86
406	145	4	86
406	188	4	86
513	16	4	86
513	59	4	86
513	102	4	86
513	145	4	86
513	188	4	86
86	1	4	87
86	44	4	87
86	87	4	87
86	130	4	87
86	173	4	87
86	31	4	87
86	74	4	87
86	117	4	87
86	160	4	87
86	203	4	87
193	1	4	87
193	44	4	87
193	87	4	87
193	130	4	87
193	173	4	87
193	31	4	87
193	74	4	87
193	117	4	87
193	160	4	87
193	203	4	87
300	1	4	87
300	44	4	87
300	87	4	87
300	130	4	87
300	173	4	87
300	31	4	87
300	74	4	87
300	117	4	87
300	160	4	87
300	203	4	87
407	1	4	87
407	44	4	87
407	87	4	87
407	130	4	87
407	173	4	87
407	31	4	87
407	74	4	87
407	117	4	87
407	160	4	87
407	203	4	87
514	1	4	87
514	44	4	87
514	87	4	87
514	130	4	87
514	173	4	87
514	31	4	87
514	74	4	87
514	117	4	87
514	160	4	87
514	203	4	87
87	15	4	88
87	58	4	88
87	101	4	88
87	144	4	88
87	187	4	88
194	15	4	88
194	58	4	88
194	101	4	88
194	144	4	88
194	187	4	88
301	15	4	88
301	58	4	88
301	101	4	88
301	144	4	88
301	187	4	88
408	15	4	88
408	58	4	88
408	101	4	88
408	144	4	88
408	187	4	88
515	15	4	88
515	58	4	88
515	101	4	88
515	144	4	88
515	187	4	88
88	1	4	89
88	44	4	89
88	87	4	89
88	130	4	89
88	173	4	89
88	5	4	89
88	48	4	89
88	91	4	89
88	134	4	89
88	177	4	89
195	1	4	89
195	44	4	89
195	87	4	89
195	130	4	89
195	173	4	89
195	5	4	89
195	48	4	89
195	91	4	89
195	134	4	89
195	177	4	89
302	1	4	89
302	44	4	89
302	87	4	89
302	130	4	89
302	173	4	89
302	5	4	89
302	48	4	89
302	91	4	89
302	134	4	89
302	177	4	89
409	1	4	89
409	44	4	89
409	87	4	89
409	130	4	89
409	173	4	89
409	5	4	89
409	48	4	89
409	91	4	89
409	134	4	89
409	177	4	89
516	1	4	89
516	44	4	89
516	87	4	89
516	130	4	89
516	173	4	89
516	5	4	89
516	48	4	89
516	91	4	89
516	134	4	89
516	177	4	89
89	40	4	90
89	83	4	90
89	126	4	90
89	169	4	90
89	212	4	90
196	40	4	90
196	83	4	90
196	126	4	90
196	169	4	90
196	212	4	90
303	40	4	90
303	83	4	90
303	126	4	90
303	169	4	90
303	212	4	90
410	40	4	90
410	83	4	90
410	126	4	90
410	169	4	90
410	212	4	90
517	40	4	90
517	83	4	90
517	126	4	90
517	169	4	90
517	212	4	90
90	1	4	91
90	44	4	91
90	87	4	91
90	130	4	91
90	173	4	91
90	5	4	91
90	48	4	91
90	91	4	91
90	134	4	91
90	177	4	91
90	31	4	91
90	74	4	91
90	117	4	91
90	160	4	91
90	203	4	91
197	1	4	91
197	44	4	91
197	87	4	91
197	130	4	91
197	173	4	91
197	5	4	91
197	48	4	91
197	91	4	91
197	134	4	91
197	177	4	91
197	31	4	91
197	74	4	91
197	117	4	91
197	160	4	91
197	203	4	91
304	1	4	91
304	44	4	91
304	87	4	91
304	130	4	91
304	173	4	91
304	5	4	91
304	48	4	91
304	91	4	91
304	134	4	91
304	177	4	91
304	31	4	91
304	74	4	91
304	117	4	91
304	160	4	91
304	203	4	91
411	1	4	91
411	44	4	91
411	87	4	91
411	130	4	91
411	173	4	91
411	5	4	91
411	48	4	91
411	91	4	91
411	134	4	91
411	177	4	91
411	31	4	91
411	74	4	91
411	117	4	91
411	160	4	91
411	203	4	91
518	1	4	91
518	44	4	91
518	87	4	91
518	130	4	91
518	173	4	91
518	5	4	91
518	48	4	91
518	91	4	91
518	134	4	91
518	177	4	91
518	31	4	91
518	74	4	91
518	117	4	91
518	160	4	91
518	203	4	91
91	27	4	92
91	70	4	92
91	113	4	92
91	156	4	92
91	199	4	92
198	27	4	92
198	70	4	92
198	113	4	92
198	156	4	92
198	199	4	92
305	27	4	92
305	70	4	92
305	113	4	92
305	156	4	92
305	199	4	92
412	27	4	92
412	70	4	92
412	113	4	92
412	156	4	92
412	199	4	92
519	27	4	92
519	70	4	92
519	113	4	92
519	156	4	92
519	199	4	92
92	5	4	93
92	48	4	93
92	91	4	93
92	134	4	93
92	177	4	93
92	9	4	93
92	52	4	93
92	95	4	93
92	138	4	93
92	181	4	93
199	5	4	93
199	48	4	93
199	91	4	93
199	134	4	93
199	177	4	93
199	9	4	93
199	52	4	93
199	95	4	93
199	138	4	93
199	181	4	93
306	5	4	93
306	48	4	93
306	91	4	93
306	134	4	93
306	177	4	93
306	9	4	93
306	52	4	93
306	95	4	93
306	138	4	93
306	181	4	93
413	5	4	93
413	48	4	93
413	91	4	93
413	134	4	93
413	177	4	93
413	9	4	93
413	52	4	93
413	95	4	93
413	138	4	93
413	181	4	93
520	5	4	93
520	48	4	93
520	91	4	93
520	134	4	93
520	177	4	93
520	9	4	93
520	52	4	93
520	95	4	93
520	138	4	93
520	181	4	93
93	5	4	94
93	48	4	94
93	91	4	94
93	134	4	94
93	177	4	94
200	5	4	94
200	48	4	94
200	91	4	94
200	134	4	94
200	177	4	94
307	5	4	94
307	48	4	94
307	91	4	94
307	134	4	94
307	177	4	94
414	5	4	94
414	48	4	94
414	91	4	94
414	134	4	94
414	177	4	94
521	5	4	94
521	48	4	94
521	91	4	94
521	134	4	94
521	177	4	94
94	37	4	95
94	80	4	95
94	123	4	95
94	166	4	95
94	209	4	95
201	37	4	95
201	80	4	95
201	123	4	95
201	166	4	95
201	209	4	95
308	37	4	95
308	80	4	95
308	123	4	95
308	166	4	95
308	209	4	95
415	37	4	95
415	80	4	95
415	123	4	95
415	166	4	95
415	209	4	95
522	37	4	95
522	80	4	95
522	123	4	95
522	166	4	95
522	209	4	95
95	23	4	96
95	66	4	96
95	109	4	96
95	152	4	96
95	195	4	96
202	23	4	96
202	66	4	96
202	109	4	96
202	152	4	96
202	195	4	96
309	23	4	96
309	66	4	96
309	109	4	96
309	152	4	96
309	195	4	96
416	23	4	96
416	66	4	96
416	109	4	96
416	152	4	96
416	195	4	96
523	23	4	96
523	66	4	96
523	109	4	96
523	152	4	96
523	195	4	96
96	28	4	97
96	71	4	97
96	114	4	97
96	157	4	97
96	200	4	97
203	28	4	97
203	71	4	97
203	114	4	97
203	157	4	97
203	200	4	97
310	28	4	97
310	71	4	97
310	114	4	97
310	157	4	97
310	200	4	97
417	28	4	97
417	71	4	97
417	114	4	97
417	157	4	97
417	200	4	97
524	28	4	97
524	71	4	97
524	114	4	97
524	157	4	97
524	200	4	97
97	28	4	98
97	71	4	98
97	114	4	98
97	157	4	98
97	200	4	98
204	28	4	98
204	71	4	98
204	114	4	98
204	157	4	98
204	200	4	98
311	28	4	98
311	71	4	98
311	114	4	98
311	157	4	98
311	200	4	98
418	28	4	98
418	71	4	98
418	114	4	98
418	157	4	98
418	200	4	98
525	28	4	98
525	71	4	98
525	114	4	98
525	157	4	98
525	200	4	98
98	33	4	99
98	76	4	99
98	119	4	99
98	162	4	99
98	205	4	99
205	33	4	99
205	76	4	99
205	119	4	99
205	162	4	99
205	205	4	99
312	33	4	99
312	76	4	99
312	119	4	99
312	162	4	99
312	205	4	99
419	33	4	99
419	76	4	99
419	119	4	99
419	162	4	99
419	205	4	99
526	33	4	99
526	76	4	99
526	119	4	99
526	162	4	99
526	205	4	99
99	28	4	100
99	71	4	100
99	114	4	100
99	157	4	100
99	200	4	100
206	28	4	100
206	71	4	100
206	114	4	100
206	157	4	100
206	200	4	100
313	28	4	100
313	71	4	100
313	114	4	100
313	157	4	100
313	200	4	100
420	28	4	100
420	71	4	100
420	114	4	100
420	157	4	100
420	200	4	100
527	28	4	100
527	71	4	100
527	114	4	100
527	157	4	100
527	200	4	100
100	16	4	101
100	59	4	101
100	102	4	101
100	145	4	101
100	188	4	101
207	16	4	101
207	59	4	101
207	102	4	101
207	145	4	101
207	188	4	101
314	16	4	101
314	59	4	101
314	102	4	101
314	145	4	101
314	188	4	101
421	16	4	101
421	59	4	101
421	102	4	101
421	145	4	101
421	188	4	101
528	16	4	101
528	59	4	101
528	102	4	101
528	145	4	101
528	188	4	101
101	29	4	102
101	72	4	102
101	115	4	102
101	158	4	102
101	201	4	102
208	29	4	102
208	72	4	102
208	115	4	102
208	158	4	102
208	201	4	102
315	29	4	102
315	72	4	102
315	115	4	102
315	158	4	102
315	201	4	102
422	29	4	102
422	72	4	102
422	115	4	102
422	158	4	102
422	201	4	102
529	29	4	102
529	72	4	102
529	115	4	102
529	158	4	102
529	201	4	102
102	28	4	103
102	71	4	103
102	114	4	103
102	157	4	103
102	200	4	103
209	28	4	103
209	71	4	103
209	114	4	103
209	157	4	103
209	200	4	103
316	28	4	103
316	71	4	103
316	114	4	103
316	157	4	103
316	200	4	103
423	28	4	103
423	71	4	103
423	114	4	103
423	157	4	103
423	200	4	103
530	28	4	103
530	71	4	103
530	114	4	103
530	157	4	103
530	200	4	103
103	1	4	104
103	44	4	104
103	87	4	104
103	130	4	104
103	173	4	104
210	1	4	104
210	44	4	104
210	87	4	104
210	130	4	104
210	173	4	104
317	1	4	104
317	44	4	104
317	87	4	104
317	130	4	104
317	173	4	104
424	1	4	104
424	44	4	104
424	87	4	104
424	130	4	104
424	173	4	104
531	1	4	104
531	44	4	104
531	87	4	104
531	130	4	104
531	173	4	104
104	29	4	105
104	72	4	105
104	115	4	105
104	158	4	105
104	201	4	105
104	42	4	105
104	85	4	105
104	128	4	105
104	171	4	105
104	214	4	105
211	29	4	105
211	72	4	105
211	115	4	105
211	158	4	105
211	201	4	105
211	42	4	105
211	85	4	105
211	128	4	105
211	171	4	105
211	214	4	105
318	29	4	105
318	72	4	105
318	115	4	105
318	158	4	105
318	201	4	105
318	42	4	105
318	85	4	105
318	128	4	105
318	171	4	105
318	214	4	105
425	29	4	105
425	72	4	105
425	115	4	105
425	158	4	105
425	201	4	105
425	42	4	105
425	85	4	105
425	128	4	105
425	171	4	105
425	214	4	105
532	29	4	105
532	72	4	105
532	115	4	105
532	158	4	105
532	201	4	105
532	42	4	105
532	85	4	105
532	128	4	105
532	171	4	105
532	214	4	105
105	1	4	106
105	44	4	106
105	87	4	106
105	130	4	106
105	173	4	106
212	1	4	106
212	44	4	106
212	87	4	106
212	130	4	106
212	173	4	106
319	1	4	106
319	44	4	106
319	87	4	106
319	130	4	106
319	173	4	106
426	1	4	106
426	44	4	106
426	87	4	106
426	130	4	106
426	173	4	106
533	1	4	106
533	44	4	106
533	87	4	106
533	130	4	106
533	173	4	106
106	1	4	107
106	44	4	107
106	87	4	107
106	130	4	107
106	173	4	107
106	11	4	107
106	54	4	107
106	97	4	107
106	140	4	107
106	183	4	107
213	1	4	107
213	44	4	107
213	87	4	107
213	130	4	107
213	173	4	107
213	11	4	107
213	54	4	107
213	97	4	107
213	140	4	107
213	183	4	107
320	1	4	107
320	44	4	107
320	87	4	107
320	130	4	107
320	173	4	107
320	11	4	107
320	54	4	107
320	97	4	107
320	140	4	107
320	183	4	107
427	1	4	107
427	44	4	107
427	87	4	107
427	130	4	107
427	173	4	107
427	11	4	107
427	54	4	107
427	97	4	107
427	140	4	107
427	183	4	107
534	1	4	107
534	44	4	107
534	87	4	107
534	130	4	107
534	173	4	107
534	11	4	107
534	54	4	107
534	97	4	107
534	140	4	107
534	183	4	107
107	1	4	108
107	44	4	108
107	87	4	108
107	130	4	108
107	173	4	108
214	1	4	108
214	44	4	108
214	87	4	108
214	130	4	108
214	173	4	108
321	1	4	108
321	44	4	108
321	87	4	108
321	130	4	108
321	173	4	108
428	1	4	108
428	44	4	108
428	87	4	108
428	130	4	108
428	173	4	108
535	1	4	108
535	44	4	108
535	87	4	108
535	130	4	108
535	173	4	108
\.


--
-- Data for Name: temp_fact_table; Type: TABLE DATA; Schema: public; Owner: postgres
--

COPY public.temp_fact_table (game_key, genre_key, date_key, rank) FROM stdin;
1	26	4	1
1	69	4	1
1	112	4	1
1	155	4	1
1	198	4	1
108	26	4	1
108	69	4	1
108	112	4	1
108	155	4	1
108	198	4	1
215	26	4	1
215	69	4	1
215	112	4	1
215	155	4	1
215	198	4	1
322	26	4	1
322	69	4	1
322	112	4	1
322	155	4	1
322	198	4	1
429	26	4	1
429	69	4	1
429	112	4	1
429	155	4	1
429	198	4	1
2	1	4	2
2	44	4	2
2	87	4	2
2	130	4	2
2	173	4	2
2	21	4	2
2	64	4	2
2	107	4	2
2	150	4	2
2	193	4	2
109	1	4	2
109	44	4	2
109	87	4	2
109	130	4	2
109	173	4	2
109	21	4	2
109	64	4	2
109	107	4	2
109	150	4	2
109	193	4	2
216	1	4	2
216	44	4	2
216	87	4	2
216	130	4	2
216	173	4	2
216	21	4	2
216	64	4	2
216	107	4	2
216	150	4	2
216	193	4	2
323	1	4	2
323	44	4	2
323	87	4	2
323	130	4	2
323	173	4	2
323	21	4	2
323	64	4	2
323	107	4	2
323	150	4	2
323	193	4	2
430	1	4	2
430	44	4	2
430	87	4	2
430	130	4	2
430	173	4	2
430	21	4	2
430	64	4	2
430	107	4	2
430	150	4	2
430	193	4	2
3	28	4	3
3	71	4	3
3	114	4	3
3	157	4	3
3	200	4	3
110	28	4	3
110	71	4	3
110	114	4	3
110	157	4	3
110	200	4	3
217	28	4	3
217	71	4	3
217	114	4	3
217	157	4	3
217	200	4	3
324	28	4	3
324	71	4	3
324	114	4	3
324	157	4	3
324	200	4	3
431	28	4	3
431	71	4	3
431	114	4	3
431	157	4	3
431	200	4	3
4	26	4	4
4	69	4	4
4	112	4	4
4	155	4	4
4	198	4	4
111	26	4	4
111	69	4	4
111	112	4	4
111	155	4	4
111	198	4	4
218	26	4	4
218	69	4	4
218	112	4	4
218	155	4	4
218	198	4	4
325	26	4	4
325	69	4	4
325	112	4	4
325	155	4	4
325	198	4	4
432	26	4	4
432	69	4	4
432	112	4	4
432	155	4	4
432	198	4	4
5	1	4	5
5	44	4	5
5	87	4	5
5	130	4	5
5	173	4	5
112	1	4	5
112	44	4	5
112	87	4	5
112	130	4	5
112	173	4	5
219	1	4	5
219	44	4	5
219	87	4	5
219	130	4	5
219	173	4	5
326	1	4	5
326	44	4	5
326	87	4	5
326	130	4	5
326	173	4	5
433	1	4	5
433	44	4	5
433	87	4	5
433	130	4	5
433	173	4	5
6	1	4	6
6	44	4	6
6	87	4	6
6	130	4	6
6	173	4	6
6	5	4	6
6	48	4	6
6	91	4	6
6	134	4	6
6	177	4	6
113	1	4	6
113	44	4	6
113	87	4	6
113	130	4	6
113	173	4	6
113	5	4	6
113	48	4	6
113	91	4	6
113	134	4	6
113	177	4	6
220	1	4	6
220	44	4	6
220	87	4	6
220	130	4	6
220	173	4	6
220	5	4	6
220	48	4	6
220	91	4	6
220	134	4	6
220	177	4	6
327	1	4	6
327	44	4	6
327	87	4	6
327	130	4	6
327	173	4	6
327	5	4	6
327	48	4	6
327	91	4	6
327	134	4	6
327	177	4	6
434	1	4	6
434	44	4	6
434	87	4	6
434	130	4	6
434	173	4	6
434	5	4	6
434	48	4	6
434	91	4	6
434	134	4	6
434	177	4	6
7	1	4	7
7	44	4	7
7	87	4	7
7	130	4	7
7	173	4	7
114	1	4	7
114	44	4	7
114	87	4	7
114	130	4	7
114	173	4	7
221	1	4	7
221	44	4	7
221	87	4	7
221	130	4	7
221	173	4	7
328	1	4	7
328	44	4	7
328	87	4	7
328	130	4	7
328	173	4	7
435	1	4	7
435	44	4	7
435	87	4	7
435	130	4	7
435	173	4	7
8	1	4	8
8	44	4	8
8	87	4	8
8	130	4	8
8	173	4	8
115	1	4	8
115	44	4	8
115	87	4	8
115	130	4	8
115	173	4	8
222	1	4	8
222	44	4	8
222	87	4	8
222	130	4	8
222	173	4	8
329	1	4	8
329	44	4	8
329	87	4	8
329	130	4	8
329	173	4	8
436	1	4	8
436	44	4	8
436	87	4	8
436	130	4	8
436	173	4	8
9	3	4	9
9	46	4	9
9	89	4	9
9	132	4	9
9	175	4	9
116	3	4	9
116	46	4	9
116	89	4	9
116	132	4	9
116	175	4	9
223	3	4	9
223	46	4	9
223	89	4	9
223	132	4	9
223	175	4	9
330	3	4	9
330	46	4	9
330	89	4	9
330	132	4	9
330	175	4	9
437	3	4	9
437	46	4	9
437	89	4	9
437	132	4	9
437	175	4	9
10	28	4	10
10	71	4	10
10	114	4	10
10	157	4	10
10	200	4	10
117	28	4	10
117	71	4	10
117	114	4	10
117	157	4	10
117	200	4	10
224	28	4	10
224	71	4	10
224	114	4	10
224	157	4	10
224	200	4	10
331	28	4	10
331	71	4	10
331	114	4	10
331	157	4	10
331	200	4	10
438	28	4	10
438	71	4	10
438	114	4	10
438	157	4	10
438	200	4	10
11	10	4	11
11	53	4	11
11	96	4	11
11	139	4	11
11	182	4	11
11	17	4	11
11	60	4	11
11	103	4	11
11	146	4	11
11	189	4	11
118	10	4	11
118	53	4	11
118	96	4	11
118	139	4	11
118	182	4	11
118	17	4	11
118	60	4	11
118	103	4	11
118	146	4	11
118	189	4	11
225	10	4	11
225	53	4	11
225	96	4	11
225	139	4	11
225	182	4	11
225	17	4	11
225	60	4	11
225	103	4	11
225	146	4	11
225	189	4	11
332	10	4	11
332	53	4	11
332	96	4	11
332	139	4	11
332	182	4	11
332	17	4	11
332	60	4	11
332	103	4	11
332	146	4	11
332	189	4	11
439	10	4	11
439	53	4	11
439	96	4	11
439	139	4	11
439	182	4	11
439	17	4	11
439	60	4	11
439	103	4	11
439	146	4	11
439	189	4	11
12	12	4	12
12	55	4	12
12	98	4	12
12	141	4	12
12	184	4	12
119	12	4	12
119	55	4	12
119	98	4	12
119	141	4	12
119	184	4	12
226	12	4	12
226	55	4	12
226	98	4	12
226	141	4	12
226	184	4	12
333	12	4	12
333	55	4	12
333	98	4	12
333	141	4	12
333	184	4	12
440	12	4	12
440	55	4	12
440	98	4	12
440	141	4	12
440	184	4	12
13	1	4	13
13	44	4	13
13	87	4	13
13	130	4	13
13	173	4	13
120	1	4	13
120	44	4	13
120	87	4	13
120	130	4	13
120	173	4	13
227	1	4	13
227	44	4	13
227	87	4	13
227	130	4	13
227	173	4	13
334	1	4	13
334	44	4	13
334	87	4	13
334	130	4	13
334	173	4	13
441	1	4	13
441	44	4	13
441	87	4	13
441	130	4	13
441	173	4	13
14	21	4	14
14	64	4	14
14	107	4	14
14	150	4	14
14	193	4	14
121	21	4	14
121	64	4	14
121	107	4	14
121	150	4	14
121	193	4	14
228	21	4	14
228	64	4	14
228	107	4	14
228	150	4	14
228	193	4	14
335	21	4	14
335	64	4	14
335	107	4	14
335	150	4	14
335	193	4	14
442	21	4	14
442	64	4	14
442	107	4	14
442	150	4	14
442	193	4	14
15	1	4	15
15	44	4	15
15	87	4	15
15	130	4	15
15	173	4	15
122	1	4	15
122	44	4	15
122	87	4	15
122	130	4	15
122	173	4	15
229	1	4	15
229	44	4	15
229	87	4	15
229	130	4	15
229	173	4	15
336	1	4	15
336	44	4	15
336	87	4	15
336	130	4	15
336	173	4	15
443	1	4	15
443	44	4	15
443	87	4	15
443	130	4	15
443	173	4	15
16	1	4	44
16	44	4	44
16	87	4	44
16	130	4	44
16	173	4	44
123	1	4	44
123	44	4	44
123	87	4	44
123	130	4	44
123	173	4	44
230	1	4	44
230	44	4	44
230	87	4	44
230	130	4	44
230	173	4	44
337	1	4	44
337	44	4	44
337	87	4	44
337	130	4	44
337	173	4	44
444	1	4	44
444	44	4	44
444	87	4	44
444	130	4	44
444	173	4	44
17	12	4	17
17	55	4	17
17	98	4	17
17	141	4	17
17	184	4	17
124	12	4	17
124	55	4	17
124	98	4	17
124	141	4	17
124	184	4	17
231	12	4	17
231	55	4	17
231	98	4	17
231	141	4	17
231	184	4	17
338	12	4	17
338	55	4	17
338	98	4	17
338	141	4	17
338	184	4	17
445	12	4	17
445	55	4	17
445	98	4	17
445	141	4	17
445	184	4	17
18	12	4	18
18	55	4	18
18	98	4	18
18	141	4	18
18	184	4	18
125	12	4	18
125	55	4	18
125	98	4	18
125	141	4	18
125	184	4	18
232	12	4	18
232	55	4	18
232	98	4	18
232	141	4	18
232	184	4	18
339	12	4	18
339	55	4	18
339	98	4	18
339	141	4	18
339	184	4	18
446	12	4	18
446	55	4	18
446	98	4	18
446	141	4	18
446	184	4	18
19	12	4	19
19	55	4	19
19	98	4	19
19	141	4	19
19	184	4	19
19	29	4	19
19	72	4	19
19	115	4	19
19	158	4	19
19	201	4	19
126	12	4	19
126	55	4	19
126	98	4	19
126	141	4	19
126	184	4	19
126	29	4	19
126	72	4	19
126	115	4	19
126	158	4	19
126	201	4	19
233	12	4	19
233	55	4	19
233	98	4	19
233	141	4	19
233	184	4	19
233	29	4	19
233	72	4	19
233	115	4	19
233	158	4	19
233	201	4	19
340	12	4	19
340	55	4	19
340	98	4	19
340	141	4	19
340	184	4	19
340	29	4	19
340	72	4	19
340	115	4	19
340	158	4	19
340	201	4	19
447	12	4	19
447	55	4	19
447	98	4	19
447	141	4	19
447	184	4	19
447	29	4	19
447	72	4	19
447	115	4	19
447	158	4	19
447	201	4	19
20	1	4	20
20	44	4	20
20	87	4	20
20	130	4	20
20	173	4	20
20	5	4	20
20	48	4	20
20	91	4	20
20	134	4	20
20	177	4	20
127	1	4	20
127	44	4	20
127	87	4	20
127	130	4	20
127	173	4	20
127	5	4	20
127	48	4	20
127	91	4	20
127	134	4	20
127	177	4	20
234	1	4	20
234	44	4	20
234	87	4	20
234	130	4	20
234	173	4	20
234	5	4	20
234	48	4	20
234	91	4	20
234	134	4	20
234	177	4	20
341	1	4	20
341	44	4	20
341	87	4	20
341	130	4	20
341	173	4	20
341	5	4	20
341	48	4	20
341	91	4	20
341	134	4	20
341	177	4	20
448	1	4	20
448	44	4	20
448	87	4	20
448	130	4	20
448	173	4	20
448	5	4	20
448	48	4	20
448	91	4	20
448	134	4	20
448	177	4	20
21	1	4	21
21	44	4	21
21	87	4	21
21	130	4	21
21	173	4	21
21	28	4	21
21	71	4	21
21	114	4	21
21	157	4	21
21	200	4	21
128	1	4	21
128	44	4	21
128	87	4	21
128	130	4	21
128	173	4	21
128	28	4	21
128	71	4	21
128	114	4	21
128	157	4	21
128	200	4	21
235	1	4	21
235	44	4	21
235	87	4	21
235	130	4	21
235	173	4	21
235	28	4	21
235	71	4	21
235	114	4	21
235	157	4	21
235	200	4	21
342	1	4	21
342	44	4	21
342	87	4	21
342	130	4	21
342	173	4	21
342	28	4	21
342	71	4	21
342	114	4	21
342	157	4	21
342	200	4	21
449	1	4	21
449	44	4	21
449	87	4	21
449	130	4	21
449	173	4	21
449	28	4	21
449	71	4	21
449	114	4	21
449	157	4	21
449	200	4	21
22	29	4	22
22	72	4	22
22	115	4	22
22	158	4	22
22	201	4	22
129	29	4	22
129	72	4	22
129	115	4	22
129	158	4	22
129	201	4	22
236	29	4	22
236	72	4	22
236	115	4	22
236	158	4	22
236	201	4	22
343	29	4	22
343	72	4	22
343	115	4	22
343	158	4	22
343	201	4	22
450	29	4	22
450	72	4	22
450	115	4	22
450	158	4	22
450	201	4	22
23	5	4	23
23	48	4	23
23	91	4	23
23	134	4	23
23	177	4	23
130	5	4	23
130	48	4	23
130	91	4	23
130	134	4	23
130	177	4	23
237	5	4	23
237	48	4	23
237	91	4	23
237	134	4	23
237	177	4	23
344	5	4	23
344	48	4	23
344	91	4	23
344	134	4	23
344	177	4	23
451	5	4	23
451	48	4	23
451	91	4	23
451	134	4	23
451	177	4	23
24	26	4	24
24	69	4	24
24	112	4	24
24	155	4	24
24	198	4	24
131	26	4	24
131	69	4	24
131	112	4	24
131	155	4	24
131	198	4	24
238	26	4	24
238	69	4	24
238	112	4	24
238	155	4	24
238	198	4	24
345	26	4	24
345	69	4	24
345	112	4	24
345	155	4	24
345	198	4	24
452	26	4	24
452	69	4	24
452	112	4	24
452	155	4	24
452	198	4	24
25	41	4	25
25	84	4	25
25	127	4	25
25	170	4	25
25	213	4	25
132	41	4	25
132	84	4	25
132	127	4	25
132	170	4	25
132	213	4	25
239	41	4	25
239	84	4	25
239	127	4	25
239	170	4	25
239	213	4	25
346	41	4	25
346	84	4	25
346	127	4	25
346	170	4	25
346	213	4	25
453	41	4	25
453	84	4	25
453	127	4	25
453	170	4	25
453	213	4	25
26	33	4	26
26	76	4	26
26	119	4	26
26	162	4	26
26	205	4	26
133	33	4	26
133	76	4	26
133	119	4	26
133	162	4	26
133	205	4	26
240	33	4	26
240	76	4	26
240	119	4	26
240	162	4	26
240	205	4	26
347	33	4	26
347	76	4	26
347	119	4	26
347	162	4	26
347	205	4	26
454	33	4	26
454	76	4	26
454	119	4	26
454	162	4	26
454	205	4	26
27	28	4	27
27	71	4	27
27	114	4	27
27	157	4	27
27	200	4	27
134	28	4	27
134	71	4	27
134	114	4	27
134	157	4	27
134	200	4	27
241	28	4	27
241	71	4	27
241	114	4	27
241	157	4	27
241	200	4	27
348	28	4	27
348	71	4	27
348	114	4	27
348	157	4	27
348	200	4	27
455	28	4	27
455	71	4	27
455	114	4	27
455	157	4	27
455	200	4	27
28	15	4	28
28	58	4	28
28	101	4	28
28	144	4	28
28	187	4	28
135	15	4	28
135	58	4	28
135	101	4	28
135	144	4	28
135	187	4	28
242	15	4	28
242	58	4	28
242	101	4	28
242	144	4	28
242	187	4	28
349	15	4	28
349	58	4	28
349	101	4	28
349	144	4	28
349	187	4	28
456	15	4	28
456	58	4	28
456	101	4	28
456	144	4	28
456	187	4	28
29	19	4	29
29	62	4	29
29	105	4	29
29	148	4	29
29	191	4	29
29	35	4	29
29	78	4	29
29	121	4	29
29	164	4	29
29	207	4	29
136	19	4	29
136	62	4	29
136	105	4	29
136	148	4	29
136	191	4	29
136	35	4	29
136	78	4	29
136	121	4	29
136	164	4	29
136	207	4	29
243	19	4	29
243	62	4	29
243	105	4	29
243	148	4	29
243	191	4	29
243	35	4	29
243	78	4	29
243	121	4	29
243	164	4	29
243	207	4	29
350	19	4	29
350	62	4	29
350	105	4	29
350	148	4	29
350	191	4	29
350	35	4	29
350	78	4	29
350	121	4	29
350	164	4	29
350	207	4	29
457	19	4	29
457	62	4	29
457	105	4	29
457	148	4	29
457	191	4	29
457	35	4	29
457	78	4	29
457	121	4	29
457	164	4	29
457	207	4	29
30	28	4	30
30	71	4	30
30	114	4	30
30	157	4	30
30	200	4	30
30	39	4	30
30	82	4	30
30	125	4	30
30	168	4	30
30	211	4	30
137	28	4	30
137	71	4	30
137	114	4	30
137	157	4	30
137	200	4	30
137	39	4	30
137	82	4	30
137	125	4	30
137	168	4	30
137	211	4	30
244	28	4	30
244	71	4	30
244	114	4	30
244	157	4	30
244	200	4	30
244	39	4	30
244	82	4	30
244	125	4	30
244	168	4	30
244	211	4	30
351	28	4	30
351	71	4	30
351	114	4	30
351	157	4	30
351	200	4	30
351	39	4	30
351	82	4	30
351	125	4	30
351	168	4	30
351	211	4	30
458	28	4	30
458	71	4	30
458	114	4	30
458	157	4	30
458	200	4	30
458	39	4	30
458	82	4	30
458	125	4	30
458	168	4	30
458	211	4	30
31	15	4	31
31	58	4	31
31	101	4	31
31	144	4	31
31	187	4	31
138	15	4	31
138	58	4	31
138	101	4	31
138	144	4	31
138	187	4	31
245	15	4	31
245	58	4	31
245	101	4	31
245	144	4	31
245	187	4	31
352	15	4	31
352	58	4	31
352	101	4	31
352	144	4	31
352	187	4	31
459	15	4	31
459	58	4	31
459	101	4	31
459	144	4	31
459	187	4	31
32	29	4	32
32	72	4	32
32	115	4	32
32	158	4	32
32	201	4	32
139	29	4	32
139	72	4	32
139	115	4	32
139	158	4	32
139	201	4	32
246	29	4	32
246	72	4	32
246	115	4	32
246	158	4	32
246	201	4	32
353	29	4	32
353	72	4	32
353	115	4	32
353	158	4	32
353	201	4	32
460	29	4	32
460	72	4	32
460	115	4	32
460	158	4	32
460	201	4	32
33	34	4	33
33	77	4	33
33	120	4	33
33	163	4	33
33	206	4	33
33	35	4	33
33	78	4	33
33	121	4	33
33	164	4	33
33	207	4	33
140	34	4	33
140	77	4	33
140	120	4	33
140	163	4	33
140	206	4	33
140	35	4	33
140	78	4	33
140	121	4	33
140	164	4	33
140	207	4	33
247	34	4	33
247	77	4	33
247	120	4	33
247	163	4	33
247	206	4	33
247	35	4	33
247	78	4	33
247	121	4	33
247	164	4	33
247	207	4	33
354	34	4	33
354	77	4	33
354	120	4	33
354	163	4	33
354	206	4	33
354	35	4	33
354	78	4	33
354	121	4	33
354	164	4	33
354	207	4	33
461	34	4	33
461	77	4	33
461	120	4	33
461	163	4	33
461	206	4	33
461	35	4	33
461	78	4	33
461	121	4	33
461	164	4	33
461	207	4	33
34	21	4	34
34	64	4	34
34	107	4	34
34	150	4	34
34	193	4	34
141	21	4	34
141	64	4	34
141	107	4	34
141	150	4	34
141	193	4	34
248	21	4	34
248	64	4	34
248	107	4	34
248	150	4	34
248	193	4	34
355	21	4	34
355	64	4	34
355	107	4	34
355	150	4	34
355	193	4	34
462	21	4	34
462	64	4	34
462	107	4	34
462	150	4	34
462	193	4	34
35	1	4	35
35	44	4	35
35	87	4	35
35	130	4	35
35	173	4	35
142	1	4	35
142	44	4	35
142	87	4	35
142	130	4	35
142	173	4	35
249	1	4	35
249	44	4	35
249	87	4	35
249	130	4	35
249	173	4	35
356	1	4	35
356	44	4	35
356	87	4	35
356	130	4	35
356	173	4	35
463	1	4	35
463	44	4	35
463	87	4	35
463	130	4	35
463	173	4	35
36	33	4	36
36	76	4	36
36	119	4	36
36	162	4	36
36	205	4	36
143	33	4	36
143	76	4	36
143	119	4	36
143	162	4	36
143	205	4	36
250	33	4	36
250	76	4	36
250	119	4	36
250	162	4	36
250	205	4	36
357	33	4	36
357	76	4	36
357	119	4	36
357	162	4	36
357	205	4	36
464	33	4	36
464	76	4	36
464	119	4	36
464	162	4	36
464	205	4	36
37	35	4	37
37	78	4	37
37	121	4	37
37	164	4	37
37	207	4	37
144	35	4	37
144	78	4	37
144	121	4	37
144	164	4	37
144	207	4	37
251	35	4	37
251	78	4	37
251	121	4	37
251	164	4	37
251	207	4	37
358	35	4	37
358	78	4	37
358	121	4	37
358	164	4	37
358	207	4	37
465	35	4	37
465	78	4	37
465	121	4	37
465	164	4	37
465	207	4	37
38	1	4	38
38	44	4	38
38	87	4	38
38	130	4	38
38	173	4	38
38	25	4	38
38	68	4	38
38	111	4	38
38	154	4	38
38	197	4	38
145	1	4	38
145	44	4	38
145	87	4	38
145	130	4	38
145	173	4	38
145	25	4	38
145	68	4	38
145	111	4	38
145	154	4	38
145	197	4	38
252	1	4	38
252	44	4	38
252	87	4	38
252	130	4	38
252	173	4	38
252	25	4	38
252	68	4	38
252	111	4	38
252	154	4	38
252	197	4	38
359	1	4	38
359	44	4	38
359	87	4	38
359	130	4	38
359	173	4	38
359	25	4	38
359	68	4	38
359	111	4	38
359	154	4	38
359	197	4	38
466	1	4	38
466	44	4	38
466	87	4	38
466	130	4	38
466	173	4	38
466	25	4	38
466	68	4	38
466	111	4	38
466	154	4	38
466	197	4	38
39	8	4	39
39	51	4	39
39	94	4	39
39	137	4	39
39	180	4	39
146	8	4	39
146	51	4	39
146	94	4	39
146	137	4	39
146	180	4	39
253	8	4	39
253	51	4	39
253	94	4	39
253	137	4	39
253	180	4	39
360	8	4	39
360	51	4	39
360	94	4	39
360	137	4	39
360	180	4	39
467	8	4	39
467	51	4	39
467	94	4	39
467	137	4	39
467	180	4	39
40	26	4	40
40	69	4	40
40	112	4	40
40	155	4	40
40	198	4	40
147	26	4	40
147	69	4	40
147	112	4	40
147	155	4	40
147	198	4	40
254	26	4	40
254	69	4	40
254	112	4	40
254	155	4	40
254	198	4	40
361	26	4	40
361	69	4	40
361	112	4	40
361	155	4	40
361	198	4	40
468	26	4	40
468	69	4	40
468	112	4	40
468	155	4	40
468	198	4	40
41	1	4	41
41	44	4	41
41	87	4	41
41	130	4	41
41	173	4	41
41	5	4	41
41	48	4	41
41	91	4	41
41	134	4	41
41	177	4	41
148	1	4	41
148	44	4	41
148	87	4	41
148	130	4	41
148	173	4	41
148	5	4	41
148	48	4	41
148	91	4	41
148	134	4	41
148	177	4	41
255	1	4	41
255	44	4	41
255	87	4	41
255	130	4	41
255	173	4	41
255	5	4	41
255	48	4	41
255	91	4	41
255	134	4	41
255	177	4	41
362	1	4	41
362	44	4	41
362	87	4	41
362	130	4	41
362	173	4	41
362	5	4	41
362	48	4	41
362	91	4	41
362	134	4	41
362	177	4	41
469	1	4	41
469	44	4	41
469	87	4	41
469	130	4	41
469	173	4	41
469	5	4	41
469	48	4	41
469	91	4	41
469	134	4	41
469	177	4	41
42	28	4	42
42	71	4	42
42	114	4	42
42	157	4	42
42	200	4	42
149	28	4	42
149	71	4	42
149	114	4	42
149	157	4	42
149	200	4	42
256	28	4	42
256	71	4	42
256	114	4	42
256	157	4	42
256	200	4	42
363	28	4	42
363	71	4	42
363	114	4	42
363	157	4	42
363	200	4	42
470	28	4	42
470	71	4	42
470	114	4	42
470	157	4	42
470	200	4	42
43	28	4	43
43	71	4	43
43	114	4	43
43	157	4	43
43	200	4	43
150	28	4	43
150	71	4	43
150	114	4	43
150	157	4	43
150	200	4	43
257	28	4	43
257	71	4	43
257	114	4	43
257	157	4	43
257	200	4	43
364	28	4	43
364	71	4	43
364	114	4	43
364	157	4	43
364	200	4	43
471	28	4	43
471	71	4	43
471	114	4	43
471	157	4	43
471	200	4	43
44	20	4	45
44	63	4	45
44	106	4	45
44	149	4	45
44	192	4	45
151	20	4	45
151	63	4	45
151	106	4	45
151	149	4	45
151	192	4	45
258	20	4	45
258	63	4	45
258	106	4	45
258	149	4	45
258	192	4	45
365	20	4	45
365	63	4	45
365	106	4	45
365	149	4	45
365	192	4	45
472	20	4	45
472	63	4	45
472	106	4	45
472	149	4	45
472	192	4	45
45	1	4	46
45	44	4	46
45	87	4	46
45	130	4	46
45	173	4	46
152	1	4	46
152	44	4	46
152	87	4	46
152	130	4	46
152	173	4	46
259	1	4	46
259	44	4	46
259	87	4	46
259	130	4	46
259	173	4	46
366	1	4	46
366	44	4	46
366	87	4	46
366	130	4	46
366	173	4	46
473	1	4	46
473	44	4	46
473	87	4	46
473	130	4	46
473	173	4	46
46	12	4	47
46	55	4	47
46	98	4	47
46	141	4	47
46	184	4	47
153	12	4	47
153	55	4	47
153	98	4	47
153	141	4	47
153	184	4	47
260	12	4	47
260	55	4	47
260	98	4	47
260	141	4	47
260	184	4	47
367	12	4	47
367	55	4	47
367	98	4	47
367	141	4	47
367	184	4	47
474	12	4	47
474	55	4	47
474	98	4	47
474	141	4	47
474	184	4	47
47	1	4	48
47	44	4	48
47	87	4	48
47	130	4	48
47	173	4	48
154	1	4	48
154	44	4	48
154	87	4	48
154	130	4	48
154	173	4	48
261	1	4	48
261	44	4	48
261	87	4	48
261	130	4	48
261	173	4	48
368	1	4	48
368	44	4	48
368	87	4	48
368	130	4	48
368	173	4	48
475	1	4	48
475	44	4	48
475	87	4	48
475	130	4	48
475	173	4	48
48	33	4	49
48	76	4	49
48	119	4	49
48	162	4	49
48	205	4	49
48	41	4	49
48	84	4	49
48	127	4	49
48	170	4	49
48	213	4	49
155	33	4	49
155	76	4	49
155	119	4	49
155	162	4	49
155	205	4	49
155	41	4	49
155	84	4	49
155	127	4	49
155	170	4	49
155	213	4	49
262	33	4	49
262	76	4	49
262	119	4	49
262	162	4	49
262	205	4	49
262	41	4	49
262	84	4	49
262	127	4	49
262	170	4	49
262	213	4	49
369	33	4	49
369	76	4	49
369	119	4	49
369	162	4	49
369	205	4	49
369	41	4	49
369	84	4	49
369	127	4	49
369	170	4	49
369	213	4	49
476	33	4	49
476	76	4	49
476	119	4	49
476	162	4	49
476	205	4	49
476	41	4	49
476	84	4	49
476	127	4	49
476	170	4	49
476	213	4	49
49	12	4	50
49	55	4	50
49	98	4	50
49	141	4	50
49	184	4	50
156	12	4	50
156	55	4	50
156	98	4	50
156	141	4	50
156	184	4	50
263	12	4	50
263	55	4	50
263	98	4	50
263	141	4	50
263	184	4	50
370	12	4	50
370	55	4	50
370	98	4	50
370	141	4	50
370	184	4	50
477	12	4	50
477	55	4	50
477	98	4	50
477	141	4	50
477	184	4	50
50	13	4	51
50	56	4	51
50	99	4	51
50	142	4	51
50	185	4	51
157	13	4	51
157	56	4	51
157	99	4	51
157	142	4	51
157	185	4	51
264	13	4	51
264	56	4	51
264	99	4	51
264	142	4	51
264	185	4	51
371	13	4	51
371	56	4	51
371	99	4	51
371	142	4	51
371	185	4	51
478	13	4	51
478	56	4	51
478	99	4	51
478	142	4	51
478	185	4	51
51	36	4	52
51	79	4	52
51	122	4	52
51	165	4	52
51	208	4	52
158	36	4	52
158	79	4	52
158	122	4	52
158	165	4	52
158	208	4	52
265	36	4	52
265	79	4	52
265	122	4	52
265	165	4	52
265	208	4	52
372	36	4	52
372	79	4	52
372	122	4	52
372	165	4	52
372	208	4	52
479	36	4	52
479	79	4	52
479	122	4	52
479	165	4	52
479	208	4	52
52	1	4	53
52	44	4	53
52	87	4	53
52	130	4	53
52	173	4	53
52	28	4	53
52	71	4	53
52	114	4	53
52	157	4	53
52	200	4	53
159	1	4	53
159	44	4	53
159	87	4	53
159	130	4	53
159	173	4	53
159	28	4	53
159	71	4	53
159	114	4	53
159	157	4	53
159	200	4	53
266	1	4	53
266	44	4	53
266	87	4	53
266	130	4	53
266	173	4	53
266	28	4	53
266	71	4	53
266	114	4	53
266	157	4	53
266	200	4	53
373	1	4	53
373	44	4	53
373	87	4	53
373	130	4	53
373	173	4	53
373	28	4	53
373	71	4	53
373	114	4	53
373	157	4	53
373	200	4	53
480	1	4	53
480	44	4	53
480	87	4	53
480	130	4	53
480	173	4	53
480	28	4	53
480	71	4	53
480	114	4	53
480	157	4	53
480	200	4	53
53	1	4	54
53	44	4	54
53	87	4	54
53	130	4	54
53	173	4	54
53	5	4	54
53	48	4	54
53	91	4	54
53	134	4	54
53	177	4	54
160	1	4	54
160	44	4	54
160	87	4	54
160	130	4	54
160	173	4	54
160	5	4	54
160	48	4	54
160	91	4	54
160	134	4	54
160	177	4	54
267	1	4	54
267	44	4	54
267	87	4	54
267	130	4	54
267	173	4	54
267	5	4	54
267	48	4	54
267	91	4	54
267	134	4	54
267	177	4	54
374	1	4	54
374	44	4	54
374	87	4	54
374	130	4	54
374	173	4	54
374	5	4	54
374	48	4	54
374	91	4	54
374	134	4	54
374	177	4	54
481	1	4	54
481	44	4	54
481	87	4	54
481	130	4	54
481	173	4	54
481	5	4	54
481	48	4	54
481	91	4	54
481	134	4	54
481	177	4	54
54	39	4	55
54	82	4	55
54	125	4	55
54	168	4	55
54	211	4	55
161	39	4	55
161	82	4	55
161	125	4	55
161	168	4	55
161	211	4	55
268	39	4	55
268	82	4	55
268	125	4	55
268	168	4	55
268	211	4	55
375	39	4	55
375	82	4	55
375	125	4	55
375	168	4	55
375	211	4	55
482	39	4	55
482	82	4	55
482	125	4	55
482	168	4	55
482	211	4	55
55	18	4	56
55	61	4	56
55	104	4	56
55	147	4	56
55	190	4	56
162	18	4	56
162	61	4	56
162	104	4	56
162	147	4	56
162	190	4	56
269	18	4	56
269	61	4	56
269	104	4	56
269	147	4	56
269	190	4	56
376	18	4	56
376	61	4	56
376	104	4	56
376	147	4	56
376	190	4	56
483	18	4	56
483	61	4	56
483	104	4	56
483	147	4	56
483	190	4	56
56	43	4	57
56	86	4	57
56	129	4	57
56	172	4	57
56	215	4	57
163	43	4	57
163	86	4	57
163	129	4	57
163	172	4	57
163	215	4	57
270	43	4	57
270	86	4	57
270	129	4	57
270	172	4	57
270	215	4	57
377	43	4	57
377	86	4	57
377	129	4	57
377	172	4	57
377	215	4	57
484	43	4	57
484	86	4	57
484	129	4	57
484	172	4	57
484	215	4	57
57	1	4	58
57	44	4	58
57	87	4	58
57	130	4	58
57	173	4	58
164	1	4	58
164	44	4	58
164	87	4	58
164	130	4	58
164	173	4	58
271	1	4	58
271	44	4	58
271	87	4	58
271	130	4	58
271	173	4	58
378	1	4	58
378	44	4	58
378	87	4	58
378	130	4	58
378	173	4	58
485	1	4	58
485	44	4	58
485	87	4	58
485	130	4	58
485	173	4	58
58	4	4	59
58	47	4	59
58	90	4	59
58	133	4	59
58	176	4	59
165	4	4	59
165	47	4	59
165	90	4	59
165	133	4	59
165	176	4	59
272	4	4	59
272	47	4	59
272	90	4	59
272	133	4	59
272	176	4	59
379	4	4	59
379	47	4	59
379	90	4	59
379	133	4	59
379	176	4	59
486	4	4	59
486	47	4	59
486	90	4	59
486	133	4	59
486	176	4	59
59	12	4	60
59	55	4	60
59	98	4	60
59	141	4	60
59	184	4	60
166	12	4	60
166	55	4	60
166	98	4	60
166	141	4	60
166	184	4	60
273	12	4	60
273	55	4	60
273	98	4	60
273	141	4	60
273	184	4	60
380	12	4	60
380	55	4	60
380	98	4	60
380	141	4	60
380	184	4	60
487	12	4	60
487	55	4	60
487	98	4	60
487	141	4	60
487	184	4	60
60	6	4	61
60	49	4	61
60	92	4	61
60	135	4	61
60	178	4	61
167	6	4	61
167	49	4	61
167	92	4	61
167	135	4	61
167	178	4	61
274	6	4	61
274	49	4	61
274	92	4	61
274	135	4	61
274	178	4	61
381	6	4	61
381	49	4	61
381	92	4	61
381	135	4	61
381	178	4	61
488	6	4	61
488	49	4	61
488	92	4	61
488	135	4	61
488	178	4	61
61	28	4	62
61	71	4	62
61	114	4	62
61	157	4	62
61	200	4	62
168	28	4	62
168	71	4	62
168	114	4	62
168	157	4	62
168	200	4	62
275	28	4	62
275	71	4	62
275	114	4	62
275	157	4	62
275	200	4	62
382	28	4	62
382	71	4	62
382	114	4	62
382	157	4	62
382	200	4	62
489	28	4	62
489	71	4	62
489	114	4	62
489	157	4	62
489	200	4	62
62	28	4	63
62	71	4	63
62	114	4	63
62	157	4	63
62	200	4	63
169	28	4	63
169	71	4	63
169	114	4	63
169	157	4	63
169	200	4	63
276	28	4	63
276	71	4	63
276	114	4	63
276	157	4	63
276	200	4	63
383	28	4	63
383	71	4	63
383	114	4	63
383	157	4	63
383	200	4	63
490	28	4	63
490	71	4	63
490	114	4	63
490	157	4	63
490	200	4	63
63	1	4	64
63	44	4	64
63	87	4	64
63	130	4	64
63	173	4	64
63	5	4	64
63	48	4	64
63	91	4	64
63	134	4	64
63	177	4	64
170	1	4	64
170	44	4	64
170	87	4	64
170	130	4	64
170	173	4	64
170	5	4	64
170	48	4	64
170	91	4	64
170	134	4	64
170	177	4	64
277	1	4	64
277	44	4	64
277	87	4	64
277	130	4	64
277	173	4	64
277	5	4	64
277	48	4	64
277	91	4	64
277	134	4	64
277	177	4	64
384	1	4	64
384	44	4	64
384	87	4	64
384	130	4	64
384	173	4	64
384	5	4	64
384	48	4	64
384	91	4	64
384	134	4	64
384	177	4	64
491	1	4	64
491	44	4	64
491	87	4	64
491	130	4	64
491	173	4	64
491	5	4	64
491	48	4	64
491	91	4	64
491	134	4	64
491	177	4	64
64	28	4	65
64	71	4	65
64	114	4	65
64	157	4	65
64	200	4	65
171	28	4	65
171	71	4	65
171	114	4	65
171	157	4	65
171	200	4	65
278	28	4	65
278	71	4	65
278	114	4	65
278	157	4	65
278	200	4	65
385	28	4	65
385	71	4	65
385	114	4	65
385	157	4	65
385	200	4	65
492	28	4	65
492	71	4	65
492	114	4	65
492	157	4	65
492	200	4	65
65	28	4	66
65	71	4	66
65	114	4	66
65	157	4	66
65	200	4	66
172	28	4	66
172	71	4	66
172	114	4	66
172	157	4	66
172	200	4	66
279	28	4	66
279	71	4	66
279	114	4	66
279	157	4	66
279	200	4	66
386	28	4	66
386	71	4	66
386	114	4	66
386	157	4	66
386	200	4	66
493	28	4	66
493	71	4	66
493	114	4	66
493	157	4	66
493	200	4	66
66	14	4	67
66	57	4	67
66	100	4	67
66	143	4	67
66	186	4	67
173	14	4	67
173	57	4	67
173	100	4	67
173	143	4	67
173	186	4	67
280	14	4	67
280	57	4	67
280	100	4	67
280	143	4	67
280	186	4	67
387	14	4	67
387	57	4	67
387	100	4	67
387	143	4	67
387	186	4	67
494	14	4	67
494	57	4	67
494	100	4	67
494	143	4	67
494	186	4	67
67	1	4	68
67	44	4	68
67	87	4	68
67	130	4	68
67	173	4	68
67	32	4	68
67	75	4	68
67	118	4	68
67	161	4	68
67	204	4	68
174	1	4	68
174	44	4	68
174	87	4	68
174	130	4	68
174	173	4	68
174	32	4	68
174	75	4	68
174	118	4	68
174	161	4	68
174	204	4	68
281	1	4	68
281	44	4	68
281	87	4	68
281	130	4	68
281	173	4	68
281	32	4	68
281	75	4	68
281	118	4	68
281	161	4	68
281	204	4	68
388	1	4	68
388	44	4	68
388	87	4	68
388	130	4	68
388	173	4	68
388	32	4	68
388	75	4	68
388	118	4	68
388	161	4	68
388	204	4	68
495	1	4	68
495	44	4	68
495	87	4	68
495	130	4	68
495	173	4	68
495	32	4	68
495	75	4	68
495	118	4	68
495	161	4	68
495	204	4	68
68	28	4	69
68	71	4	69
68	114	4	69
68	157	4	69
68	200	4	69
175	28	4	69
175	71	4	69
175	114	4	69
175	157	4	69
175	200	4	69
282	28	4	69
282	71	4	69
282	114	4	69
282	157	4	69
282	200	4	69
389	28	4	69
389	71	4	69
389	114	4	69
389	157	4	69
389	200	4	69
496	28	4	69
496	71	4	69
496	114	4	69
496	157	4	69
496	200	4	69
69	38	4	70
69	81	4	70
69	124	4	70
69	167	4	70
69	210	4	70
176	38	4	70
176	81	4	70
176	124	4	70
176	167	4	70
176	210	4	70
283	38	4	70
283	81	4	70
283	124	4	70
283	167	4	70
283	210	4	70
390	38	4	70
390	81	4	70
390	124	4	70
390	167	4	70
390	210	4	70
497	38	4	70
497	81	4	70
497	124	4	70
497	167	4	70
497	210	4	70
70	24	4	71
70	67	4	71
70	110	4	71
70	153	4	71
70	196	4	71
177	24	4	71
177	67	4	71
177	110	4	71
177	153	4	71
177	196	4	71
284	24	4	71
284	67	4	71
284	110	4	71
284	153	4	71
284	196	4	71
391	24	4	71
391	67	4	71
391	110	4	71
391	153	4	71
391	196	4	71
498	24	4	71
498	67	4	71
498	110	4	71
498	153	4	71
498	196	4	71
71	30	4	72
71	73	4	72
71	116	4	72
71	159	4	72
71	202	4	72
178	30	4	72
178	73	4	72
178	116	4	72
178	159	4	72
178	202	4	72
285	30	4	72
285	73	4	72
285	116	4	72
285	159	4	72
285	202	4	72
392	30	4	72
392	73	4	72
392	116	4	72
392	159	4	72
392	202	4	72
499	30	4	72
499	73	4	72
499	116	4	72
499	159	4	72
499	202	4	72
72	24	4	73
72	67	4	73
72	110	4	73
72	153	4	73
72	196	4	73
179	24	4	73
179	67	4	73
179	110	4	73
179	153	4	73
179	196	4	73
286	24	4	73
286	67	4	73
286	110	4	73
286	153	4	73
286	196	4	73
393	24	4	73
393	67	4	73
393	110	4	73
393	153	4	73
393	196	4	73
500	24	4	73
500	67	4	73
500	110	4	73
500	153	4	73
500	196	4	73
73	14	4	74
73	57	4	74
73	100	4	74
73	143	4	74
73	186	4	74
180	14	4	74
180	57	4	74
180	100	4	74
180	143	4	74
180	186	4	74
287	14	4	74
287	57	4	74
287	100	4	74
287	143	4	74
287	186	4	74
394	14	4	74
394	57	4	74
394	100	4	74
394	143	4	74
394	186	4	74
501	14	4	74
501	57	4	74
501	100	4	74
501	143	4	74
501	186	4	74
74	28	4	75
74	71	4	75
74	114	4	75
74	157	4	75
74	200	4	75
181	28	4	75
181	71	4	75
181	114	4	75
181	157	4	75
181	200	4	75
288	28	4	75
288	71	4	75
288	114	4	75
288	157	4	75
288	200	4	75
395	28	4	75
395	71	4	75
395	114	4	75
395	157	4	75
395	200	4	75
502	28	4	75
502	71	4	75
502	114	4	75
502	157	4	75
502	200	4	75
75	1	4	76
75	44	4	76
75	87	4	76
75	130	4	76
75	173	4	76
75	28	4	76
75	71	4	76
75	114	4	76
75	157	4	76
75	200	4	76
182	1	4	76
182	44	4	76
182	87	4	76
182	130	4	76
182	173	4	76
182	28	4	76
182	71	4	76
182	114	4	76
182	157	4	76
182	200	4	76
289	1	4	76
289	44	4	76
289	87	4	76
289	130	4	76
289	173	4	76
289	28	4	76
289	71	4	76
289	114	4	76
289	157	4	76
289	200	4	76
396	1	4	76
396	44	4	76
396	87	4	76
396	130	4	76
396	173	4	76
396	28	4	76
396	71	4	76
396	114	4	76
396	157	4	76
396	200	4	76
503	1	4	76
503	44	4	76
503	87	4	76
503	130	4	76
503	173	4	76
503	28	4	76
503	71	4	76
503	114	4	76
503	157	4	76
503	200	4	76
76	21	4	77
76	64	4	77
76	107	4	77
76	150	4	77
76	193	4	77
183	21	4	77
183	64	4	77
183	107	4	77
183	150	4	77
183	193	4	77
290	21	4	77
290	64	4	77
290	107	4	77
290	150	4	77
290	193	4	77
397	21	4	77
397	64	4	77
397	107	4	77
397	150	4	77
397	193	4	77
504	21	4	77
504	64	4	77
504	107	4	77
504	150	4	77
504	193	4	77
77	1	4	78
77	44	4	78
77	87	4	78
77	130	4	78
77	173	4	78
184	1	4	78
184	44	4	78
184	87	4	78
184	130	4	78
184	173	4	78
291	1	4	78
291	44	4	78
291	87	4	78
291	130	4	78
291	173	4	78
398	1	4	78
398	44	4	78
398	87	4	78
398	130	4	78
398	173	4	78
505	1	4	78
505	44	4	78
505	87	4	78
505	130	4	78
505	173	4	78
78	33	4	79
78	76	4	79
78	119	4	79
78	162	4	79
78	205	4	79
185	33	4	79
185	76	4	79
185	119	4	79
185	162	4	79
185	205	4	79
292	33	4	79
292	76	4	79
292	119	4	79
292	162	4	79
292	205	4	79
399	33	4	79
399	76	4	79
399	119	4	79
399	162	4	79
399	205	4	79
506	33	4	79
506	76	4	79
506	119	4	79
506	162	4	79
506	205	4	79
79	33	4	80
79	76	4	80
79	119	4	80
79	162	4	80
79	205	4	80
186	33	4	80
186	76	4	80
186	119	4	80
186	162	4	80
186	205	4	80
293	33	4	80
293	76	4	80
293	119	4	80
293	162	4	80
293	205	4	80
400	33	4	80
400	76	4	80
400	119	4	80
400	162	4	80
400	205	4	80
507	33	4	80
507	76	4	80
507	119	4	80
507	162	4	80
507	205	4	80
80	22	4	81
80	65	4	81
80	108	4	81
80	151	4	81
80	194	4	81
187	22	4	81
187	65	4	81
187	108	4	81
187	151	4	81
187	194	4	81
294	22	4	81
294	65	4	81
294	108	4	81
294	151	4	81
294	194	4	81
401	22	4	81
401	65	4	81
401	108	4	81
401	151	4	81
401	194	4	81
508	22	4	81
508	65	4	81
508	108	4	81
508	151	4	81
508	194	4	81
81	12	4	82
81	55	4	82
81	98	4	82
81	141	4	82
81	184	4	82
188	12	4	82
188	55	4	82
188	98	4	82
188	141	4	82
188	184	4	82
295	12	4	82
295	55	4	82
295	98	4	82
295	141	4	82
295	184	4	82
402	12	4	82
402	55	4	82
402	98	4	82
402	141	4	82
402	184	4	82
509	12	4	82
509	55	4	82
509	98	4	82
509	141	4	82
509	184	4	82
82	7	4	83
82	50	4	83
82	93	4	83
82	136	4	83
82	179	4	83
189	7	4	83
189	50	4	83
189	93	4	83
189	136	4	83
189	179	4	83
296	7	4	83
296	50	4	83
296	93	4	83
296	136	4	83
296	179	4	83
403	7	4	83
403	50	4	83
403	93	4	83
403	136	4	83
403	179	4	83
510	7	4	83
510	50	4	83
510	93	4	83
510	136	4	83
510	179	4	83
83	15	4	84
83	58	4	84
83	101	4	84
83	144	4	84
83	187	4	84
190	15	4	84
190	58	4	84
190	101	4	84
190	144	4	84
190	187	4	84
297	15	4	84
297	58	4	84
297	101	4	84
297	144	4	84
297	187	4	84
404	15	4	84
404	58	4	84
404	101	4	84
404	144	4	84
404	187	4	84
511	15	4	84
511	58	4	84
511	101	4	84
511	144	4	84
511	187	4	84
84	2	4	85
84	45	4	85
84	88	4	85
84	131	4	85
84	174	4	85
191	2	4	85
191	45	4	85
191	88	4	85
191	131	4	85
191	174	4	85
298	2	4	85
298	45	4	85
298	88	4	85
298	131	4	85
298	174	4	85
405	2	4	85
405	45	4	85
405	88	4	85
405	131	4	85
405	174	4	85
512	2	4	85
512	45	4	85
512	88	4	85
512	131	4	85
512	174	4	85
85	16	4	86
85	59	4	86
85	102	4	86
85	145	4	86
85	188	4	86
192	16	4	86
192	59	4	86
192	102	4	86
192	145	4	86
192	188	4	86
299	16	4	86
299	59	4	86
299	102	4	86
299	145	4	86
299	188	4	86
406	16	4	86
406	59	4	86
406	102	4	86
406	145	4	86
406	188	4	86
513	16	4	86
513	59	4	86
513	102	4	86
513	145	4	86
513	188	4	86
86	1	4	87
86	44	4	87
86	87	4	87
86	130	4	87
86	173	4	87
86	31	4	87
86	74	4	87
86	117	4	87
86	160	4	87
86	203	4	87
193	1	4	87
193	44	4	87
193	87	4	87
193	130	4	87
193	173	4	87
193	31	4	87
193	74	4	87
193	117	4	87
193	160	4	87
193	203	4	87
300	1	4	87
300	44	4	87
300	87	4	87
300	130	4	87
300	173	4	87
300	31	4	87
300	74	4	87
300	117	4	87
300	160	4	87
300	203	4	87
407	1	4	87
407	44	4	87
407	87	4	87
407	130	4	87
407	173	4	87
407	31	4	87
407	74	4	87
407	117	4	87
407	160	4	87
407	203	4	87
514	1	4	87
514	44	4	87
514	87	4	87
514	130	4	87
514	173	4	87
514	31	4	87
514	74	4	87
514	117	4	87
514	160	4	87
514	203	4	87
87	15	4	88
87	58	4	88
87	101	4	88
87	144	4	88
87	187	4	88
194	15	4	88
194	58	4	88
194	101	4	88
194	144	4	88
194	187	4	88
301	15	4	88
301	58	4	88
301	101	4	88
301	144	4	88
301	187	4	88
408	15	4	88
408	58	4	88
408	101	4	88
408	144	4	88
408	187	4	88
515	15	4	88
515	58	4	88
515	101	4	88
515	144	4	88
515	187	4	88
88	1	4	89
88	44	4	89
88	87	4	89
88	130	4	89
88	173	4	89
88	5	4	89
88	48	4	89
88	91	4	89
88	134	4	89
88	177	4	89
195	1	4	89
195	44	4	89
195	87	4	89
195	130	4	89
195	173	4	89
195	5	4	89
195	48	4	89
195	91	4	89
195	134	4	89
195	177	4	89
302	1	4	89
302	44	4	89
302	87	4	89
302	130	4	89
302	173	4	89
302	5	4	89
302	48	4	89
302	91	4	89
302	134	4	89
302	177	4	89
409	1	4	89
409	44	4	89
409	87	4	89
409	130	4	89
409	173	4	89
409	5	4	89
409	48	4	89
409	91	4	89
409	134	4	89
409	177	4	89
516	1	4	89
516	44	4	89
516	87	4	89
516	130	4	89
516	173	4	89
516	5	4	89
516	48	4	89
516	91	4	89
516	134	4	89
516	177	4	89
89	40	4	90
89	83	4	90
89	126	4	90
89	169	4	90
89	212	4	90
196	40	4	90
196	83	4	90
196	126	4	90
196	169	4	90
196	212	4	90
303	40	4	90
303	83	4	90
303	126	4	90
303	169	4	90
303	212	4	90
410	40	4	90
410	83	4	90
410	126	4	90
410	169	4	90
410	212	4	90
517	40	4	90
517	83	4	90
517	126	4	90
517	169	4	90
517	212	4	90
90	1	4	91
90	44	4	91
90	87	4	91
90	130	4	91
90	173	4	91
90	5	4	91
90	48	4	91
90	91	4	91
90	134	4	91
90	177	4	91
90	31	4	91
90	74	4	91
90	117	4	91
90	160	4	91
90	203	4	91
197	1	4	91
197	44	4	91
197	87	4	91
197	130	4	91
197	173	4	91
197	5	4	91
197	48	4	91
197	91	4	91
197	134	4	91
197	177	4	91
197	31	4	91
197	74	4	91
197	117	4	91
197	160	4	91
197	203	4	91
304	1	4	91
304	44	4	91
304	87	4	91
304	130	4	91
304	173	4	91
304	5	4	91
304	48	4	91
304	91	4	91
304	134	4	91
304	177	4	91
304	31	4	91
304	74	4	91
304	117	4	91
304	160	4	91
304	203	4	91
411	1	4	91
411	44	4	91
411	87	4	91
411	130	4	91
411	173	4	91
411	5	4	91
411	48	4	91
411	91	4	91
411	134	4	91
411	177	4	91
411	31	4	91
411	74	4	91
411	117	4	91
411	160	4	91
411	203	4	91
518	1	4	91
518	44	4	91
518	87	4	91
518	130	4	91
518	173	4	91
518	5	4	91
518	48	4	91
518	91	4	91
518	134	4	91
518	177	4	91
518	31	4	91
518	74	4	91
518	117	4	91
518	160	4	91
518	203	4	91
91	27	4	92
91	70	4	92
91	113	4	92
91	156	4	92
91	199	4	92
198	27	4	92
198	70	4	92
198	113	4	92
198	156	4	92
198	199	4	92
305	27	4	92
305	70	4	92
305	113	4	92
305	156	4	92
305	199	4	92
412	27	4	92
412	70	4	92
412	113	4	92
412	156	4	92
412	199	4	92
519	27	4	92
519	70	4	92
519	113	4	92
519	156	4	92
519	199	4	92
92	5	4	93
92	48	4	93
92	91	4	93
92	134	4	93
92	177	4	93
92	9	4	93
92	52	4	93
92	95	4	93
92	138	4	93
92	181	4	93
199	5	4	93
199	48	4	93
199	91	4	93
199	134	4	93
199	177	4	93
199	9	4	93
199	52	4	93
199	95	4	93
199	138	4	93
199	181	4	93
306	5	4	93
306	48	4	93
306	91	4	93
306	134	4	93
306	177	4	93
306	9	4	93
306	52	4	93
306	95	4	93
306	138	4	93
306	181	4	93
413	5	4	93
413	48	4	93
413	91	4	93
413	134	4	93
413	177	4	93
413	9	4	93
413	52	4	93
413	95	4	93
413	138	4	93
413	181	4	93
520	5	4	93
520	48	4	93
520	91	4	93
520	134	4	93
520	177	4	93
520	9	4	93
520	52	4	93
520	95	4	93
520	138	4	93
520	181	4	93
93	5	4	94
93	48	4	94
93	91	4	94
93	134	4	94
93	177	4	94
200	5	4	94
200	48	4	94
200	91	4	94
200	134	4	94
200	177	4	94
307	5	4	94
307	48	4	94
307	91	4	94
307	134	4	94
307	177	4	94
414	5	4	94
414	48	4	94
414	91	4	94
414	134	4	94
414	177	4	94
521	5	4	94
521	48	4	94
521	91	4	94
521	134	4	94
521	177	4	94
94	37	4	95
94	80	4	95
94	123	4	95
94	166	4	95
94	209	4	95
201	37	4	95
201	80	4	95
201	123	4	95
201	166	4	95
201	209	4	95
308	37	4	95
308	80	4	95
308	123	4	95
308	166	4	95
308	209	4	95
415	37	4	95
415	80	4	95
415	123	4	95
415	166	4	95
415	209	4	95
522	37	4	95
522	80	4	95
522	123	4	95
522	166	4	95
522	209	4	95
95	23	4	96
95	66	4	96
95	109	4	96
95	152	4	96
95	195	4	96
202	23	4	96
202	66	4	96
202	109	4	96
202	152	4	96
202	195	4	96
309	23	4	96
309	66	4	96
309	109	4	96
309	152	4	96
309	195	4	96
416	23	4	96
416	66	4	96
416	109	4	96
416	152	4	96
416	195	4	96
523	23	4	96
523	66	4	96
523	109	4	96
523	152	4	96
523	195	4	96
96	28	4	97
96	71	4	97
96	114	4	97
96	157	4	97
96	200	4	97
203	28	4	97
203	71	4	97
203	114	4	97
203	157	4	97
203	200	4	97
310	28	4	97
310	71	4	97
310	114	4	97
310	157	4	97
310	200	4	97
417	28	4	97
417	71	4	97
417	114	4	97
417	157	4	97
417	200	4	97
524	28	4	97
524	71	4	97
524	114	4	97
524	157	4	97
524	200	4	97
97	28	4	98
97	71	4	98
97	114	4	98
97	157	4	98
97	200	4	98
204	28	4	98
204	71	4	98
204	114	4	98
204	157	4	98
204	200	4	98
311	28	4	98
311	71	4	98
311	114	4	98
311	157	4	98
311	200	4	98
418	28	4	98
418	71	4	98
418	114	4	98
418	157	4	98
418	200	4	98
525	28	4	98
525	71	4	98
525	114	4	98
525	157	4	98
525	200	4	98
98	33	4	99
98	76	4	99
98	119	4	99
98	162	4	99
98	205	4	99
205	33	4	99
205	76	4	99
205	119	4	99
205	162	4	99
205	205	4	99
312	33	4	99
312	76	4	99
312	119	4	99
312	162	4	99
312	205	4	99
419	33	4	99
419	76	4	99
419	119	4	99
419	162	4	99
419	205	4	99
526	33	4	99
526	76	4	99
526	119	4	99
526	162	4	99
526	205	4	99
99	28	4	100
99	71	4	100
99	114	4	100
99	157	4	100
99	200	4	100
206	28	4	100
206	71	4	100
206	114	4	100
206	157	4	100
206	200	4	100
313	28	4	100
313	71	4	100
313	114	4	100
313	157	4	100
313	200	4	100
420	28	4	100
420	71	4	100
420	114	4	100
420	157	4	100
420	200	4	100
527	28	4	100
527	71	4	100
527	114	4	100
527	157	4	100
527	200	4	100
100	16	4	101
100	59	4	101
100	102	4	101
100	145	4	101
100	188	4	101
207	16	4	101
207	59	4	101
207	102	4	101
207	145	4	101
207	188	4	101
314	16	4	101
314	59	4	101
314	102	4	101
314	145	4	101
314	188	4	101
421	16	4	101
421	59	4	101
421	102	4	101
421	145	4	101
421	188	4	101
528	16	4	101
528	59	4	101
528	102	4	101
528	145	4	101
528	188	4	101
101	29	4	102
101	72	4	102
101	115	4	102
101	158	4	102
101	201	4	102
208	29	4	102
208	72	4	102
208	115	4	102
208	158	4	102
208	201	4	102
315	29	4	102
315	72	4	102
315	115	4	102
315	158	4	102
315	201	4	102
422	29	4	102
422	72	4	102
422	115	4	102
422	158	4	102
422	201	4	102
529	29	4	102
529	72	4	102
529	115	4	102
529	158	4	102
529	201	4	102
102	28	4	103
102	71	4	103
102	114	4	103
102	157	4	103
102	200	4	103
209	28	4	103
209	71	4	103
209	114	4	103
209	157	4	103
209	200	4	103
316	28	4	103
316	71	4	103
316	114	4	103
316	157	4	103
316	200	4	103
423	28	4	103
423	71	4	103
423	114	4	103
423	157	4	103
423	200	4	103
530	28	4	103
530	71	4	103
530	114	4	103
530	157	4	103
530	200	4	103
103	1	4	104
103	44	4	104
103	87	4	104
103	130	4	104
103	173	4	104
210	1	4	104
210	44	4	104
210	87	4	104
210	130	4	104
210	173	4	104
317	1	4	104
317	44	4	104
317	87	4	104
317	130	4	104
317	173	4	104
424	1	4	104
424	44	4	104
424	87	4	104
424	130	4	104
424	173	4	104
531	1	4	104
531	44	4	104
531	87	4	104
531	130	4	104
531	173	4	104
104	29	4	105
104	72	4	105
104	115	4	105
104	158	4	105
104	201	4	105
104	42	4	105
104	85	4	105
104	128	4	105
104	171	4	105
104	214	4	105
211	29	4	105
211	72	4	105
211	115	4	105
211	158	4	105
211	201	4	105
211	42	4	105
211	85	4	105
211	128	4	105
211	171	4	105
211	214	4	105
318	29	4	105
318	72	4	105
318	115	4	105
318	158	4	105
318	201	4	105
318	42	4	105
318	85	4	105
318	128	4	105
318	171	4	105
318	214	4	105
425	29	4	105
425	72	4	105
425	115	4	105
425	158	4	105
425	201	4	105
425	42	4	105
425	85	4	105
425	128	4	105
425	171	4	105
425	214	4	105
532	29	4	105
532	72	4	105
532	115	4	105
532	158	4	105
532	201	4	105
532	42	4	105
532	85	4	105
532	128	4	105
532	171	4	105
532	214	4	105
105	1	4	106
105	44	4	106
105	87	4	106
105	130	4	106
105	173	4	106
212	1	4	106
212	44	4	106
212	87	4	106
212	130	4	106
212	173	4	106
319	1	4	106
319	44	4	106
319	87	4	106
319	130	4	106
319	173	4	106
426	1	4	106
426	44	4	106
426	87	4	106
426	130	4	106
426	173	4	106
533	1	4	106
533	44	4	106
533	87	4	106
533	130	4	106
533	173	4	106
106	1	4	107
106	44	4	107
106	87	4	107
106	130	4	107
106	173	4	107
106	11	4	107
106	54	4	107
106	97	4	107
106	140	4	107
106	183	4	107
213	1	4	107
213	44	4	107
213	87	4	107
213	130	4	107
213	173	4	107
213	11	4	107
213	54	4	107
213	97	4	107
213	140	4	107
213	183	4	107
320	1	4	107
320	44	4	107
320	87	4	107
320	130	4	107
320	173	4	107
320	11	4	107
320	54	4	107
320	97	4	107
320	140	4	107
320	183	4	107
427	1	4	107
427	44	4	107
427	87	4	107
427	130	4	107
427	173	4	107
427	11	4	107
427	54	4	107
427	97	4	107
427	140	4	107
427	183	4	107
534	1	4	107
534	44	4	107
534	87	4	107
534	130	4	107
534	173	4	107
534	11	4	107
534	54	4	107
534	97	4	107
534	140	4	107
534	183	4	107
107	1	4	108
107	44	4	108
107	87	4	108
107	130	4	108
107	173	4	108
214	1	4	108
214	44	4	108
214	87	4	108
214	130	4	108
214	173	4	108
321	1	4	108
321	44	4	108
321	87	4	108
321	130	4	108
321	173	4	108
428	1	4	108
428	44	4	108
428	87	4	108
428	130	4	108
428	173	4	108
535	1	4	108
535	44	4	108
535	87	4	108
535	130	4	108
535	173	4	108
\.


--
-- Name: dimdate_date_key_seq; Type: SEQUENCE SET; Schema: public; Owner: postgres
--

SELECT pg_catalog.setval('public.dimdate_date_key_seq', 4, true);


--
-- Name: dimgame_game_key_seq; Type: SEQUENCE SET; Schema: public; Owner: postgres
--

SELECT pg_catalog.setval('public.dimgame_game_key_seq', 535, true);


--
-- Name: dimgenre_genre_key_seq; Type: SEQUENCE SET; Schema: public; Owner: postgres
--

SELECT pg_catalog.setval('public.dimgenre_genre_key_seq', 215, true);


--
-- Name: dimdate dimdate_extraction_timestamp_key; Type: CONSTRAINT; Schema: public; Owner: postgres
--

ALTER TABLE ONLY public.dimdate
    ADD CONSTRAINT dimdate_extraction_timestamp_key UNIQUE (extraction_timestamp);


--
-- Name: dimdate dimdate_pkey; Type: CONSTRAINT; Schema: public; Owner: postgres
--

ALTER TABLE ONLY public.dimdate
    ADD CONSTRAINT dimdate_pkey PRIMARY KEY (date_key);


--
-- Name: dimgame dimgame_pkey; Type: CONSTRAINT; Schema: public; Owner: postgres
--

ALTER TABLE ONLY public.dimgame
    ADD CONSTRAINT dimgame_pkey PRIMARY KEY (game_key);


--
-- Name: dimgenre dimgenre_pkey; Type: CONSTRAINT; Schema: public; Owner: postgres
--

ALTER TABLE ONLY public.dimgenre
    ADD CONSTRAINT dimgenre_pkey PRIMARY KEY (genre_key);


--
-- Name: factgamerank factgamerank_pkey; Type: CONSTRAINT; Schema: public; Owner: postgres
--

ALTER TABLE ONLY public.factgamerank
    ADD CONSTRAINT factgamerank_pkey PRIMARY KEY (game_key, genre_key, date_key);


--
-- Name: factgamerank factgamerank_date_key_fkey; Type: FK CONSTRAINT; Schema: public; Owner: postgres
--

ALTER TABLE ONLY public.factgamerank
    ADD CONSTRAINT factgamerank_date_key_fkey FOREIGN KEY (date_key) REFERENCES public.dimdate(date_key);


--
-- Name: factgamerank factgamerank_game_key_fkey; Type: FK CONSTRAINT; Schema: public; Owner: postgres
--

ALTER TABLE ONLY public.factgamerank
    ADD CONSTRAINT factgamerank_game_key_fkey FOREIGN KEY (game_key) REFERENCES public.dimgame(game_key);


--
-- Name: factgamerank factgamerank_genre_key_fkey; Type: FK CONSTRAINT; Schema: public; Owner: postgres
--

ALTER TABLE ONLY public.factgamerank
    ADD CONSTRAINT factgamerank_genre_key_fkey FOREIGN KEY (genre_key) REFERENCES public.dimgenre(genre_key);


--
-- PostgreSQL database dump complete
--

